Keyword,Intent,Volume,Trend,Keyword Difficulty,CPC (USD),Competitive Density,SERP Features,Number of Results
map calculator,"Informational, Commercial",60500,"1.00,0.81,0.81,1.00,1.00,1.00,1.00,1.00,0.81,1.00,1.00,1.00",51,0.00,0.00,"Image, Image pack, Video, Related searches",327000000
how to calculate map,Informational,9900,"0.81,0.66,0.54,0.54,1.00,0.81,0.66,0.44,0.54,0.54,0.54,0.81",47,0.00,0.00,"AI Overview, Image, Image pack, Video, Video carousel, People also ask, Related searches",398000000
bp map calculator,"Informational, Commercial",6600,"0.54,0.54,0.66,0.66,1.00,0.66,0.44,0.54,0.66,0.54,0.36,0.29",24,1.52,0.00,"Image, Image pack, Video, Related searches",90100000
calculating map from blood pressure,Informational,6600,"0.24,0.04,0.08,0.01,1.00,0.81,1.00,0.81,0.81,0.00,0.02,0.00",49,0.00,0.00,"AI Overview, Image, Image pack, Video, Related searches",9140000
google maps distance calculator,"Informational, Transactional",6600,"0.24,0.13,0.19,0.24,0.10,0.44,0.54,0.44,0.44,0.19,0.44,1.00",90,0.43,0.00,"Sitelinks, Image, Video, People also ask, Related searches",51800000
map calculation,"Informational, Transactional",6600,"0.54,0.36,0.36,0.81,0.67,0.44,0.44,0.81,0.67,1.00,0.54,1.00",53,0.00,0.00,"Image, Image pack, Video, Video carousel, Related searches",1410000000
map calculator bp,"Informational, Commercial",6600,"0.81,1.00,0.54,0.66,0.44,0.54,0.29,0.44,0.36,0.54,0.44,0.44",27,1.52,0.00,"Image, Image pack, Video, People also ask, Related searches",104000000
calculate map,Informational,4400,"0.55,0.55,0.44,0.44,0.55,0.67,0.67,0.44,0.44,0.44,0.55,1.00",45,0.00,0.00,"Image, Image pack, Video, Related searches",2110000000
distance calculator map,"Informational, Commercial",4400,"0.81,0.67,0.54,0.81,0.81,0.81,0.54,0.36,0.54,0.67,1.00,0.43",71,0.72,0.01,"Sitelinks, Image, Video, Related searches",384000000
toll road calculator google maps,Informational,4400,"0.00,0.02,0.08,0.01,0.12,0.36,1.00,0.81,0.81,0.00,0.03,0.44",37,0.00,0.00,"Sitelinks, AI Overview, Video, Related searches",1090000
toll calculator on google maps,Informational,3600,"0.00,0.01,0.01,0.01,0.00,0.00,1.00,0.81,0.81,0.00,0.03,0.44",36,0.00,0.00,"Sitelinks, AI Overview, Video, Video carousel, People also ask, Related searches",3260000
map bp calculator,Informational,2900,"0.44,0.35,0.35,0.44,1.00,0.44,1.00,0.44,0.81,0.44,0.53,0.66",26,1.52,0.00,"Image, Image pack, Video, People also ask, Related searches",92900000
how to calculate map blood pressure,Informational,2400,"1.00,0.16,0.19,0.16,0.16,0.29,0.16,0.35,0.19,0.19,0.19,0.23",45,0.00,0.00,"Featured snippet, Image, Video, People also ask, Related searches",68200000
map blood pressure calculator,Informational,2400,"0.16,0.12,0.12,0.12,0.23,0.16,0.16,0.29,0.16,0.54,1.00,0.29",26,0.00,0.00,"Image, Image pack, Video, Related searches",16500000
map distance calculator,Informational,2400,"0.81,0.54,0.43,0.43,0.22,0.43,0.43,0.54,0.54,0.54,0.81,1.00",63,0.72,0.01,"Sitelinks, Video, Related searches",230000000
calculating map,Informational,1900,"0.65,1.00,0.65,0.65,0.44,0.44,0.56,0.65,0.65,0.56,0.65,0.65",45,0.00,0.00,"AI Overview, Image, Video, Short videos, Related searches",897000000
distance calculator google maps,"Informational, Transactional",1900,"0.20,0.13,0.16,0.36,0.16,0.52,0.44,0.80,0.66,0.80,1.00,0.66",82,0.43,0.00,"Image, Video, Related searches",42400000
google map distance calculator,Informational,1900,"0.20,0.16,0.20,0.29,0.36,0.29,0.54,0.29,0.29,1.00,1.00,0.81",68,0.43,0.00,"Sitelinks, Image, Video, Related searches",189000000
google maps toll calculator,Informational,1900,"0.18,0.35,0.10,0.18,0.29,0.07,0.44,0.66,0.35,0.66,0.13,1.00",32,0.00,0.00,"Sitelinks, AI Overview, Video, Video carousel, Related searches",2390000
how to calculate distance on google maps,Informational,1900,"0.00,0.02,0.16,1.00,0.80,0.27,0.18,1.00,0.66,0.80,0.52,0.27",50,0.55,0.00,"AI Overview, Video, Video carousel, Related searches",234000000
karnaugh map calculator,"Informational, Commercial",1900,"1.00,0.30,0.30,0.23,0.44,0.35,0.30,0.04,0.06,0.06,0.04,0.35",11,0.00,0.00,"Image pack, Video, Related searches",10
toll calculator google maps,"Informational, Commercial",1900,"0.05,0.04,0.28,0.15,0.00,0.66,0.24,0.07,0.81,0.00,1.00,0.05",33,0.00,0.00,"Sitelinks, Video, People also ask, Related searches",2940000
blood pressure map calculator,Informational,1600,"0.44,0.27,0.36,0.27,0.44,0.36,0.44,0.52,0.52,0.52,1.00,0.36",26,0.00,0.00,"Image, Image pack, Video, People also ask, Related searches",50200000
calculate map from blood pressure,Informational,1600,"0.24,0.43,0.19,0.19,1.00,0.10,0.03,0.04,0.03,0.07,0.05,0.00",56,0.00,0.00,"Sitelinks, AI Overview, Image, Image pack, Video, People also ask, Related searches",26100000
how do you calculate map,Informational,1600,"0.45,0.83,0.15,0.34,0.83,0.15,0.66,0.66,0.45,1.00,0.19,0.25",40,0.00,0.00,"AI Overview, Image, Image pack, Video, Video carousel, People also ask, Related searches",440000000
k map calculator,"Informational, Commercial",1600,"1.00,0.35,0.29,0.05,0.18,0.10,0.08,0.24,0.07,0.08,0.05,0.44",16,0.00,0.00,"Sitelinks, Video, People also ask, Related searches",423000000
calculate map bp,Informational,1300,"0.42,0.42,0.36,0.78,0.42,1.00,0.53,0.53,0.42,1.00,0.42,0.53",50,1.52,0.00,"Sitelinks, AI Overview, Image, Image pack, Video, People also ask, Related searches",60400000
distance map calculator,"Informational, Commercial",1300,"1.00,0.36,0.41,0.67,0.41,0.41,0.55,0.67,0.36,0.55,0.79,0.41",68,0.72,0.01,"Sitelinks, Video, Related searches",674000000
google maps area calculator,"Informational, Commercial",1300,"0.41,0.41,0.30,0.36,0.55,0.55,1.00,0.55,0.67,0.79,0.55,0.67",61,0.32,0.04,"Sitelinks, Video, People also ask, Related searches",144000000
google maps driving distance calculator,"Informational, Transactional",1300,"0.34,0.34,0.24,0.34,0.34,0.44,0.30,0.30,1.00,0.65,0.44,0.55",66,0.52,0.00,"Sitelinks, AI Overview, Image, Image pack, Video, People also ask, Related searches",10
google maps toll road calculator,Informational,1300,"0.03,0.04,0.19,0.02,0.01,0.81,0.03,0.03,0.08,0.01,0.07,1.00",36,0.00,0.00,"Sitelinks, Video, People also ask, Related searches",156000
map calculator blood pressure,"Informational, Commercial",1300,"0.44,0.30,0.30,0.13,0.34,0.55,1.00,0.55,0.44,1.00,1.00,0.65",26,0.00,0.00,"Image, Image pack, Video, People also ask, Related searches",73200000
map calculator nursing,"Informational, Commercial",1300,"1.00,1.00,1.00,0.67,1.00,1.00,0.76,1.00,1.00,1.00,0.76,1.00",25,0.00,0.00,"Image, Video, Video carousel, People also ask, Related searches",88000000
area calculator map,"Informational, Commercial",1000,"0.52,0.46,0.46,0.38,0.52,0.46,1.00,0.20,0.68,0.52,0.52,0.38",60,0.47,0.04,"Sitelinks, Image, Image pack, Video, Related searches",474000000
calculate map for blood pressure,Informational,1000,"0.66,1.00,0.54,0.10,0.24,0.30,0.54,0.41,0.54,0.66,0.30,0.10",32,0.00,0.00,"AI Overview, Image, Video, Related searches",22600000
calculating map for blood pressure,Informational,1000,"0.00,0.00,0.00,0.00,0.00,0.00,0.00,0.00,1.00,0.00,0.00,0.00",42,0.00,0.00,"AI Overview, Image, Image pack, Video, Related searches",17800000
google maps acreage calculator,Informational,1000,"1.00,0.81,0.62,0.81,0.62,0.62,0.24,0.81,0.30,0.24,0.37,1.00",58,0.32,0.04,"Sitelinks, AI Overview, Video, People also ask, Related searches",144000000
google maps calculate area,Informational,1000,"0.31,0.16,0.16,0.20,0.52,1.00,0.84,0.84,0.52,0.52,0.52,0.46",41,0.40,0.03,"Sitelinks, AI Overview, Image, Video, Short videos, Related searches",154000000
google maps calculate distance,Informational,1000,"0.02,0.00,0.20,0.34,0.20,0.30,0.34,0.82,0.44,1.00,0.34,0.24",74,0.43,0.00,"Sitelinks, AI Overview, Image, Video, Related searches",9
halfway point between two places calculator google maps,Informational,1000,"0.41,0.41,0.36,0.36,0.30,0.41,0.36,0.41,0.41,0.54,0.54,1.00",18,0.00,0.00,"Sitelinks, Image, Video, People also ask, Related searches",555000
how do i calculate map,Informational,1000,"0.03,0.07,0.16,0.01,0.00,0.01,0.01,1.00,0.03,0.00,0.00,0.00",35,0.00,0.00,"AI Overview, Image, Image pack, Video, Video carousel, Related searches",454000000
how to calculate map bp,Informational,1000,"0.68,0.77,0.68,0.77,1.00,0.68,0.56,0.44,0.56,0.77,0.77,1.00",41,0.00,0.00,"AI Overview, Image, Image pack, Video, Related searches",45100000
land area calculator google maps,"Informational, Commercial",1000,"0.24,0.13,0.30,0.05,0.44,0.55,1.00,0.65,0.13,0.04,0.24,0.55",61,0.32,0.04,"Image, Video, People also ask, Related searches",56500000
map calculation blood pressure,"Informational, Commercial",1000,"0.04,0.03,0.35,0.08,0.07,1.00,0.03,0.04,0.03,0.03,0.18,0.13",61,0.00,0.00,"Image, Image pack, Video, People also ask, Related searches",247000000
map calculator pressure,"Informational, Commercial",1000,"0.10,0.07,0.24,0.03,1.00,0.03,0.01,0.03,0.08,0.02,0.16,0.02",23,0.00,0.00,"Image, Image pack, Video, People also ask, Related searches",28700000
calculated map,Informational,880,"1.00,0.00,0.08,0.00,0.00,0.00,0.00,0.00,0.00,0.00,0.15,0.00",63,0.00,0.00,"Image, Image pack, Video, Related searches",1010000000
google maps area calculator tool,"Informational, Commercial",880,"0.76,0.46,0.54,0.46,0.54,0.37,1.00,0.76,0.54,0.68,0.46,0.68",62,0.39,0.04,"Sitelinks, Video, People also ask, Related searches",36900000
map area calculator,"Informational, Commercial",880,"0.16,0.55,0.36,0.36,0.36,0.62,1.00,0.36,0.81,0.62,0.45,0.62",59,0.45,0.05,"Sitelinks, Video, Related searches",451000000
map with distance calculator,"Informational, Commercial",880,"0.81,0.20,0.30,0.55,0.55,0.81,0.62,0.62,1.00,0.81,0.55,0.55",62,0.71,0.00,"Sitelinks, Image, Video, Video carousel, People also ask, Related searches",273000000
maps distance calculator,"Informational, Commercial",880,"0.25,0.37,0.68,0.52,0.46,0.20,0.31,0.84,0.46,1.00,0.25,0.07",73,0.72,0.01,"Sitelinks, Image, Video, People also ask, Related searches",96800000
radius calculator map,"Informational, Commercial",880,"0.72,0.59,0.88,0.59,0.88,1.00,0.88,0.88,0.72,1.00,1.00,1.00",34,0.00,0.00,"Sitelinks, Image, Image pack, Video, Related searches",30400000
acreage calculator map,"Informational, Commercial",720,"0.76,0.06,0.07,0.54,0.19,0.54,0.54,1.00,0.68,0.68,1.00,0.46",58,0.45,0.05,"Sitelinks, Video, People also ask, Related searches",459000000
calculate distance on google maps,Informational,720,"0.62,0.55,0.55,0.62,0.01,0.37,0.30,0.06,0.37,1.00,1.00,0.00",69,0.43,0.00,"Sitelinks, Image, Video, Short videos, People also ask, Related searches",87400000
calculate tolls on google maps,Informational,720,"0.04,0.04,0.07,0.02,0.02,0.54,1.00,0.07,0.05,0.02,0.07,0.02",35,0.00,0.00,"Sitelinks, Image, Video, Video carousel, People also ask, Related searches",354000
election map calculator,"Informational, Commercial",720,"0.01,1.00,0.00,0.00,0.00,0.00,0.00,0.00,0.00,0.00,0.00,0.00",49,0.00,0.00,"Sitelinks, Related searches",57100000
electoral map calculator,Informational,720,"0.36,1.00,0.00,0.00,0.00,0.00,0.00,0.00,0.00,0.00,0.00,0.00",47,0.00,0.00,"Sitelinks, Related searches",1120000
map calculator for bp,"Informational, Commercial",720,"0.77,0.77,0.77,0.77,1.00,0.77,0.77,0.62,0.77,1.00,1.00,1.00",24,1.52,0.00,"Image, Image pack, Video, People also ask, Related searches",149000000
map radius calculator,"Informational, Commercial",720,"1.00,0.83,1.00,1.00,0.67,0.83,0.67,1.00,1.00,1.00,0.83,0.83",55,2.32,0.01,"Sitelinks, Video, Video carousel, People also ask, Related searches",35100000
mileage calculator google maps,Informational,720,"0.20,0.10,0.08,0.20,0.16,0.02,0.24,0.20,0.41,0.54,0.54,1.00",70,0.71,0.00,"AI Overview, Video, People also ask, Related searches",3560000
calculate distance google maps,Informational,590,"1.00,0.89,0.73,1.00,0.26,0.73,0.48,0.00,0.26,0.13,0.58,0.00",82,0.62,0.00,"Sitelinks, AI Overview, Image, Video, People also ask, Related searches, Questions and answers",95000000
google map area calculator,"Informational, Commercial",590,"0.55,0.30,0.30,0.62,0.04,0.00,0.13,0.00,1.00,0.62,0.81,0.81",60,0.32,0.04,"Sitelinks, Video, People also ask, Related searches",572000000
map calculation formula,Informational,590,"0.67,0.67,0.67,0.67,0.82,0.82,0.67,0.54,0.54,0.54,0.67,1.00",57,0.00,0.00,"AI Overview, Image, Image pack, Video, Related searches",878000000
map pressure calculator,Informational,590,"0.13,0.11,0.08,0.34,0.13,0.24,0.13,0.55,0.44,0.24,1.00,0.16",27,0.00,0.00,"Image, Image pack, Video, People also ask, Related searches",311000000
map.calculator,"Informational, Commercial",590,"0.81,0.66,0.81,0.81,0.81,1.00,0.81,0.81,0.66,1.00,1.00,1.00",42,0.00,0.00,"Image, Video, People also ask",466000000
mile calculator map,"Informational, Commercial",590,"0.80,1.00,0.67,0.28,0.54,1.00,0.35,0.67,0.43,1.00,1.00,0.54",65,0.68,0.02,"Sitelinks, Image, Video, Related searches",66200000
area calculator google maps,"Informational, Commercial",480,"0.39,1.00,0.39,0.07,0.32,0.59,0.47,1.00,0.32,0.21,0.47,0.26",56,0.40,0.03,"Sitelinks, Image, Image pack, Video, Related searches",10
area map calculator,"Informational, Commercial",480,"0.29,1.00,0.15,0.29,0.36,0.67,1.00,0.82,1.00,0.82,0.67,1.00",59,0.45,0.05,"Sitelinks, Video, Related searches",447000000
calculate lawn size google maps,Informational,480,"0.32,0.11,0.07,0.13,0.32,0.72,1.00,0.88,0.72,0.47,0.59,0.47",18,0.45,0.10,"Sitelinks, AI Overview, Video, People also ask, Related searches",1530000
calculate map pressure,Informational,480,"1.00,0.02,0.07,0.04,0.16,0.03,0.03,0.04,0.04,0.05,0.07,0.08",37,0.00,0.00,"AI Overview, Image, Image pack, Video, Related searches",93700000
electoral college map calculator,Navigational,480,"0.07,1.00,0.00,0.00,0.00,0.00,0.00,0.00,0.00,0.00,0.00,0.00",58,0.00,0.00,"Sitelinks, Image pack, Video, Related searches",145000
google maps calculate tolls,Informational,480,"0.00,0.36,0.45,0.30,0.04,0.10,0.81,0.10,0.13,0.06,1.00,0.10",32,0.00,0.00,"Sitelinks, AI Overview, Image, Video, Video carousel, Related searches",357000
how to calculate map from blood pressure,Informational,480,"0.67,0.44,0.67,0.54,1.00,0.54,0.67,0.44,0.54,0.83,0.67,1.00",56,0.00,0.00,"AI Overview, Image, Image pack, Video, Related searches",65700000
how to calculate map pressure,Informational,480,"0.16,0.05,1.00,0.30,0.24,0.20,0.36,0.16,0.08,0.08,0.01,0.00",41,0.00,0.00,"Featured snippet, AI Overview, Image, Video, Related searches",96300000
map arterial pressure calculator,Informational,480,"0.13,0.13,0.00,0.13,0.25,0.00,0.00,0.00,0.00,0.00,1.00,0.00",39,0.00,0.00,"Image, Image pack, Video, People also ask, Related searches",122000
map of blood pressure calculator,"Informational, Commercial",480,"0.30,1.00,0.16,0.41,0.05,0.04,0.08,0.08,0.08,0.04,0.16,0.01",24,0.00,0.00,"Image, Image pack, Video, Related searches",15400000
radius map calculator,"Informational, Commercial",480,"0.54,0.29,0.23,0.67,0.36,0.36,0.36,0.54,0.54,0.67,1.00,0.44",50,4.62,0.00,"Sitelinks, Video, People also ask, Related searches",46200000
as the crow flies map calculator,Informational,390,"0.30,0.20,0.67,0.13,0.13,0.06,0.02,0.16,0.36,0.08,0.36,1.00",52,0.00,0.00,"Sitelinks, Image, Video, People also ask, Related searches",1880000
calculate distance on map,"Informational, Commercial",390,"0.18,0.29,0.24,0.18,0.24,0.29,0.82,1.00,1.00,0.55,0.00,0.55",62,0.72,0.01,"Image, Video, Related searches",179000000
calculate distance ran on google maps,Informational,390,"0.13,0.06,0.13,0.06,0.20,1.00,0.36,0.45,0.67,0.13,0.10,0.36",65,0.62,0.01,"Sitelinks, AI Overview, Video, People also ask, Related searches",555000000
calculate distance using google maps,Informational,390,"0.45,1.00,0.76,0.16,0.13,0.24,0.24,0.20,0.16,0.20,0.20,0.20",62,0.00,0.00,"AI Overview, Video, Related searches",94600000
calculate radius on map,Informational,390,"0.04,0.47,0.47,0.07,0.59,0.72,0.32,0.08,0.04,0.07,0.17,1.00",38,4.62,0.01,"Sitelinks, AI Overview, Video, Related searches",59500000
calculate the map,Informational,390,"0.19,1.00,0.31,0.69,0.13,0.19,0.00,0.25,0.44,0.13,0.06,0.13",61,0.00,0.00,"Image, Image pack, Video, People also ask, Related searches",427000000
calculate tolls google maps,Informational,390,"0.44,0.02,0.00,1.00,0.25,0.05,0.56,0.07,0.68,0.02,0.44,0.00",32,0.00,0.00,"Sitelinks, AI Overview, Video, Video carousel, People also ask, Related searches",354000
distance calculator from map,"Informational, Commercial",390,"1.00,0.29,0.65,0.55,0.00,0.00,0.00,0.00,0.00,0.00,0.00,0.00",63,0.72,0.01,"Sitelinks, Image, Video, Related searches",284000000
how do you calculate the map,Informational,390,"0.05,0.02,0.00,0.03,0.07,0.13,1.00,0.13,0.54,0.03,0.00,0.00",50,0.00,0.00,"AI Overview, Image pack, Video, Related searches",413000000
how to calculate blood pressure map,Informational,390,"0.82,0.54,0.67,0.36,1.00,0.36,0.82,0.67,0.29,0.54,0.24,0.54",11,0.00,0.00,"Sitelinks, Image, Image pack, Video, Related searches",10
how to calculate bp map,Informational,390,"0.30,0.44,0.44,1.00,0.82,0.30,0.30,0.44,0.24,0.67,0.19,0.16",52,0.00,0.00,"AI Overview, Image, Video, People also ask, Related searches",49100000
map calculate,Informational,390,"0.08,0.07,0.52,0.07,1.00,0.08,0.08,0.05,0.07,0.13,0.07,0.11",46,0.00,0.00,"Image, Image pack, Video, Related searches",1440000000
map calculation for bp,Informational,390,"0.81,1.00,0.81,0.66,0.35,0.35,0.44,0.66,0.66,0.81,0.66,1.00",60,0.00,0.00,"Image, Image pack, Video, People also ask, Related searches",37300000
map calculator for blood pressure,"Informational, Commercial",390,"0.56,0.22,0.44,0.14,0.28,0.56,0.56,0.44,0.28,1.00,0.56,0.56",20,0.00,0.00,"Image, Image pack, Video, Related searches",9
map mileage calculator,"Informational, Commercial",390,"0.26,0.00,0.00,0.00,0.32,0.72,0.59,0.72,0.32,0.32,0.48,1.00",66,0.93,0.02,"Sitelinks, Image, Video, Video carousel, Related searches",40100000
mile map calculator,"Informational, Commercial",390,"0.11,0.13,0.39,0.21,0.32,1.00,0.21,0.59,0.26,0.26,0.32,0.32",65,0.93,0.02,"Sitelinks, Video, Related searches",62500000
acre calculator map,"Informational, Commercial",320,"0.44,0.44,0.13,0.10,0.24,0.55,0.36,1.00,0.44,0.30,0.36,0.44",57,0.53,0.05,"Sitelinks, Image, Image pack, Video, Related searches",29500000
area calculator using google maps,"Informational, Commercial",320,"0.17,1.00,0.88,0.17,0.21,0.13,0.11,0.26,0.21,0.13,0.72,0.11",64,0.40,0.03,"Sitelinks, Video, People also ask, Related searches",271000000
calculate map blood pressure,Informational,320,"0.13,0.04,0.17,0.04,0.83,0.54,1.00,0.33,0.17,0.17,0.29,0.29",54,0.00,0.00,"Sitelinks, AI Overview, Image, Image pack, Video, People also ask, Related searches",25800000
calculate map formula,Informational,320,"0.66,0.54,0.35,0.81,1.00,0.54,1.00,0.66,0.43,0.81,0.54,1.00",34,0.00,0.00,"AI Overview, Image, Image pack, Video, Video carousel, People also ask, Related searches",174000000
calculate map mean arterial pressure,Informational,320,"0.37,0.04,0.37,0.11,0.04,0.00,0.11,0.89,1.00,0.11,0.11,0.11",66,0.00,0.00,"AI Overview, Image, Image pack, Video, Knowledge panel, Discussions and forums, Related searches",524000
calculation for map,Informational,320,"0.18,0.01,0.11,0.18,0.54,0.81,0.81,0.54,0.66,1.00,0.54,0.81",41,0.00,0.00,"AI Overview, Image, Image pack, Video, People also ask, Related searches",189000000
drive time calculator google maps,"Informational, Transactional",320,"0.12,0.15,0.19,0.29,0.36,0.36,0.44,0.44,0.81,1.00,0.81,0.81",68,0.00,0.00,"Sitelinks, Video, Related searches",81500000
google maps mileage calculator,Informational,320,"0.36,0.30,0.45,0.08,0.02,0.24,0.00,0.00,0.67,0.55,1.00,0.76",71,0.75,0.00,"Video, People also ask, Related searches",2690000
google maps with toll calculator,Informational,320,"0.00,0.14,0.39,0.48,0.88,1.00,0.59,0.39,0.26,0.72,0.26,0.88",30,0.00,0.00,"Sitelinks, Image pack, Video, Related searches",3100000
how do i calculate distance on google maps,Informational,320,"1.00,0.25,0.50,0.81,0.19,0.00,0.00,0.00,0.00,0.00,0.00,0.00",34,0.59,0.00,"AI Overview, Video, Video carousel, People also ask, Related searches",93100000
how to calculate map for blood pressure,Informational,320,"0.20,0.30,0.36,0.08,0.20,0.45,0.20,0.30,0.30,0.45,0.13,1.00",36,0.00,0.00,"AI Overview, Image, Image pack, Video, Related searches",85800000
how to calculate the map of blood pressure,Informational,320,"0.16,0.08,0.36,0.24,0.45,0.20,0.16,0.16,0.06,1.00,0.20,0.20",31,0.00,0.00,"AI Overview, Image, Video, People also ask",
k map calculator online,"Informational, Commercial",320,"0.00,0.20,0.52,0.08,0.08,0.08,0.13,0.11,0.11,0.07,0.05,1.00",14,0.00,0.00,"Sitelinks, Video, Related searches",84900000
karnaugh map calculator online,"Informational, Commercial",320,"0.00,0.20,0.52,0.08,0.02,0.16,0.05,0.11,0.31,0.07,0.05,1.00",11,0.00,0.00,"Sitelinks, Video, Related searches",26600
mape calculation,Informational,320,"0.82,0.82,0.52,1.00,0.82,0.82,0.66,0.66,0.66,0.66,0.52,0.52",29,0.00,0.00,"Featured snippet, Video, Related searches",2410000
maps area calculator,"Informational, Commercial",320,"0.24,0.44,0.81,0.81,0.08,0.54,0.29,0.66,1.00,0.36,0.08,0.15",54,0.47,0.04,"Sitelinks, Image, Video, Related searches",189000000
nautical distance calculator map,Informational,320,"0.66,0.66,0.54,0.54,0.54,1.00,0.54,0.54,0.66,0.81,0.54,0.66",42,1.01,0.11,"Sitelinks, AI Overview, Video, People also ask, Related searches",4610000
air mile calculator map,"Informational, Commercial",260,"1.00,0.80,1.00,1.00,0.65,0.80,0.52,0.65,0.80,0.80,0.80,1.00",64,0.00,0.00,"Sitelinks, Image pack, Video, Related searches",25400000
calculate area google maps,Informational,260,"1.00,0.44,0.54,0.44,0.23,0.36,0.23,0.07,0.12,0.15,0.01,0.23",52,0.43,0.04,"Sitelinks, AI Overview, Image pack, Video, Related searches, Questions and answers",168000000
calculate area on google maps,Informational,260,"0.24,0.19,0.15,0.54,0.19,0.44,0.00,0.67,0.07,0.54,1.00,0.44",53,0.32,0.04,"Sitelinks, AI Overview, Video, People also ask, Related searches",160000000
calculate walking distance google maps,Informational,260,"0.80,0.65,0.65,0.65,0.80,1.00,0.80,0.65,0.65,0.52,0.52,0.52",71,0.88,0.03,"Sitelinks, AI Overview, Video, Related searches",142000000
fuel cost calculator google maps,Informational,260,"0.15,0.36,0.81,1.00,0.19,0.66,0.23,0.29,0.66,0.06,0.12,0.12",48,0.00,0.00,"AI Overview, Image, Video, People also ask, Related searches",6140000
google map toll calculator,Informational,260,"0.44,0.36,0.44,1.00,0.00,0.01,0.81,0.00,0.81,0.01,0.00,0.00",38,0.00,0.00,"Sitelinks, AI Overview, Image, Video, People also ask, Related searches",30700000
google maps square footage calculator,"Informational, Transactional",260,"0.43,0.35,0.28,0.53,0.66,1.00,1.00,1.00,1.00,1.00,1.00,0.82",55,0.53,0.02,"Sitelinks, Video, Video carousel, People also ask, Related searches",9520000
how to calculate map in blood pressure,Informational,260,"0.26,0.11,0.32,0.21,1.00,0.07,0.09,0.11,0.21,0.14,0.09,0.11",36,0.00,0.00,"AI Overview, Image, Image pack, Video, People also ask, Related searches",93400000
how to calculate map of bp,Informational,260,"0.32,0.17,0.09,0.04,0.14,1.00,0.48,0.05,0.04,0.07,0.03,0.03",33,0.00,0.00,"AI Overview, Image, Image pack, Video, Related searches",50200000
how to calculate the map,Informational,260,"0.62,1.00,0.62,0.15,0.62,0.46,0.00,0.23,0.62,0.46,0.46,0.62",37,0.00,0.00,"AI Overview, Image, Image pack, Video, Video carousel, People also ask, Discussions and forums, Related searches",381000000
k mapping calculator,"Informational, Commercial",260,"0.81,0.31,0.19,0.13,1.00,0.31,0.31,0.19,0.06,0.06,0.06,0.19",10,0.00,0.00,"Sitelinks, Video, Related searches",452000000
k-map calculator,"Informational, Commercial",260,"0.01,0.00,0.00,0.00,0.16,0.00,0.00,0.00,0.00,0.00,0.00,1.00",12,0.00,0.00,"Sitelinks, Video, Related searches",9
map calculator mdcalc,"Navigational, Transactional",260,"0.81,0.81,0.65,1.00,0.65,0.81,0.81,1.00,0.65,0.81,0.81,0.81",46,0.00,0.00,"Sitelinks, Image pack, Video, Related searches",15800
map scale calculator,"Informational, Commercial",260,"0.82,0.52,0.52,0.82,0.43,1.00,1.00,0.82,0.52,0.52,1.00,1.00",19,0.00,0.00,"Image pack, Video, People also ask, Related searches",180000000
miles calculator map,"Informational, Commercial",260,"0.29,0.19,0.13,0.15,0.44,0.54,0.67,1.00,0.29,0.24,0.24,0.24",70,0.00,0.01,"Sitelinks, Image, Video, People also ask, Related searches",111000000
satisfactory calculator interactive map,Informational,260,"1.00,1.00,1.00,0.81,0.36,0.43,0.36,0.22,0.53,0.81,0.81,0.81",34,0.00,0.00,"Sitelinks, Video, Related searches",814000
square footage map calculator,"Informational, Commercial",260,"0.22,0.10,0.22,0.18,0.54,0.43,1.00,0.81,0.66,0.81,0.54,0.54",58,0.73,0.03,"Sitelinks, Video, Video carousel, People also ask, Related searches",53400000
travel time calculator google maps,Informational,260,"0.29,0.29,0.44,0.36,0.44,0.36,0.29,0.66,0.54,1.00,0.19,0.19",72,0.00,0.00,"AI Overview, Video, Related searches",30100000
acreage map calculator,"Informational, Commercial",210,"0.43,0.22,0.54,0.29,0.22,0.35,0.54,0.54,0.54,0.81,0.43,1.00",58,0.53,0.05,"Sitelinks, Image pack, Video, Related searches",20700000
american airlines miles calculator map,"Informational, Transactional",210,"0.36,0.43,0.53,0.53,1.00,0.43,0.43,0.43,0.43,0.53,0.53,0.36",61,0.00,0.00,"AI Overview, Image pack, Video, Related searches",2620000
area calculator maps,"Informational, Commercial",210,"1.00,0.80,0.53,1.00,0.00,0.03,0.03,0.43,0.03,0.03,0.10,0.00",55,0.53,0.05,"Sitelinks, Image, Image pack, Video, Related searches",79400000
calculate distance between two points google maps,Informational,210,"0.82,0.66,0.66,0.66,0.43,1.00,0.66,0.23,0.66,0.43,0.66,0.43",52,0.00,0.00,"Video, Related searches, Questions and answers",61400000
calculate distance in google maps,Informational,210,"0.66,0.81,0.00,0.19,0.00,0.06,0.06,1.00,0.19,0.06,0.05,0.00",67,0.43,0.00,"AI Overview, Image, Video, Related searches",92200000
calculate distance map,"Informational, Commercial",210,"0.13,0.24,0.55,1.00,0.02,0.00,0.00,0.00,0.00,0.00,0.03,0.00",65,0.71,0.00,"Sitelinks, Image, Image pack, Video, Related searches",10
calculate distance walked on google maps,Informational,210,"0.19,0.10,0.19,0.10,0.29,0.12,0.10,0.07,1.00,0.07,0.15,0.23",72,0.62,0.01,"Sitelinks, AI Overview, Video, People also ask, Discussions and forums, Related searches",51100000
calculate map distance,Informational,210,"1.00,1.00,0.80,0.36,0.00,0.44,1.00,0.00,0.00,0.00,0.00,0.00",65,0.72,0.01,"Sitelinks, Video, Video carousel, Related searches",662000000
calculate radius on a map,"Informational, Commercial",210,"0.00,0.13,0.26,0.00,0.26,0.72,0.00,0.00,0.00,0.00,0.00,1.00",45,0.00,0.00,"Sitelinks, AI Overview, Video, Related searches, Questions and answers, Ads top, Ads bottom",50800000
calculating map pressure,Informational,210,"1.00,0.10,0.40,0.25,0.20,0.25,0.15,0.80,0.25,0.20,0.25,0.25",56,0.00,0.00,"AI Overview, Image, Image pack, Video, Related searches",55100000
distance calculate in google map,Informational,210,"0.00,0.00,0.00,0.00,0.00,0.00,0.00,0.00,1.00,0.00,0.00,0.00",62,0.43,0.00,"Sitelinks, AI Overview, Video, Related searches",40300000
google maps calculate walking distance,Informational,210,"0.28,0.15,0.28,0.15,0.44,0.18,0.44,0.44,1.00,0.11,0.23,0.35",69,0.62,0.01,"Sitelinks, AI Overview, Image, Video, Related searches",96300000
how is map calculated,Informational,210,"1.00,0.80,0.65,0.80,1.00,1.00,1.00,0.80,0.80,0.80,1.00,1.00",50,0.00,0.00,"AI Overview, Image pack, Video, Related searches",635000000
how to calculate a distance on google maps,Informational,210,"0.00,0.00,0.28,0.23,0.35,0.18,0.23,1.00,0.66,0.66,0.23,0.66",65,0.00,0.00,"AI Overview, Video, Video carousel, Discussions and forums, Related searches",182000000
how to calculate distance in google map,Informational,210,"1.00,0.00,0.00,0.00,0.00,0.00,0.00,0.20,0.00,0.00,0.00,0.00",31,0.00,0.00,"AI Overview, Image, Image pack, Video, Related searches",433000000
how to calculate distance in google maps,Informational,210,"0.43,0.28,0.53,0.53,0.35,1.00,0.53,0.43,0.53,0.43,0.35,1.00",63,0.00,0.00,"AI Overview, Video, Video carousel, Related searches",199000000
how to calculate mape,Informational,210,"0.82,0.67,0.42,0.42,1.00,0.82,0.82,0.42,0.35,0.35,0.27,0.53",37,0.00,0.00,"Sitelinks, AI Overview, Image pack, Video, Video carousel, People also ask, Related searches",2940000
map calculation bp,Informational,210,"0.00,0.00,0.55,0.01,0.00,0.02,0.00,0.01,1.00,0.02,0.01,0.01",53,1.52,0.00,"Image, Image pack, Video, Related searches",43400000
map formula calculation,Informational,210,"0.67,0.44,0.44,0.35,0.23,0.18,0.18,0.44,0.35,0.18,0.29,1.00",50,0.00,0.00,"Featured snippet, Image, Image pack, Video, Video carousel, People also ask, Related searches",72400000
maps calculator,"Informational, Commercial",210,"0.24,0.15,0.15,0.15,0.44,0.55,0.44,0.11,0.15,1.00,0.18,0.15",57,0.00,0.00,"Sitelinks, Image pack, Video, Related searches",10
mileage calculator map,"Informational, Commercial",210,"0.07,0.09,0.22,0.53,0.29,0.36,0.67,0.29,0.67,0.53,0.67,1.00",66,1.00,0.02,"Sitelinks, Image, Video, People also ask, Related searches",38500000
mileage map calculator,"Informational, Commercial",210,"0.07,0.16,0.34,1.00,0.43,0.52,0.11,0.52,0.66,0.34,0.43,0.34",64,1.00,0.02,"Sitelinks, Video, Related searches",48600000
road distance calculator google maps,Informational,210,"0.00,0.00,0.00,0.00,0.00,0.00,0.00,0.00,1.00,0.03,0.00,0.00",68,0.78,0.00,"Image, Image pack, Video, Related searches",10
roof calculator google maps,Informational,210,"0.48,1.00,0.04,0.26,0.04,0.07,0.09,0.07,0.04,0.05,0.03,0.02",21,4.29,0.87,"Sitelinks, Image, Video, Related searches",8240000
square footage calculator google maps,Informational,210,"0.53,0.43,0.21,0.43,0.53,1.00,0.81,0.65,0.81,1.00,0.81,0.81",54,0.41,0.02,"Sitelinks, Video, Video carousel, People also ask, Related searches",12800000
walking distance calculator map,Informational,210,"0.80,0.26,0.42,0.35,0.80,1.00,1.00,1.00,1.00,1.00,1.00,1.00",59,0.85,0.07,"Sitelinks, Image, Image pack, Video, Related searches",38300000
acre map calculator,"Informational, Commercial",170,"0.44,0.12,0.44,0.09,1.00,0.44,0.04,0.09,0.01,0.15,0.02,0.12",57,0.53,0.05,"Sitelinks, Image pack, Video, Related searches",29600000
bp map calculation,Informational,170,"0.38,0.50,0.63,0.63,0.38,0.50,0.25,0.50,0.38,0.38,0.88,1.00",56,0.00,0.00,"AI Overview, Image, Image pack, Video, People also ask",
calculate acres on google maps,Informational,170,"1.00,0.00,0.00,0.03,0.00,0.00,0.00,0.00,0.00,0.00,0.00,0.00",57,0.43,0.04,"Sitelinks, AI Overview, Video, People also ask, Related searches",2260000
calculating map blood pressure,Informational,170,"0.13,0.07,0.07,1.00,0.36,0.07,0.67,0.07,0.53,0.11,0.29,0.13",33,0.00,0.00,"AI Overview, Image, Image pack, Video, People also ask, Related searches",14400000
calculating map formula,Informational,170,"0.35,0.35,0.43,1.00,0.54,0.28,0.54,0.54,0.54,0.22,0.35,0.54",38,0.00,0.00,"AI Overview, Image, Video, People also ask, Related searches",84100000
calculating map scale,Informational,170,"0.82,0.52,0.52,0.66,0.27,0.27,0.43,1.00,0.27,0.20,0.82,0.43",20,0.00,0.00,"AI Overview, Image, Image pack, Video, Video carousel",
calculation of map blood pressure,Informational,170,"0.00,0.00,1.00,0.00,0.01,0.10,0.00,0.00,0.00,0.00,0.00,0.00",16,0.00,0.00,"AI Overview, Image, Image pack, Video, People also ask, Related searches",10
dark and darker map calculator,Informational,170,"0.00,0.00,0.00,0.54,1.00,0.66,0.29,0.06,0.04,0.02,0.02,0.04",23,0.00,0.00,"Sitelinks, Image, Image pack, Video, Related searches",78
distance google maps calculator,"Informational, Transactional",170,"0.06,0.07,0.07,0.18,0.00,0.18,0.00,0.00,1.00,0.00,0.66,0.00",76,0.69,0.00,"Sitelinks, Image pack, Video, People also ask, Related searches",66400000
draw on a map to calculate distance,"Informational, Commercial",170,"0.53,0.28,0.53,0.28,0.34,0.21,0.34,0.65,1.00,0.43,0.34,0.65",61,0.65,0.02,"Sitelinks, AI Overview, Image, Image pack, Video, Related searches",14100000
free acreage calculator map,Informational,170,"1.00,0.30,0.01,0.01,0.01,0.01,0.08,0.01,0.01,0.01,0.01,0.01",55,0.71,0.33,"Sitelinks, Image pack, Video, Related searches",360000000
google maps calculate fuel cost,Informational,170,"0.22,0.18,0.54,0.29,0.54,0.54,0.35,0.14,1.00,0.02,0.18,0.18",47,0.00,0.00,"AI Overview, Video, People also ask, Related searches",2770000
how to calculate distance from google maps,Informational,170,"0.15,0.18,0.28,0.23,0.23,0.18,0.15,1.00,0.66,0.23,0.23,0.66",43,0.00,0.00,"AI Overview, Video, Video carousel, Related searches",10
how to calculate distance on google map,Informational,170,"0.00,0.00,0.00,0.00,0.00,0.00,0.45,0.00,0.00,0.08,1.00,0.00",36,0.59,0.00,"AI Overview, Image, Image pack, Video, Video carousel, Related searches",9
how to calculate gradient on a topographic map,Informational,170,"0.81,0.53,0.43,0.43,0.43,0.43,0.81,0.65,0.28,0.12,0.21,1.00",22,0.00,0.00,"AI Overview, Image, Image pack, Video, Video carousel, People also ask, Related searches",7830000
land area calculator map,"Informational, Commercial",170,"0.53,0.82,0.43,1.00,0.28,0.43,0.43,0.35,0.35,0.35,0.35,0.28",56,0.37,0.09,"Sitelinks, Image pack, Video, People also ask, Related searches",209000000
map acreage calculator,"Informational, Commercial",170,"0.06,0.66,0.08,0.11,0.35,0.28,0.28,0.44,1.00,0.23,0.35,0.23",59,0.53,0.05,"Sitelinks, Image pack, Video, People also ask, Related searches",476000000
map area calculation,,170,"0.00,0.00,0.00,0.00,0.00,0.00,0.00,0.00,0.00,0.06,0.36,1.00",,0.45,0.05,,
map bp calculation,Informational,170,"0.67,1.00,0.54,1.00,0.08,0.17,0.04,0.00,0.13,0.04,0.04,0.00",59,0.00,0.00,"Image, Image pack, Video, People also ask, Related searches",213000000
map calculation equation,Informational,170,"1.00,0.54,0.65,0.65,1.00,0.65,0.65,0.65,0.19,0.19,0.11,0.15",45,0.00,0.00,"AI Overview, Image, Image pack, Video, Related searches",92000000
map calculations,Informational,170,"0.21,0.13,0.21,0.17,0.13,0.13,0.04,1.00,0.04,0.04,0.13,0.04",44,0.00,0.00,"Image, Image pack, Video, Related searches",187000000
map mean arterial pressure calculator,Informational,170,"0.50,0.00,0.00,0.00,0.00,0.00,0.00,0.00,0.00,0.00,1.00,0.00",26,0.00,0.00,"Image, Image pack, Video, People also ask, Related searches",385000
square footage calculator map,"Informational, Transactional",170,"0.43,0.43,0.28,0.53,0.28,0.43,0.43,1.00,0.53,1.00,0.43,0.53",44,0.90,0.04,"Sitelinks, Image pack, Video, Related searches",64700000
airmiles map calculator,"Informational, Commercial",140,"0.82,0.43,0.66,0.66,0.82,0.32,0.43,1.00,0.82,0.82,0.52,1.00",61,0.00,0.00,"Sitelinks, Video, Related searches",53400000
calculate distance between 2 points google maps,Informational,140,"1.00,0.42,0.67,0.51,0.81,0.23,0.51,0.81,0.81,0.81,0.33,0.67",40,0.00,0.00,"AI Overview, Video, Related searches, Questions and answers",21100000
calculate distance between two places google maps,Informational,140,"1.00,1.00,0.67,0.67,0.42,0.23,1.00,1.00,0.67,0.51,0.33,0.81",40,0.00,0.00,"Sitelinks, AI Overview, Video, People also ask, Related searches",10
calculate map radius,"Informational, Commercial",140,"0.00,0.33,1.00,0.00,0.83,1.00,0.00,0.00,0.00,0.00,0.00,0.54",56,4.62,0.01,"Sitelinks, AI Overview, Image pack, Video, Related searches, Ads bottom, Ads middle",41900000
calculate mape,Informational,140,"1.00,0.15,0.65,0.21,0.21,0.65,0.53,0.53,0.44,0.15,0.12,0.15",31,0.00,0.00,"Sitelinks, AI Overview, Image pack, Video, People also ask",
calculate miles on google maps,Informational,140,"1.00,0.26,0.42,0.34,0.42,0.26,1.00,0.65,0.65,0.53,0.42,0.53",64,0.00,0.00,"Featured snippet, Video, People also ask, Related searches",4210000
calculating scale on a map,Informational,140,"0.80,0.34,0.53,0.42,0.34,0.26,0.80,0.80,0.34,0.34,0.42,1.00",18,0.00,0.00,"AI Overview, Image, Video, Video carousel, People also ask",
distance maps calculator,"Informational, Commercial",140,"0.02,0.09,0.28,0.22,1.00,0.81,0.09,0.11,0.22,0.17,0.54,0.35",68,0.72,0.01,"Sitelinks, Video, Related searches",96100000
distance on maps calculator,"Informational, Commercial",140,"0.00,0.00,0.00,0.00,0.67,0.00,0.23,0.00,1.00,0.00,0.81,0.00",62,0.72,0.01,"Sitelinks, Image pack, Video, Related searches",80700000
google map mileage calculator,Informational,140,"0.00,0.66,0.00,0.00,0.00,0.00,0.00,0.06,1.00,0.36,0.01,0.00",68,0.71,0.00,"Image, Video, Related searches",16500000
google maps calculate distance between 2 points,Informational,140,"1.00,0.51,0.81,0.67,0.81,0.23,0.51,0.81,0.81,0.81,0.33,0.67",66,0.00,0.00,"AI Overview, Video, Video carousel, Related searches",26000000
google maps distance calculator between two points,Informational,140,"0.23,0.14,0.80,0.66,0.80,1.00,1.00,0.80,0.66,0.52,0.52,0.42",34,0.00,0.00,"Sitelinks, Video, Discussions and forums, Related searches",10
google maps fuel cost calculator,Informational,140,"0.04,0.09,0.12,0.09,0.00,1.00,0.05,0.00,0.00,0.19,0.15,0.54",52,0.00,0.00,"Sitelinks, Video, People also ask, Related searches",4380000
halfway point between two places calculator google maps iphone,Informational,140,"0.82,1.00,0.64,0.82,0.64,1.00,0.82,0.82,0.82,0.64,0.64,1.00",32,0.00,0.00,"Sitelinks, AI Overview, Video, Discussions and forums, Related searches",42
how does google maps calculate time,Informational,140,"0.81,0.53,1.00,0.81,0.64,0.64,0.81,0.64,0.64,0.53,0.53,0.40",29,0.00,0.00,"Sitelinks, AI Overview, Video, Related searches",177000000
how to calculate distance on a map,Informational,140,"1.00,0.66,0.52,0.66,0.80,1.00,0.52,1.00,0.80,0.33,0.42,0.42",63,0.60,0.02,"AI Overview, Image, Video, Video carousel, People also ask, Related searches",168000000
how to calculate distance using google maps,Informational,140,"0.17,0.23,0.35,0.28,0.23,0.23,0.35,1.00,0.17,0.35,0.23,0.23",66,0.00,0.00,"AI Overview, Video, Video carousel, Short videos, People also ask, Related searches",212000000
karnaugh mapping calculator,"Informational, Commercial",140,"0.03,0.09,0.09,0.18,0.23,0.67,0.44,0.82,1.00,0.18,0.18,0.14",13,0.00,0.00,"Sitelinks, Image pack, Video, Related searches",445000000
map blood pressure calculation,Informational,140,"0.11,0.07,0.04,0.04,0.54,1.00,0.41,0.41,0.33,0.54,0.07,0.54",55,0.00,0.00,"Image, Image pack, Video, Related searches",33500000
map scale conversion calculator,"Informational, Commercial",140,"0.26,0.53,0.42,0.65,0.65,0.35,0.80,0.65,0.53,0.35,0.42,1.00",31,0.00,0.00,"Video, People also ask, Related searches",3380000
map scale ratio calculator,"Informational, Commercial",140,"0.53,0.42,0.53,0.42,0.42,0.53,0.53,0.80,0.42,0.42,0.80,1.00",20,0.00,0.00,"Image pack, Video, Related searches",5190000
map square footage calculator,"Informational, Commercial",140,"0.22,0.02,0.04,0.14,0.14,0.22,1.00,0.54,0.22,0.22,0.43,0.35",53,0.81,0.02,"Sitelinks, Video, Video carousel, Related searches",47300000
map to calculate distance,Informational,140,"0.18,0.10,0.08,0.23,0.82,0.44,0.54,0.23,0.23,0.13,1.00,0.44",65,0.71,0.00,"Image, Video, Related searches",177000000
maps macro calculator,Informational,140,"1.00,0.64,0.54,0.64,0.64,0.82,1.00,0.64,0.64,0.39,0.39,0.29",18,0.22,0.28,"Image pack, Video, Related searches, Ads top",7320000
scale calculator map,"Informational, Commercial",140,"0.35,0.18,0.29,0.18,0.35,0.14,0.22,0.43,0.35,0.18,0.22,1.00",20,0.00,0.00,"Image pack, Video, Related searches",58600000
scale of a map calculator,"Informational, Commercial",140,"0.26,0.26,0.54,0.41,0.65,0.26,0.80,0.80,0.54,0.33,0.41,1.00",27,0.00,0.00,"Image pack, Video, Related searches",64100000
scale of maps calculator,"Informational, Commercial",140,"0.65,0.33,0.54,0.33,0.65,0.26,0.41,0.80,0.65,0.33,0.41,1.00",30,0.00,0.00,"Sitelinks, Image pack, Video, Related searches",321000000
air distance calculator google map,Informational,110,"0.83,0.65,1.00,1.00,0.83,0.65,0.65,0.53,0.65,0.41,0.53,0.53",62,0.00,0.00,"Sitelinks, AI Overview, Image, Image pack, Video, People also ask, Related searches",10
calculate area on a map,"Informational, Commercial",110,"0.07,0.06,0.15,0.11,0.23,0.44,0.44,0.54,0.23,0.44,0.54,1.00",56,0.53,0.05,"Sitelinks, AI Overview, Video, Related searches",281000000
calculate bp map,Informational,110,"0.67,0.47,0.67,0.80,0.67,1.00,0.80,0.80,0.80,0.47,0.80,0.67",19,0.00,0.00,"Image, Image pack, Video, People also ask, Related searches",10
calculate distance between two points on google maps,Informational,110,"0.51,0.51,0.81,0.67,0.51,0.51,0.51,0.33,1.00,0.51,0.42,0.42",40,0.00,0.00,"AI Overview, Video, Related searches, Questions and answers",58200000
calculate distance ran map,Informational,110,"0.65,0.53,0.65,0.53,0.65,0.41,0.53,1.00,1.00,1.00,0.65,0.83",58,0.74,0.06,"Sitelinks, Image, Video, People also ask, Related searches",8130000
calculate mape in excel,Informational,110,"1.00,0.83,0.53,0.65,0.83,0.65,0.83,0.65,0.65,0.41,0.41,0.53",20,0.00,0.00,"Sitelinks, Video, Video carousel, People also ask, Related searches",213000
calculate scale of map,Informational,110,"0.52,0.41,0.66,0.41,0.52,0.21,0.52,1.00,0.41,0.41,0.41,0.79",26,0.00,0.00,"AI Overview, Image, Image pack, Video, Related searches",332000000
calculator map,"Informational, Commercial",110,"0.13,0.23,0.10,0.10,1.00,0.35,0.03,0.06,0.03,0.06,0.10,0.06",66,0.00,0.00,"Sitelinks, Image, Image pack, Video, Related searches",545000000
commute calculator map,"Informational, Commercial",110,"0.80,0.66,0.66,0.80,0.80,0.80,0.80,1.00,0.66,0.80,1.00,0.66",33,0.00,0.00,"Sitelinks, Image, Related searches",14300000
distance calculator google map,"Informational, Transactional",110,"0.00,0.01,0.00,0.00,0.00,0.00,0.00,0.00,1.00,0.00,0.54,0.00",76,0.43,0.00,"Image, Video, People also ask, Related searches",171000000
distance calculator map running,Informational,110,"0.42,0.14,0.42,0.23,0.52,0.80,0.80,0.80,0.66,0.80,1.00,1.00",59,1.11,0.02,"Sitelinks, Image pack, Video, Related searches",49400000
drive time calculator map,"Informational, Commercial",110,"0.65,0.29,0.40,0.52,0.40,1.00,0.82,0.82,0.82,0.82,0.65,0.52",64,1.22,0.03,"Sitelinks, Image, Video, People also ask, Related searches",263000000
gas calculator google maps,"Informational, Commercial",110,"1.00,0.60,0.80,0.60,0.80,1.00,0.60,0.60,0.60,1.00,0.30,0.50",49,0.00,0.00,"Sitelinks, AI Overview, Image, Video, Related searches",18200000
google map acreage calculator,Informational,110,"1.00,0.17,0.53,0.17,0.00,0.10,0.00,0.12,0.17,0.17,0.66,0.00",58,0.40,0.03,"Sitelinks, Video, People also ask, Related searches",463000000
google map calculate distance,,110,"0.00,0.00,0.00,0.00,0.00,0.00,0.00,0.00,0.00,0.03,1.00,0.00",,0.43,0.00,,
google maps calculate mileage,Informational,110,"0.15,0.21,0.81,0.21,0.00,1.00,0.00,0.00,0.15,1.00,0.65,0.00",79,0.71,0.00,"Sitelinks, AI Overview, Image, Video, Related searches",444000
google maps calculator,"Informational, Transactional",110,"1.00,0.66,0.80,0.80,0.66,0.49,0.80,0.49,0.49,0.49,0.49,0.49",74,0.00,0.00,"Image pack, Video, Related searches",278000000
google maps nautical distance calculator,Informational,110,"0.35,0.26,0.42,0.42,0.42,0.19,0.42,0.53,1.00,0.53,0.26,0.42",57,0.69,0.05,"Sitelinks, AI Overview, Video, People also ask, Related searches",164000
google maps with distance calculator,,110,"0.00,0.00,0.00,0.00,0.00,0.00,0.02,0.00,0.00,0.00,0.00,1.00",,0.43,0.00,,
how to calculate gradient on topographic map,Informational,110,"0.81,0.33,0.43,0.43,0.33,0.53,0.81,0.66,0.33,0.19,0.33,1.00",30,0.00,0.00,"Featured snippet, Image, Image pack, Video, Video carousel, Related searches",10
how to calculate map distance genetics,Informational,110,"1.00,0.65,0.65,0.53,1.00,0.81,0.65,0.65,0.23,0.23,0.12,0.65",22,0.00,0.00,"AI Overview, Video, Video carousel, Related searches, Questions and answers",30000000
linear map calculator,Informational,110,"1.00,0.25,0.25,0.33,0.13,0.08,0.17,0.21,0.17,0.13,0.04,0.17",40,0.00,0.00,"Image pack, Video, Related searches",7110000
linear mapping calculator,Informational,110,"0.03,0.42,0.53,0.25,0.64,0.14,1.00,0.25,0.25,0.17,0.06,0.25",17,0.00,0.00,"Sitelinks, Image pack, Video, Related searches",38000000
map and distance calculator,"Informational, Commercial",110,"1.00,0.00,0.00,0.00,0.12,0.05,0.02,0.28,0.82,0.66,0.53,0.35",68,0.72,0.01,"Sitelinks, Image, Video, Related searches",73500000
map developers area calculator,"Navigational, Transactional",110,"0.32,0.43,0.43,0.52,0.43,1.00,0.43,0.32,1.00,0.52,1.00,0.09",58,0.65,0.06,"Video, Related searches",35500000
map mean arterial pressure calculation,Informational,110,"0.00,0.00,0.00,0.00,0.00,0.00,0.00,0.00,0.00,0.00,0.00,1.00",51,0.00,0.00,"AI Overview, Image, Image pack, Video, Related searches",595000
map score calculator,Informational,110,"0.63,0.63,1.00,0.78,0.63,0.63,0.63,0.78,0.50,0.35,0.63,1.00",38,0.00,0.00,"Image, Image pack, Video, Related searches",10
mape calculator,"Informational, Commercial",110,"1.00,0.82,0.54,0.54,0.82,0.64,0.54,0.39,0.29,0.39,0.39,0.82",12,0.00,0.00,"Image pack, Video, People also ask, Related searches",661000
maps and mileage calculator,"Informational, Commercial",110,"0.14,0.14,0.22,0.08,0.08,1.00,0.22,0.29,0.10,0.43,0.22,0.18",63,1.00,0.02,"Sitelinks, Image pack, Video, Related searches",1970000
miles map calculator,"Informational, Commercial",110,"0.00,0.00,0.04,0.01,0.00,0.00,0.00,0.00,1.00,0.01,0.00,0.00",67,0.72,0.01,"Image pack, Video, Related searches",70900000
nautical mile calculator map,"Informational, Commercial",110,"0.65,0.65,1.00,1.00,0.53,0.40,0.40,0.53,0.40,0.40,0.53,0.40",56,0.00,0.01,"Sitelinks, Image, Image pack, Video, Related searches",10
nautical miles calculator map,"Informational, Commercial",110,"0.28,0.35,0.43,0.53,0.05,0.05,1.00,0.05,0.05,0.05,0.05,0.05",57,0.00,0.04,"Sitelinks, Image, Image pack, Video, People also ask, Related searches",1390000
roof square footage calculator google maps,Informational,110,"0.64,0.28,0.40,0.53,0.53,0.81,1.00,0.53,0.53,0.64,0.64,0.53",10,2.94,0.62,"Sitelinks, AI Overview, Video, People also ask, Related searches, Ads bottom",6300000
running map calculator,Informational,110,"0.15,0.11,0.42,0.26,0.26,0.53,1.00,0.65,0.42,0.26,0.65,0.42",60,1.66,0.03,"Sitelinks, Video, Related searches, Ads top, Ads bottom",187000000
satisfactory calculator map,Informational,110,"1.00,0.33,0.26,0.19,0.26,0.26,0.26,0.19,0.26,0.26,0.41,0.26",17,0.00,0.00,"Sitelinks, Image pack, Video, Related searches",98
square foot calculator map,"Informational, Transactional",110,"0.34,0.53,0.26,0.65,0.26,0.42,0.65,0.42,0.26,1.00,0.26,1.00",43,0.90,0.04,"Sitelinks, Image pack, Video, Related searches",55500000
use google maps to calculate distance,Informational,110,"0.65,0.40,0.65,0.52,0.65,0.40,0.65,1.00,1.00,1.00,0.65,0.82",66,0.00,0.00,"AI Overview, Video, Video carousel, Short videos, Discussions and forums, Related searches",29300000
walking map mileage calculator,Informational,110,"0.65,0.53,0.65,0.53,0.65,0.41,0.53,1.00,1.00,1.00,0.65,0.83",64,0.74,0.06,"Sitelinks, AI Overview, Image, Video, Related searches",4240000
acreage calculator google maps,Commercial,90,"0.00,0.00,0.00,0.03,0.42,0.34,1.00,0.65,0.53,0.65,0.65,0.80",61,0.32,0.04,"Sitelinks, Image, Video, Related searches",138000000
acres calculator map,"Informational, Commercial",90,"0.03,1.00,0.00,0.06,0.65,0.53,0.00,0.82,0.00,0.03,0.44,0.00",57,0.53,0.05,"Sitelinks, Image pack, Video, People also ask, Related searches",37000000
air distance calculator map,"Informational, Commercial",90,"0.64,0.81,0.64,0.64,0.81,1.00,0.81,0.81,0.64,0.81,0.64,0.64",63,0.00,0.00,"Sitelinks, Video, People also ask, Related searches",78100000
area google maps calculator,Informational,90,"0.00,0.00,0.54,0.00,0.00,0.00,0.00,0.00,1.00,0.00,0.00,0.00",58,0.43,0.04,"Sitelinks, Video, People also ask, Related searches",268000000
calcular distancia google maps,,90,"0.02,0.02,0.02,0.01,0.02,0.02,0.02,0.02,0.02,0.02,1.00,0.02",,0.00,0.00,,
calculate acreage from google maps,,90,"0.05,0.23,0.05,0.17,0.05,0.43,0.05,0.17,0.10,0.05,0.05,1.00",,0.40,0.03,,
calculate air distance google maps,,90,"1.00,0.78,0.78,0.78,0.78,0.64,0.64,0.50,0.78,0.35,0.50,0.64",,0.00,0.00,,
calculate area from map,,90,"0.00,0.00,0.00,0.00,0.00,0.01,0.01,0.01,0.00,0.00,1.00,0.00",,0.45,0.05,,
calculate distance between two points in google maps,Informational,90,"0.00,0.00,0.53,0.42,0.42,1.00,0.42,0.65,0.53,0.42,0.53,0.34",44,0.00,0.00,"Sitelinks, AI Overview, Video, Discussions and forums, Related searches, Questions and answers",20800000
calculate distance between two points on map,Informational,90,"0.81,0.64,0.81,1.00,0.81,1.00,1.00,0.81,1.00,0.81,0.81,0.81",65,0.00,0.01,"Sitelinks, AI Overview, Image, Video, Related searches, Questions and answers",103000000
calculate radius map,"Informational, Commercial",90,"0.00,0.34,1.00,0.03,0.34,0.81,0.00,0.06,0.06,0.06,0.00,0.21",29,2.32,0.01,"Sitelinks, Image pack, Video, Related searches, Questions and answers",10
calculate travel time google maps,Informational,90,"0.21,0.06,0.43,1.00,0.00,0.00,0.65,0.00,0.65,0.34,0.00,0.00",47,0.00,0.00,"Sitelinks, AI Overview, Video, People also ask, Related searches",11200000
calculate walking distance on map,Informational,90,"0.00,0.29,0.41,0.52,1.00,0.82,0.64,0.82,0.82,0.64,0.52,0.41",57,0.85,0.07,"Sitelinks, AI Overview, Image, Image pack, Video, People also ask, Related searches",22200000
contour map calculator,Informational,90,"1.00,0.62,0.21,0.48,0.76,0.48,0.48,0.48,0.28,0.34,0.21,0.76",20,0.00,0.00,"Image, Image pack, Video, Related searches",3610000
distance calculator maps,"Informational, Commercial",90,"0.10,0.05,0.00,0.15,0.10,0.25,1.00,0.25,0.15,0.25,1.00,0.50",68,0.72,0.01,"Sitelinks, Image, Video, Related searches",93900000
distance calculator on map,"Informational, Commercial",90,"1.00,0.08,0.00,0.21,0.00,0.67,0.42,0.00,0.13,1.00,0.00,0.42",65,0.72,0.01,"Sitelinks, Image, Image pack, Video, Related searches",297000000
distance calculator using google maps,"Informational, Transactional",90,"0.00,1.00,0.00,0.54,0.00,0.00,0.00,0.00,0.00,0.00,0.00,0.00",73,0.69,0.00,"Sitelinks, Video, Related searches",7660000
google maps calculate gas,"Informational, Transactional",90,"1.00,0.81,0.81,0.81,0.81,1.00,0.63,0.44,0.63,1.00,0.44,0.63",49,0.00,0.00,"Sitelinks, AI Overview, Image, Video, Video carousel, People also ask, Related searches",13500000
google maps fuel calculator,Informational,90,"1.00,0.81,0.63,1.00,1.00,0.63,0.63,0.63,0.63,1.00,0.63,0.63",50,0.00,0.00,"Sitelinks, Video, People also ask, Related searches",8700000
google maps midpoint calculator,Informational,90,"0.09,0.14,0.52,0.52,0.52,0.52,0.52,0.33,1.00,0.66,0.33,0.52",27,0.00,0.00,"Sitelinks, Video, People also ask, Related searches",136000
google maps radius calculator,Informational,90,"0.13,0.13,0.13,0.13,0.78,0.78,0.78,0.78,0.78,0.63,0.78,1.00",37,0.00,0.00,"Sitelinks, AI Overview, Image, Video, Related searches",3700000
google maps straight line distance calculator,Informational,90,"1.00,0.17,0.17,1.00,1.00,0.81,0.63,0.81,1.00,0.81,0.63,0.63",64,0.00,0.00,"Sitelinks, Image, Video, Related searches",3170000
google radius map calculator,Commercial,90,"0.11,0.11,0.64,0.64,0.64,1.00,0.64,0.64,0.64,0.41,0.52,0.52",50,0.00,0.00,"Sitelinks, AI Overview, Video, People also ask, Related searches",20100000
how do you calculate gradient on a topographic map,Informational,90,"0.83,0.41,0.41,0.53,0.53,0.41,0.65,0.65,0.29,0.24,0.41,1.00",13,0.00,0.00,"AI Overview, Image, Image pack, Video, Video carousel, People also ask, Discussions and forums, Related searches",10
how to calculate map distance,Informational,90,"0.23,0.19,0.19,0.42,1.00,1.00,0.80,0.52,0.33,0.23,0.09,0.52",37,0.60,0.02,"Sitelinks, AI Overview, Image pack, Video, Video carousel, Related searches",9
how to calculate map in bp,,90,"0.05,0.05,0.00,0.05,0.05,0.05,0.05,0.28,0.05,0.05,0.82,1.00",,0.00,0.00,,
how to calculate map of blood pressure,Informational,90,"0.04,0.04,0.35,1.00,0.35,0.04,0.04,0.06,0.04,0.43,0.22,0.04",45,0.00,0.00,"AI Overview, Image, Image pack, Video, People also ask, Related searches",75200000
how to calculate map units,Informational,90,"0.80,0.80,0.80,1.00,1.00,0.80,1.00,1.00,0.20,0.14,0.14,0.34",21,0.00,0.00,"AI Overview, Video, Related searches",133000000
how to calculate mape in excel,Informational,90,"1.00,0.63,0.35,0.50,0.78,0.63,0.50,0.50,0.35,0.35,0.28,0.50",23,0.00,0.00,"AI Overview, Image pack, Video, Related searches",153000
how to calculate scale on a map,Informational,90,"1.00,0.81,0.64,1.00,0.81,0.45,0.45,1.00,0.36,0.36,1.00,0.81",27,0.00,0.00,"AI Overview, Image, Image pack, Video, People also ask, Related searches",197000000
how to calculate tolls on google maps,Informational,90,"1.00,1.00,0.82,1.00,1.00,1.00,1.00,0.61,0.61,0.82,0.61,0.61",28,0.00,0.00,"Sitelinks, AI Overview, Video, Video carousel, People also ask, Related searches",9
jogging map calculator distance,Informational,90,"0.64,0.49,0.64,0.13,0.49,0.00,0.64,1.00,1.00,0.64,0.49,1.00",40,1.20,0.03,"Sitelinks, Image, Image pack, Video, People also ask, Related searches",10
map and mileage calculator,"Informational, Commercial",90,"0.07,0.10,0.35,0.12,0.02,0.12,0.12,1.00,0.23,0.10,0.10,0.23",68,0.68,0.02,"Sitelinks, Image, Video",
online karnaugh map calculator,"Informational, Commercial",90,"0.06,0.15,0.15,0.28,1.00,0.34,0.43,0.28,0.06,0.15,0.15,0.28",12,0.00,0.01,"Sitelinks, Image pack, Video, Related searches",16100
roof area calculator google maps,Informational,90,"0.11,0.15,1.00,0.26,0.19,0.42,0.34,0.15,0.19,0.42,0.26,0.42",34,2.66,0.61,"Sitelinks, AI Overview, Image, Video, People also ask, Related searches",8760000
run calculator map,Informational,90,"0.80,0.66,0.20,0.14,0.49,0.80,1.00,1.00,0.66,1.00,0.80,0.80",54,0.00,0.02,"Sitelinks, Image pack, Video, Related searches",436000000
run map calculator,Informational,90,"0.00,0.00,0.00,0.03,0.06,1.00,0.23,0.28,0.15,0.11,0.15,0.18",56,1.27,0.04,"Sitelinks, Video",
solar panel calculator map,Informational,90,"0.64,0.64,0.64,1.00,0.64,0.79,0.49,0.64,0.49,0.79,0.64,0.28",66,2.58,0.53,"Sitelinks, Image pack, Video, People also ask, Related searches",12700000
square feet calculator map,Informational,90,"0.52,1.00,0.19,0.66,0.52,0.33,0.33,0.66,0.42,0.19,1.00,0.09",58,0.90,0.04,"Sitelinks, Image pack, Video, People also ask, Related searches",54600000
square foot map calculator,"Informational, Commercial",90,"0.50,0.50,0.35,0.50,0.50,0.78,1.00,0.78,0.78,0.63,0.63,0.50",54,0.46,0.02,"Sitelinks, Video, Related searches",31900000
straight line distance calculator google maps,Informational,90,"1.00,0.09,0.09,0.52,0.52,0.14,0.23,0.42,0.66,0.33,0.33,0.33",64,0.00,0.00,"Sitelinks, Image, Video, Related searches",3140000
toll map calculator,Commercial,90,"0.29,0.29,0.41,0.52,0.23,0.82,1.00,0.82,0.29,0.41,0.52,0.52",43,0.00,0.00,"Sitelinks, Image, Image pack, Video, Related searches",62300000
travel time by boat calculator google maps,Informational,90,"0.78,0.78,0.78,1.00,0.50,0.50,0.35,0.50,0.64,0.50,0.35,0.35",29,1.34,0.10,"Sitelinks, AI Overview, Video, People also ask, Related searches",1320000
travel time calculator map,Informational,90,"1.00,0.50,0.50,0.50,0.67,0.83,0.67,0.67,0.67,0.83,0.83,0.83",52,0.00,0.02,"Sitelinks, Image, Video, Related searches",386000000
walking calculator map,Informational,90,"0.64,0.36,0.36,0.64,0.49,1.00,0.79,0.36,0.64,0.79,0.49,0.64",57,0.88,0.10,"Sitelinks, Video, People also ask, Related searches",115000000
5 variable k map calculator,"Informational, Commercial",70,"0.79,0.50,0.50,0.14,1.00,0.79,0.64,0.50,0.21,0.14,0.14,0.64",7,0.00,0.00,"Sitelinks, Image pack, Video, Video carousel, Related searches",10
air miles calculator map,"Informational, Commercial",70,"0.66,0.49,0.66,1.00,0.06,0.29,0.00,0.29,0.49,0.80,0.66,0.06",60,0.00,0.00,"Sitelinks, Image, Video, People also ask, Related searches",75900000
bagua map calculator,Informational,70,"0.78,1.00,1.00,0.78,0.44,0.55,0.78,0.55,0.44,0.55,0.55,0.44",13,0.00,0.00,"AI Overview, Image, Image pack, Video, People also ask, Related searches",99
calcul distance google maps,Informational,70,"0.00,0.00,0.00,0.52,0.00,0.41,0.64,1.00,1.00,1.00,0.64,0.82",60,0.00,0.00,"AI Overview, Image, Image pack, Video, Video carousel, People also ask, Related searches",10
calculate distance between 2 points on a map,Informational,70,"0.63,0.45,0.63,0.63,0.63,0.27,1.00,0.63,1.00,0.36,0.45,0.09",80,0.00,0.01,"Sitelinks, Image, Image pack, Video, Discussions and forums, Related searches, Questions and answers",51700000
calculate distance in map,Informational,70,"1.00,0.02,0.00,0.00,0.00,0.00,0.00,0.00,0.00,0.00,0.00,0.00",62,0.72,0.01,"AI Overview, Image, Image pack, Video, Related searches",224000000
calculate distance in maps,Informational,70,"0.00,1.00,0.00,0.00,0.00,0.00,0.00,0.00,0.00,0.02,0.02,0.02",64,0.72,0.01,"AI Overview, Image pack, Video, Related searches",117000000
calculate jogging distance google maps,Informational,70,"0.45,0.45,0.45,0.45,0.63,0.63,0.63,1.00,1.00,1.00,0.63,0.63",63,0.00,0.01,"Featured snippet, Sitelinks, Video, Video carousel, People also ask, Related searches",135000000
calculate map area,"Informational, Commercial",70,"0.00,0.00,0.00,0.00,0.03,0.16,0.08,0.13,0.24,0.05,0.30,1.00",60,0.53,0.05,"Sitelinks, Image pack, Video, People also ask, Related searches",303000000
calculate running distance on google maps,Informational,70,"0.27,0.45,0.45,0.45,0.63,0.27,0.00,1.00,1.00,1.00,0.63,0.63",32,0.00,0.00,"Sitelinks, AI Overview, Video, Video carousel, Related searches",10
calculate square footage on google maps,Informational,70,"1.00,0.11,0.11,0.23,0.00,0.64,0.52,0.64,0.17,0.00,0.11,0.05",49,0.67,0.03,"Sitelinks, Video, Related searches",9340000
can google maps calculate tolls,Informational,70,"1.00,0.63,0.45,0.63,0.63,0.63,0.63,1.00,0.45,0.63,0.63,0.45",36,0.00,0.00,"Sitelinks, AI Overview, Video, Related searches",379000
distance calculator for running google maps,"Informational, Commercial",70,"0.45,0.45,0.45,0.45,0.64,0.64,0.64,1.00,1.00,1.00,0.64,0.64",53,0.00,0.01,"Sitelinks, Video, Related searches",27900000
distance calculator map google,"Informational, Transactional",70,"0.21,0.21,0.34,1.00,0.00,0.00,0.00,0.00,0.00,0.15,0.00,0.65",73,0.69,0.00,"Image, Image pack, Video, Related searches",197000000
distance calculator on maps,"Informational, Commercial",70,"0.09,0.09,0.52,0.42,0.42,0.19,0.04,0.04,0.00,0.33,1.00,0.66",58,0.71,0.00,"Sitelinks, Image, Video, Related searches",102000000
dnd map calculator,Informational,70,"0.00,0.00,0.00,0.80,1.00,0.65,0.07,0.07,0.07,0.07,0.07,0.07",26,0.00,0.00,"Sitelinks, Image pack, Video, Related searches",1430000
does google maps calculate tolls,Informational,70,"1.00,0.64,0.36,0.49,0.49,0.64,0.64,0.64,0.49,0.49,0.49,0.36",29,0.00,0.00,"Sitelinks, AI Overview, Video, Related searches",358000
driving time calculator google maps,"Informational, Transactional",70,"0.00,0.00,0.82,0.64,1.00,0.00,0.64,0.29,0.00,0.82,0.82,0.82",84,0.50,0.00,"Sitelinks, AI Overview, Video, Related searches",26900000
election calculator map,"Informational, Commercial",70,"0.04,1.00,0.00,0.00,0.00,0.00,0.00,0.00,0.00,0.00,0.00,0.00",50,0.00,0.00,"Sitelinks, Image pack, Video, Related searches",22000000
flight distance calculator map,"Informational, Commercial",70,"0.63,0.63,0.63,0.63,0.81,1.00,0.81,0.63,0.81,0.81,0.63,0.63",53,0.00,0.00,"Sitelinks, Related searches",16100000
flight map distance calculator,"Informational, Commercial",70,"0.71,0.71,0.71,0.71,1.00,0.43,1.00,1.00,1.00,1.00,1.00,1.00",58,0.00,0.00,"Sitelinks, Image, Image pack, Video, Related searches",24900000
fuel calculator google maps,Informational,70,"0.00,0.00,0.82,0.82,0.64,0.64,0.64,0.64,0.45,0.82,1.00,0.64",51,0.00,0.00,"AI Overview, Image, Video, People also ask, Related searches",8170000
google maps elevation calculator,"Informational, Commercial",70,"0.14,0.14,0.14,0.14,0.14,0.14,0.78,0.78,0.78,1.00,0.64,0.50",39,0.00,0.00,"Video, Related searches",371000
google maps linear distance calculator,Informational,70,"1.00,0.18,0.18,1.00,1.00,0.27,0.45,0.63,0.81,0.45,0.45,0.63",66,0.00,0.00,"Video, People also ask, Related searches",249000
google maps to calculate distance,Informational,70,"0.03,0.00,0.00,0.00,0.03,0.42,0.42,0.42,1.00,0.34,0.26,0.34",37,0.62,0.00,"Sitelinks, AI Overview, Image, Image pack, Video, People also ask, Related searches",10
google maps tolls calculator,,70,"0.00,0.15,0.00,0.00,0.00,0.00,0.00,0.00,0.00,0.00,1.00,1.00",,0.00,0.00,,
google maps with gas calculator,"Informational, Transactional",70,"0.18,0.09,1.00,0.82,0.64,1.00,0.64,0.82,0.82,1.00,0.64,0.82",55,0.00,0.00,"Sitelinks, Video, People also ask, Related searches",4070000
how do you calculate map scale,Informational,70,"0.64,0.35,0.35,0.50,0.50,0.21,0.50,0.64,0.28,0.28,0.64,1.00",21,0.00,0.00,"AI Overview, Image pack, Video, People also ask, Related searches",169000000
how do you calculate the scale of a map,Informational,70,"0.63,0.35,0.35,0.50,0.50,0.21,0.50,0.63,0.28,0.28,0.63,1.00",12,0.00,0.00,"AI Overview, Image pack, Video, Video carousel, People also ask, Discussions and forums, Related searches",10
how to calculate a map scale,Informational,70,"0.81,0.45,0.45,0.64,0.64,0.64,0.81,0.64,0.36,0.36,1.00,0.81",16,0.00,0.00,"AI Overview, Image, Image pack, Video, Video carousel, Short videos, Related searches",289000000
how to calculate distance between two points in google maps,Informational,70,"0.18,0.18,0.18,0.18,0.18,1.00,1.00,1.00,1.00,1.00,0.18,0.18",43,0.00,0.00,"AI Overview, Image pack, Video, People also ask, Related searches, Questions and answers",170000000
how to calculate map distance between two genes,Informational,70,"0.39,0.65,0.09,0.09,0.65,1.00,0.65,0.22,0.09,0.09,0.09,0.09",24,0.00,0.00,"AI Overview, Image pack, Video, People also ask, Discussions and forums, Related searches, Questions and answers",50000000
how to calculate map medical,Informational,70,"1.00,0.09,0.09,0.09,0.09,0.09,0.14,0.09,0.09,0.09,0.09,0.09",19,0.00,0.00,"Sitelinks, AI Overview, Image, Image pack, Video, People also ask, Related searches",9
how to calculate map scale,Informational,70,"0.23,0.23,0.42,0.33,0.33,0.33,0.33,0.42,0.09,0.09,0.19,1.00",31,0.00,0.00,"AI Overview, Image, Video, Related searches",188000000
how to calculate map scale ratio,Informational,70,"0.63,0.35,0.35,0.50,0.50,0.21,0.50,0.63,0.28,0.28,0.63,1.00",24,0.00,0.00,"AI Overview, Image, Image pack, Video, Video carousel, Related searches",123000000
how to calculate scale of a map,Informational,70,"0.49,0.36,0.49,0.49,0.36,0.49,0.49,0.64,0.28,0.28,0.64,1.00",9,0.00,0.00,"AI Overview, Image, Image pack, Video, Video carousel, Short videos, Related searches",169000000
how to calculate the scale of a map,Informational,70,"0.65,0.40,0.23,0.52,0.40,0.52,0.65,0.52,0.23,0.23,0.65,1.00",19,0.00,0.00,"Sitelinks, AI Overview, Image, Image pack, Video, Related searches",176000000
map calculator formula,Informational,70,"0.64,0.64,0.36,0.36,0.64,0.64,0.64,0.50,0.79,0.64,0.64,1.00",41,0.00,0.00,"Image pack, Video, Related searches",141000000
map developers distance calculator,"Navigational, Transactional",70,"0.18,0.18,0.18,0.18,0.18,1.00,1.00,1.00,1.00,0.81,1.00,0.81",64,0.00,0.00,"Video, Related searches",10300000
map formula calculator,Informational,70,"0.58,0.42,0.42,0.42,0.58,0.58,0.83,0.58,0.58,0.58,0.83,1.00",22,0.00,0.00,"Image, Image pack, Video, Related searches",193000000
map miles calculator,"Informational, Commercial",70,"0.17,0.00,1.00,0.17,0.00,0.12,0.12,0.00,0.00,0.17,0.10,0.10",68,0.93,0.02,"Sitelinks, Video, People also ask, Related searches",112000000
map running calculator,Informational,70,"1.00,0.45,0.45,0.45,0.45,0.27,0.63,1.00,0.63,0.45,0.45,0.63",46,1.27,0.04,"Sitelinks, Image pack, Video, Related searches",10
maps acreage calculator,"Informational, Commercial",70,"0.64,0.53,1.00,1.00,0.06,0.06,0.06,0.06,0.06,0.06,0.06,0.00",53,0.53,0.05,"Sitelinks, Image pack, Video, Related searches",259000000
maps google distance calculator,"Informational, Transactional",70,"1.00,0.65,0.28,0.34,0.00,0.00,0.00,0.00,0.00,0.00,0.00,0.00",73,0.62,0.00,"Image, Image pack, Video, People also ask, Related searches",10
maps mileage calculator,Informational,70,"0.61,0.82,0.82,1.00,0.00,0.00,0.00,0.00,0.00,0.00,0.36,0.00",68,1.00,0.02,"Image, Image pack, Video, Related searches",6520000
mdcalc map calculator,"Navigational, Transactional",70,"0.18,0.18,0.18,1.00,0.18,1.00,1.00,1.00,0.63,0.81,0.63,0.81",42,0.00,0.00,"Sitelinks, Video, Related searches",3320
midpoint calculator map,Informational,70,"0.36,0.45,0.36,0.45,0.36,0.63,0.45,0.45,1.00,1.00,0.63,0.63",38,0.00,0.00,"Sitelinks, Image, Image pack, Video, People also ask, Related searches",1630000
miles calculator google maps,,70,"0.00,0.00,0.00,0.00,0.00,0.00,0.00,0.00,0.00,0.15,1.00,0.00",,0.71,0.00,,
nautical miles map calculator,"Informational, Commercial",70,"0.41,0.52,1.00,0.82,0.41,0.41,0.41,0.29,0.52,0.41,0.41,0.41",60,0.00,0.01,"Video, People also ask, Related searches",1380000
nm calculator map,"Informational, Commercial",70,"0.49,0.65,0.79,1.00,0.49,0.35,0.35,0.49,0.35,0.49,0.65,0.49",56,0.00,0.01,"Sitelinks, Video, Related searches",23500000
pond size calculator map,Informational,70,"0.45,0.36,0.18,0.27,0.36,0.45,0.63,1.00,1.00,0.81,0.63,0.45",7,0.00,0.03,"Sitelinks, Image, Image pack, Video, People also ask, Related searches",7900000
roof size calculator google maps,Informational,70,"0.78,0.56,0.56,0.56,0.78,1.00,0.78,0.78,0.22,0.22,0.33,0.22",13,3.84,0.62,"Sitelinks, Image pack, Video, People also ask, Related searches",4070000
route calculator map,Informational,70,"0.63,0.63,0.63,0.17,0.17,1.00,1.00,1.00,1.00,0.17,0.17,0.17",61,1.03,0.15,"Sitelinks, Image, Video, Related searches",65500000
run distance calculator google maps,Informational,70,"0.45,0.45,0.45,0.63,0.63,0.27,0.00,1.00,1.00,1.00,0.63,0.63",50,0.00,0.00,"Sitelinks, Video, People also ask, Related searches",10
run distance calculator map,Informational,70,"0.29,0.17,0.23,0.29,0.00,1.00,0.52,0.23,0.29,0.52,0.82,0.82",61,1.20,0.03,"Sitelinks, Video, People also ask, Related searches",84400000
running distance calculator google maps,Informational,70,"0.27,0.45,0.45,0.45,0.64,0.81,0.27,1.00,1.00,1.00,0.64,0.64",51,0.00,0.01,"Sitelinks, Video, Related searches",15800000
running distance calculator map,Informational,70,"0.27,0.36,1.00,0.45,1.00,0.45,0.45,0.00,0.45,0.81,0.81,0.64",56,1.20,0.03,"Sitelinks, Video, Related searches",55400000
sq footage calculator map,"Informational, Commercial",70,"0.17,0.41,0.29,1.00,0.82,0.64,0.29,0.52,0.23,0.17,0.11,0.17",43,0.90,0.04,"Image pack, Video, Related searches",32000000
sq ft calculator map,Informational,70,"0.11,0.19,0.15,0.34,0.15,0.19,0.26,1.00,0.19,0.15,0.65,0.26",45,0.90,0.04,"Sitelinks, Image pack, Video, People also ask, Related searches",42700000
sqft calculator map,"Informational, Commercial",70,"1.00,0.64,0.64,0.82,0.18,0.82,0.36,0.36,0.36,0.64,0.45,0.36",12,0.81,0.02,"Sitelinks, Image pack, Video, Related searches",10
sqft map calculator,"Informational, Commercial",70,"0.14,0.35,0.28,0.64,0.50,0.78,1.00,0.78,0.35,0.50,0.35,0.50",57,0.00,0.02,"Sitelinks, Video, Related searches",37100000
toll calculator map,Commercial,70,"0.50,0.35,0.50,0.63,0.63,1.00,0.78,0.35,0.35,0.50,0.78,0.50",35,0.00,0.00,"Sitelinks, Image, Image pack, Video, Related searches",61400000
walking map distance calculator,Informational,70,"0.52,0.29,0.29,0.41,0.41,0.41,0.52,0.00,0.52,1.00,0.52,0.41",64,0.74,0.06,"Sitelinks, Image, Video, Video carousel, People also ask, Related searches",35200000
bp calculator map,"Informational, Commercial",50,"0.71,0.71,0.71,1.00,1.00,1.00,1.00,0.71,1.00,0.28,0.71,1.00",22,0.00,0.00,"Image, Image pack, Video, Related searches",20200000
calculadora mapa bid,Informational,50,"0.64,0.14,1.00,0.14,1.00,0.14,0.14,0.14,0.14,0.14,0.14,0.14",11,0.00,0.01,"Sitelinks, Image pack, Video, Related searches",61
calculadora mapa broker,,50,"0.41,0.11,1.00,0.23,0.23,0.52,0.23,0.11,0.11,0.11,0.11,0.11",,0.00,0.00,,
calculate a route on a map,Informational,50,"0.18,0.18,0.18,0.18,0.18,1.00,1.00,1.00,1.00,0.18,0.18,0.18",64,1.55,0.14,"Sitelinks, Image, Video, Discussions and forums, Related searches",521000000
calculate area from google maps,Informational,50,"0.22,0.00,0.00,0.00,0.00,0.08,0.00,0.00,1.00,0.14,0.00,0.00",27,0.32,0.04,"Sitelinks, AI Overview, Image pack, Video, People also ask, Related searches",10
calculate area map,Informational,50,"0.00,0.00,0.00,0.00,0.02,0.02,1.00,0.04,0.02,0.02,0.02,0.00",55,0.45,0.05,"Sitelinks, Image pack, Video, Related searches",257000000
calculate area on map,"Informational, Commercial",50,"0.03,0.03,0.03,0.00,0.00,0.10,0.10,1.00,0.10,0.17,0.00,0.00",56,0.53,0.05,"Sitelinks, Image pack, Video, Related searches",306000000
calculate blood pressure map,Informational,50,"0.61,0.25,0.07,1.00,0.36,0.25,0.18,0.25,0.18,0.36,0.18,0.25",49,0.00,0.00,"Sitelinks, Image, Image pack, Video, Related searches",32200000
calculate distance walked on map,Informational,50,"0.07,0.00,0.14,0.14,0.78,0.78,1.00,0.64,0.78,0.50,0.64,0.50",57,0.85,0.07,"Sitelinks, AI Overview, Image pack, Video, Related searches",33900000
calculate land size from google maps,,50,"1.00,0.82,0.23,0.11,0.11,0.23,0.11,0.11,0.11,0.11,0.11,0.11",,0.00,0.07,,
calculate map bp formula,Informational,50,"0.12,0.06,0.21,0.21,1.00,0.06,0.06,0.06,0.06,0.06,0.06,0.06",37,0.00,0.00,"AI Overview, Image, Image pack, Video, Related searches",13500000
calculating distance on a map,Informational,50,"0.79,0.28,0.21,0.49,0.49,0.14,0.28,0.35,0.49,0.49,0.65,1.00",33,0.71,0.00,"AI Overview, Image, Image pack, Video, Video carousel, People also ask, Related searches",10
calculating distance on google maps,Informational,50,"0.14,0.00,0.00,0.00,0.00,0.00,0.00,1.00,0.00,0.00,0.00,0.00",68,0.69,0.00,"AI Overview, Video, People also ask, Related searches",45000000
calculating mape,Informational,50,"0.19,0.81,0.04,0.09,1.00,0.09,0.04,0.19,0.04,0.09,0.09,0.09",28,0.00,0.00,"Sitelinks, AI Overview, Video, Video carousel, People also ask, Related searches",4580000
distance and map calculator,"Informational, Commercial",50,"0.03,0.07,0.11,0.26,0.42,1.00,0.00,0.00,0.00,0.00,0.00,0.00",63,0.72,0.01,"Sitelinks, Video, Related searches",81500000
distance calculator google maps running,,50,"0.57,0.57,0.57,0.71,0.71,1.00,1.00,0.71,0.71,1.00,1.00,1.00",,0.00,0.01,,
distance calculator road map,"Informational, Commercial",50,"0.18,1.00,0.45,0.36,0.36,0.36,0.18,0.18,0.18,1.00,0.00,1.00",61,0.93,0.01,"Sitelinks, Image, Video, Related searches",97400000
distance road map calculator,"Informational, Commercial",50,"0.18,1.00,0.45,0.36,0.36,0.36,0.18,0.18,0.18,1.00,0.00,1.00",70,0.93,0.01,"Sitelinks, Video, Related searches",35800000
driving time and distance calculator google maps,"Informational, Transactional",50,"0.00,0.00,0.14,0.14,0.14,0.78,0.78,1.00,0.78,0.14,0.14,0.14",61,0.00,0.01,"AI Overview, Image, Image pack, Video, People also ask, Related searches",10
elevation calculator google maps,Informational,50,"0.14,0.14,0.14,0.14,0.14,0.14,0.78,0.78,0.78,1.00,0.64,0.50",27,0.00,0.00,"AI Overview, Image, Video, People also ask, Related searches",10
flying distance calculator map,"Informational, Commercial",50,"0.71,0.71,1.00,0.71,1.00,0.42,1.00,1.00,1.00,0.57,1.00,1.00",58,0.00,0.00,"Sitelinks, Video, People also ask, Related searches",11100000
fortnite drop map calculator,,50,"0.09,0.09,0.09,0.09,0.09,0.09,0.09,0.09,0.09,0.09,1.00,1.00",,0.00,0.00,,
google map square footage calculator,"Informational, Transactional",50,"0.50,0.21,0.21,0.21,0.00,0.00,0.28,0.64,0.35,1.00,0.64,0.35",53,0.53,0.02,"Sitelinks, Image pack, Video, Video carousel, People also ask, Related searches",66900000
google maps calculate gas cost,,50,"0.06,0.06,0.06,0.06,0.06,0.06,0.06,0.06,0.06,0.28,0.34,1.00",,0.00,0.00,,
google maps gas calculator,"Informational, Commercial",50,"0.29,0.29,0.21,0.39,0.00,0.04,0.04,0.00,0.21,1.00,0.54,0.21",50,0.00,0.00,"Sitelinks, Video, Related searches",21300000
google maps square foot calculator,"Informational, Transactional",50,"0.11,0.11,0.11,0.11,0.11,0.64,0.64,1.00,0.64,0.11,0.11,0.11",52,0.00,0.01,"Sitelinks, Image pack, Video, Related searches",7060000
google maps toll calculator japan,,50,"0.14,0.14,0.14,0.78,0.28,0.50,0.14,1.00,0.64,0.14,0.14,0.14",,0.00,0.00,,
how does apple maps calculate arrival time,Informational,50,"0.52,0.09,0.09,0.09,0.09,0.09,0.09,0.09,1.00,0.09,0.09,0.09",24,0.00,0.00,"Sitelinks, AI Overview, Video, Related searches",54
how to calculate acres on google maps,Informational,50,"0.67,0.33,0.33,0.33,0.67,0.67,0.67,0.67,1.00,1.00,0.67,0.67",40,0.58,0.11,"Sitelinks, AI Overview, Image pack, Video, People also ask, Related searches",4610000
how to calculate distance google maps,Informational,50,"0.00,0.00,0.03,0.00,0.00,1.00,0.00,0.00,0.00,0.03,0.03,0.03",46,0.88,0.00,"Sitelinks, AI Overview, Video, Related searches",222000000
how to calculate distance walked on google maps,Informational,50,"0.11,0.11,0.11,0.11,0.11,0.65,0.65,1.00,0.11,0.11,0.65,0.11",44,0.00,0.00,"AI Overview, Video, People also ask, Related searches",60500000
how to calculate map from bp,Informational,50,"1.00,0.17,0.11,0.11,0.23,0.64,0.64,0.17,0.11,0.11,0.11,0.11",38,0.00,0.00,"AI Overview, Image, Image pack, Video, Related searches",50300000
how to calculate map on blood pressure,Informational,50,"0.05,0.05,0.05,0.05,0.05,0.05,0.05,0.10,1.00,0.05,0.05,0.05",32,0.00,0.00,"AI Overview, Image, Image pack, Video, Related searches",66900000
how to calculate map with blood pressure,Informational,50,"0.06,0.06,0.06,0.06,0.06,0.06,0.09,0.53,1.00,0.06,0.06,0.06",47,0.00,0.00,"AI Overview, Image, Image pack, Video, Discussions and forums, Related searches",72000000
how to calculate mileage on google maps,,50,"0.05,0.05,0.05,0.05,0.05,0.05,0.05,0.05,0.05,0.05,0.05,1.00",,0.00,0.00,,
how to calculate walking distance in google maps,Informational,50,"0.18,0.18,0.18,0.18,0.18,1.00,1.00,1.00,0.18,0.18,1.00,0.18",53,0.00,0.00,"Sitelinks, AI Overview, Video, Video carousel, Discussions and forums",
how to calculate walking distance on google maps,Informational,50,"0.18,0.18,0.18,0.18,0.18,1.00,1.00,1.00,0.18,0.18,1.00,0.18",70,0.00,0.00,"Sitelinks, AI Overview, Video, People also ask, Discussions and forums, Related searches",1050000000
how to.calculate map,Informational,50,"1.00,0.55,0.00,0.00,0.00,0.77,0.77,1.00,0.55,0.00,0.00,0.00",45,0.00,0.00,"AI Overview, Image, Image pack, Video, People also ask, Related searches",425000000
karnaugh maps calculator,"Informational, Commercial",50,"1.00,0.53,0.00,0.00,0.00,0.00,0.00,0.02,0.00,0.00,0.00,0.00",25,0.00,0.00,"Sitelinks, Image pack, Video, People also ask, Related searches",10
map calculation nursing,Informational,50,"1.00,0.82,0.40,0.11,0.11,0.11,0.11,0.11,0.11,0.11,0.11,0.11",26,0.00,0.00,"AI Overview, Image pack, Video, Related searches",22400000
mape calculation formula,Informational,50,"0.63,0.45,0.45,0.45,0.81,1.00,0.27,0.18,0.18,0.18,0.18,1.00",21,0.00,0.00,"Featured snippet, Sitelinks, Image, Video, Video carousel, People also ask, Knowledge panel, Related searches",10
mapping diagram calculator,Informational,50,"0.65,1.00,0.07,0.07,0.07,0.07,0.07,0.07,0.07,0.07,0.07,0.07",69,0.00,0.00,"Sitelinks, Image, Image pack, Video, People also ask, Related searches, Ads bottom, Ads middle",121000000
mapping formula calculator,"Informational, Commercial",50,"0.75,0.33,0.50,0.50,0.75,0.33,0.75,0.75,0.75,0.42,0.50,1.00",67,0.00,0.00,"Image pack, Video, People also ask, Related searches",25500000
maps calculate distance,Informational,50,"1.00,0.00,0.00,0.00,0.00,0.13,0.00,0.00,0.00,0.00,0.00,0.13",69,0.71,0.00,"Image, Video",
road map and distance calculator,"Informational, Commercial",50,"0.18,1.00,0.45,0.36,0.36,0.36,0.18,0.18,0.18,1.00,1.00,1.00",69,0.00,0.01,"Sitelinks, Image, Video, Related searches",34300000
sod calculator map,Informational,50,"0.17,0.17,0.17,0.17,0.33,1.00,1.00,0.83,0.67,0.33,0.67,0.67",3,0.00,0.02,"Sitelinks, Image pack, Video, Related searches",4550000
sq ft map calculator,"Informational, Commercial",50,"1.00,0.00,0.44,0.00,0.33,0.56,0.79,0.79,0.79,0.44,0.56,0.33",42,0.48,0.04,"Sitelinks, Video, Related searches",39200000
wind turbine calculator map,,50,"0.11,0.23,0.11,0.11,0.82,0.64,0.11,0.11,1.00,0.11,0.11,0.11",,0.00,0.00,,
acre calculator google maps,"Informational, Commercial",40,"0.00,1.00,0.00,0.45,0.55,0.45,0.55,0.79,0.55,0.55,0.55,0.33",53,0.43,0.04,"Sitelinks, Image, Image pack, Video, Related searches",2940000
area calculator google map,"Informational, Commercial",40,"0.00,0.00,0.00,0.00,0.00,0.00,0.00,1.00,0.00,0.00,0.00,0.00",55,0.40,0.03,"Sitelinks, Image, Video, Related searches",644000000
calculate a route on google maps,Informational,40,"0.18,0.18,0.18,0.18,0.18,1.00,1.00,0.18,1.00,1.00,0.18,1.00",55,0.58,0.03,"Sitelinks, AI Overview, Image pack, Video, Discussions and forums, Related searches",8890000
calculate area in google maps,Informational,40,"1.00,0.50,0.70,0.20,0.00,0.00,0.00,0.00,0.00,0.00,0.00,0.00",50,0.43,0.04,"Sitelinks, AI Overview, Video, Related searches, Questions and answers",288000000
calculate distance between two points on a map,"Informational, Transactional",40,"1.00,1.00,0.58,0.79,0.58,1.00,0.37,0.37,0.37,0.37,0.37,0.00",68,0.00,0.01,"Sitelinks, AI Overview, Image, Image pack, Video, Video carousel, People also ask, Discussions and forums, Related searches, Questions and answers",58800000
calculate distance on a map,Informational,40,"0.00,0.00,0.00,0.00,0.23,0.54,0.15,0.00,0.06,1.00,0.06,0.00",60,0.72,0.01,"AI Overview, Image, Image pack, Video, Related searches",177000000
calculate distance using google maps api,,40,"0.18,0.18,0.18,0.18,0.18,0.18,0.18,0.18,0.18,1.00,1.00,0.18",,0.00,0.02,,
calculate land area on map,Informational,40,"0.14,1.00,0.28,0.28,0.50,0.14,0.14,0.14,0.14,0.14,0.14,0.14",51,0.00,0.00,"Sitelinks, Video, Related searches",105000000
calculate map from bp,Informational,40,"0.43,0.71,0.57,0.43,0.43,1.00,0.14,0.29,0.29,0.43,0.71,1.00",29,1.52,0.00,"Image, Image pack, Video, People also ask, Related searches",49800000
calculate travel distance google maps,Informational,40,"0.11,0.11,0.52,0.23,1.00,0.11,0.11,0.11,0.11,0.11,0.11,0.11",38,0.00,0.00,"Featured snippet, Image, Video, Short videos, People also ask, Related searches, Questions and answers",7050000
calculate walking distance map,Informational,40,"0.09,0.45,0.45,0.64,0.00,0.00,0.00,0.00,0.82,1.00,1.00,0.64",52,0.85,0.07,"Sitelinks, Image, Image pack, Video, People also ask, Related searches",16200000
calculating map distance genetics,Informational,40,"1.00,0.17,0.17,0.17,1.00,0.17,1.00,0.17,0.17,0.17,0.17,0.17",20,0.00,0.00,"AI Overview, Video, Related searches",676000
commute time calculator google maps,Informational,40,"0.57,0.71,0.71,0.71,1.00,1.00,0.71,0.71,0.29,0.29,0.29,0.29",39,0.00,0.00,"Sitelinks, Video, People also ask, Related searches",9
distance calculation in google map,Informational,40,"0.00,1.00,0.00,0.00,0.00,0.00,0.00,0.00,0.00,0.00,0.00,0.00",72,0.69,0.00,"AI Overview, Image, Image pack, Video, People also ask, Related searches",85000000
distance calculator map driving,,40,"0.18,0.18,0.18,0.18,0.18,1.00,0.18,0.18,0.18,0.18,1.00,0.18",,0.00,0.00,,
distance calculator uk map,"Informational, Commercial",40,"0.11,0.11,0.11,0.11,0.11,0.52,0.11,1.00,0.11,0.00,0.11,0.11",59,0.00,0.00,"Sitelinks, Image, Image pack, Video, Related searches",74200000
distance calculator with google maps,,40,"0.00,0.00,0.00,0.00,0.00,0.00,0.00,0.00,0.00,1.00,0.00,0.00",,0.43,0.00,,
driving distance map calculator,,40,"0.18,0.18,0.18,0.18,0.18,1.00,0.18,0.18,0.18,0.18,1.00,0.18",,0.00,0.00,,
drop map calculator,"Informational, Commercial",40,"0.23,0.11,1.00,0.11,0.11,0.11,0.11,0.11,0.11,0.11,1.00,1.00",8,0.00,0.00,"Sitelinks, Image, Image pack, Video, Related searches",226000000
flat earth map distance calculator,,40,"0.18,0.18,0.18,0.18,0.18,0.18,0.18,0.18,0.18,0.18,1.00,1.00",,0.00,0.00,,
fortnite map money calculator,,40,"0.09,0.09,0.09,0.09,0.09,0.09,0.09,1.00,0.09,0.09,0.09,0.09",,0.00,0.00,,
foxhole artillery calculator map,Informational,40,"0.18,0.18,1.00,1.00,0.18,0.18,0.18,0.18,0.18,0.18,0.18,0.18",20,0.00,0.00,"Sitelinks, Image, Image pack, Video, Related searches",41
google map distance calculator tool,,40,"0.18,0.00,0.18,0.18,0.18,0.18,0.18,0.18,0.18,1.00,0.18,1.00",,0.00,0.00,,
google map driving distance calculator,,40,"0.00,0.00,0.00,1.00,0.24,0.19,0.19,0.00,0.00,0.33,0.00,0.00",,0.52,0.00,,
google map miles calculator,Informational,40,"0.20,0.29,0.00,0.00,0.00,1.00,0.00,0.34,0.00,0.66,0.49,0.00",71,0.71,0.00,"Sitelinks, Video, Related searches",24800000
google maps api distance calculation,,40,"0.18,0.18,0.63,0.18,0.18,0.18,0.18,0.18,0.18,1.00,1.00,0.18",,0.00,0.02,,
google maps distance calculator excel,,40,"0.14,0.50,1.00,0.64,0.14,0.14,0.28,0.28,0.28,0.14,0.14,0.14",,0.00,0.00,,
google maps distance calculator tool,,40,"0.18,0.00,0.18,0.18,0.18,0.18,0.18,0.18,0.18,1.00,0.18,1.00",,0.00,0.00,,
google maps driving time calculator,Informational,40,"0.22,0.78,0.11,0.11,0.11,0.55,1.00,0.78,0.78,0.22,0.55,0.33",70,0.50,0.00,"Sitelinks, Video, Related searches",27400000
google maps gas cost calculator,Informational,40,"0.00,0.00,0.00,0.00,0.00,0.00,0.00,1.00,0.80,0.07,0.07,0.07",49,0.00,0.00,"Sitelinks, AI Overview, Video, People also ask",
google maps roof area calculator,Informational,40,"0.18,0.18,0.18,0.18,0.18,1.00,0.18,0.18,0.18,1.00,0.18,1.00",11,2.66,0.61,"Sitelinks, AI Overview, Image pack, Video, People also ask, Related searches, Ads bottom",10
google maps sq ft calculator,Informational,40,"0.11,0.11,0.11,0.11,0.11,1.00,0.79,0.11,0.11,0.11,0.11,0.11",32,0.00,0.03,"Video, Related searches",8460000
google maps trip calculator,,40,"0.17,0.17,0.17,0.17,0.17,0.17,0.17,0.17,1.00,1.00,0.17,1.00",,0.00,0.01,,
google maps walking distance calculator,Informational,40,"0.79,0.55,0.79,1.00,0.00,0.00,0.79,0.00,0.00,0.55,0.21,0.00",84,0.62,0.01,"Sitelinks, AI Overview, Video, People also ask, Related searches",227000000
halfway point between two cities calculator google maps,,40,"0.00,0.00,0.00,0.00,0.36,0.27,1.00,0.63,0.81,0.36,0.18,1.00",,0.00,0.00,,
how do you calculate map blood pressure,,40,"0.18,0.18,0.18,0.18,0.18,0.18,0.27,0.18,0.36,0.63,0.18,1.00",,0.00,0.00,,
how does google maps calculate travel time,Informational,40,"0.44,0.44,0.44,0.44,0.27,0.44,0.44,1.00,0.17,0.17,0.17,0.17",30,0.00,0.00,"Featured snippet, Video, Video carousel, People also ask, Related searches",58000000
how to calculate a map,,40,"1.00,0.10,0.80,0.60,0.00,0.10,0.00,0.00,0.00,0.10,0.00,0.00",,0.00,0.00,,
how to calculate distance between genes in map units,Informational,40,"0.18,0.18,0.18,0.18,0.18,0.18,1.00,1.00,1.00,0.18,0.18,1.00",19,0.00,0.00,"AI Overview, Video, Related searches, Questions and answers",3480000
how to calculate latitude and longitude on a map,Informational,40,"1.00,0.18,0.18,0.18,0.18,0.18,0.18,0.18,0.18,0.18,0.18,1.00",37,0.00,0.01,"Sitelinks, AI Overview, Image pack, Video, Video carousel, People also ask, Related searches",10
how to calculate longitude and latitude on a map,Informational,40,"1.00,0.11,0.11,0.11,0.11,0.11,0.11,0.11,0.11,0.11,0.11,0.64",47,0.00,0.00,"Sitelinks, AI Overview, Image pack, Video, Video carousel, Related searches",31600000
how to calculate the map of a blood pressure,Informational,40,"0.45,0.36,0.18,1.00,1.00,0.18,0.18,0.18,0.18,0.18,0.18,0.18",15,0.00,0.00,"AI Overview, Image, Image pack, Video, People also ask, Related searches",10
land acreage calculator map,,40,"0.14,0.14,0.14,0.14,0.14,0.14,0.14,0.14,0.14,0.64,1.00,0.50",,0.37,0.09,,
map acre calculator,"Informational, Commercial",40,"0.00,0.00,0.00,0.00,0.11,0.11,0.83,0.83,1.00,0.00,0.00,0.00",23,0.47,0.04,"Sitelinks, Image pack, Video, Related searches",10
map developers mileage calculator,"Navigational, Transactional",40,"0.07,0.07,0.07,0.07,0.07,0.07,0.42,0.07,0.42,0.53,1.00,0.26",67,0.00,0.00,"Image pack, Video, People also ask, Related searches",96
map distance calculator genetics,Informational,40,"1.00,0.17,0.17,0.17,1.00,0.17,1.00,0.17,0.17,0.17,0.17,0.17",10,0.00,0.00,"Image pack, Video, Video carousel, Related searches",515000
map for bp calculator,"Informational, Commercial",40,"0.57,0.71,0.71,1.00,0.71,0.71,0.71,0.71,0.42,0.71,0.57,0.71",17,0.00,0.00,"Image, Image pack, Video, Related searches",21600000
map midpoint calculator,,40,"0.25,0.13,0.13,0.13,0.25,0.13,0.13,0.13,1.00,1.00,0.13,0.13",,0.00,0.00,,
map of bp calculator,"Informational, Commercial",40,"0.55,0.44,0.33,0.44,0.33,0.33,0.55,0.44,0.44,0.44,0.55,1.00",18,0.00,0.00,"Image, Image pack, Video, Related searches",17800000
map score percentile calculator,Informational,40,"0.36,0.18,0.45,0.45,0.27,0.36,0.45,1.00,0.18,0.18,0.18,0.18",14,0.00,0.00,"Sitelinks, Image pack, Video, People also ask, Related searches",4710000
map score percentile calculator 2024,"Informational, Commercial",40,"0.60,0.40,1.00,0.60,0.40,0.40,0.40,0.40,0.40,0.00,0.40,0.40",12,0.00,0.00,"Image pack, Related searches",81
map.calculation,Informational,40,"0.71,0.57,0.57,0.42,0.71,0.00,0.71,1.00,0.00,0.71,0.71,0.00",51,0.00,0.00,"Image, Image pack, Video, Video carousel, People also ask",203000000
mapping calculator,"Informational, Commercial",40,"1.00,0.00,0.00,0.00,0.00,0.00,0.00,0.00,0.00,0.00,0.00,0.00",56,0.00,0.00,"Sitelinks, Image pack, Video, Related searches",460000000
maps miles calculator,"Informational, Commercial",40,"0.00,0.18,0.00,0.18,0.00,1.00,0.09,0.63,0.81,0.45,0.00,0.63",72,0.00,0.03,"Sitelinks, Video, People also ask, Related searches",28000000
road distance calculator map,"Informational, Commercial",40,"0.18,1.00,0.45,0.36,0.36,0.36,0.18,0.18,0.18,1.00,1.00,1.00",63,0.00,0.02,"Sitelinks, AI Overview, Image pack, Video, Related searches",106000000
road map distance calculator,"Informational, Commercial",40,"0.18,1.00,0.45,0.36,0.36,0.36,0.18,0.18,0.18,1.00,0.63,1.00",63,0.00,0.02,"Sitelinks, Image, Video, Related searches",109000000
route calculator google maps,Informational,40,"0.18,0.18,0.18,0.18,0.18,1.00,1.00,0.18,1.00,1.00,0.18,1.00",64,0.58,0.03,"Image pack, Video, Related searches",55200000
running distance map calculator,"Informational, Commercial",40,"0.64,0.00,0.81,0.17,1.00,0.36,1.00,0.36,0.00,0.00,0.00,0.08",60,1.20,0.03,"Sitelinks, Image pack, Video, People also ask, Related searches, Ads top, Ads bottom",10
satisfactory-calculator map,Informational,40,"1.00,0.32,0.32,0.00,0.00,0.00,0.00,0.00,0.00,0.00,0.00,0.00",30,0.00,0.00,"Sitelinks, Image pack, Video, Video carousel, Related searches",87
trip calculator google maps,,40,"0.17,0.17,0.17,0.17,0.17,0.17,0.17,0.17,1.00,1.00,0.17,1.00",,0.00,0.01,,
using google maps to calculate distance,Informational,40,"0.11,0.11,0.11,0.11,0.11,0.00,0.11,1.00,1.00,1.00,0.64,0.82",47,0.00,0.00,"AI Overview, Video, Discussions and forums, Related searches",31000000
walk calculator map,Informational,40,"0.44,0.00,0.22,0.55,0.00,0.55,0.00,1.00,1.00,0.33,0.77,0.00",59,1.08,0.07,"Sitelinks, Image pack, Video, Related searches",124000000
walking time calculator google maps,Informational,40,"0.18,1.00,1.00,0.18,0.18,0.18,0.18,0.18,0.18,0.18,0.18,0.18",41,0.00,0.00,"Sitelinks, Video, People also ask, Related searches",38800000
aircraft range map calculator,,30,"1.00,0.75,0.75,0.75,0.75,0.75,0.50,0.50,0.75,0.50,1.00,0.75",,0.00,0.01,,
altitude calculator google maps,,30,"0.18,0.18,0.00,0.18,0.18,0.18,0.18,0.18,0.18,0.18,1.00,0.18",,0.00,0.00,,
astrology map calculator,,30,"0.18,0.18,0.18,0.18,0.18,0.18,0.18,0.18,0.18,0.18,0.18,1.00",,0.66,0.13,,
birth map calculator,,30,"0.18,0.18,0.18,0.18,0.18,0.18,0.18,0.18,0.18,0.18,0.18,1.00",,0.72,0.28,,
bo map calculator,,30,"0.09,0.18,0.36,0.18,0.09,0.00,0.27,0.27,0.36,1.00,0.18,0.00",,1.52,0.00,,
calcul itinéraire à pied google maps,,30,"1.00,0.14,0.00,0.14,0.14,0.14,0.14,0.14,0.00,0.14,0.14,0.14",,0.00,0.00,,
calculadora de mapa astral online,,30,"0.00,0.00,0.00,0.11,0.11,0.11,0.11,1.00,0.11,0.23,0.11,0.11",,0.00,0.00,,
calcular mapa astrocartografía,,30,"0.41,0.11,0.11,0.11,0.23,1.00,0.00,0.11,0.11,0.11,0.00,0.00",,0.00,0.00,,
calculate area maps,"Informational, Commercial",30,"0.00,0.00,0.00,0.00,0.00,1.00,0.00,0.00,0.00,0.00,0.00,0.00",55,0.53,0.05,"Sitelinks, AI Overview, Video, People also ask, Related searches",147000000
calculate area on google map,Informational,30,"0.00,0.00,0.00,1.00,0.00,0.00,0.00,0.00,0.00,0.00,0.00,0.00",50,0.43,0.04,"Sitelinks, AI Overview, Image pack, Video, People also ask, Related searches",399000000
calculate area using google maps,Informational,30,"0.00,0.00,0.00,0.00,0.24,0.00,0.00,1.00,0.33,0.33,0.00,0.00",30,0.40,0.03,"Sitelinks, AI Overview, Video, Related searches, Questions and answers",9
calculate direct distance google maps,,30,"0.28,0.28,0.28,0.28,1.00,0.57,0.28,0.28,0.57,0.28,0.28,0.28",,0.00,0.00,,
calculate distance from google maps,Informational,30,"0.00,0.00,0.00,0.00,0.00,0.00,0.00,0.00,0.00,0.00,0.00,0.00",66,0.62,0.00,"AI Overview, Image, Video, People also ask, Related searches",82000000
calculate distance google maps api,,30,"0.00,0.18,0.18,0.18,0.18,0.18,0.18,0.18,0.18,1.00,1.00,0.18",,0.00,0.02,,
calculate distance on maps,,30,"0.00,0.00,0.00,1.00,0.00,0.00,0.00,0.00,0.00,0.00,0.00,0.15",,0.72,0.01,,
calculate distance travelled google maps,,30,"0.00,0.11,0.11,0.00,1.00,0.11,0.11,0.11,0.11,0.11,0.11,0.11",,0.00,0.00,,
calculate map for bp,,30,"0.18,0.27,0.18,0.18,0.18,0.18,1.00,0.18,0.18,0.18,0.18,0.27",,0.00,0.00,,
calculate miles on map,Informational,30,"0.26,0.00,0.82,1.00,0.00,0.26,0.09,0.18,0.09,0.00,0.26,0.44",68,0.71,0.00,"Sitelinks, Image, Video, People also ask",
calculate roof area from google maps,Informational,30,"0.17,1.00,0.17,0.17,0.17,0.27,0.17,0.17,0.17,0.17,0.17,0.17",8,2.55,0.60,"Sitelinks, AI Overview, Image pack, Video, People also ask, Related searches",6610000
calculate roof square footage google maps,Informational,30,"0.49,0.49,0.49,0.49,0.74,0.74,0.74,1.00,0.49,0.49,0.49,0.49",8,3.48,0.69,"Sitelinks, AI Overview, Video, Video carousel, People also ask, Related searches, Questions and answers, Ads bottom",7010000
calculating map for bp,,30,"0.18,0.18,0.18,0.18,0.18,0.36,1.00,0.18,0.18,0.18,0.18,0.18",,0.00,0.00,,
calculating map of blood pressure,,30,"0.33,0.33,0.33,0.33,0.33,0.33,0.33,0.33,0.33,0.33,0.67,1.00",,0.00,0.00,,
calculer une distance sur maps,,30,"0.36,0.00,0.00,0.17,0.36,0.17,0.17,1.00,0.17,0.17,0.17,0.17",,0.00,0.00,,
distance between two points calculator google maps,,30,"0.18,0.18,0.18,0.18,1.00,0.18,0.18,0.18,0.18,0.18,0.18,0.18",,0.00,0.01,,
distance between two points calculator map,,30,"1.00,1.00,0.61,0.83,0.61,1.00,0.39,0.39,0.39,0.39,0.39,0.39",,0.00,0.00,,
distance between two points map calculator,,30,"1.00,1.00,0.60,0.80,0.60,1.00,0.40,0.40,0.40,0.40,0.40,0.40",,0.00,0.00,,
distance between two points on map calculator,,30,"1.00,1.00,0.61,0.83,0.61,1.00,0.39,0.39,0.39,0.39,0.39,0.39",,0.00,0.00,,
distances on map calculator,,30,"1.00,1.00,1.00,1.00,1.00,0.60,0.00,0.00,0.00,0.40,0.40,0.40",,0.00,0.00,,
driving time calculator map,,30,"0.29,0.00,0.43,0.71,0.57,0.29,0.57,0.29,0.71,0.71,1.00,0.57",,0.00,0.02,,
earth map distance calculator,,30,"0.77,0.44,0.44,1.00,0.22,0.22,0.22,0.22,0.22,0.22,0.22,0.22",,0.00,0.00,,
equidistant calculator map,,30,"0.18,1.00,0.18,0.18,0.18,0.18,0.18,0.18,0.18,0.18,0.18,0.18",,0.00,0.00,,
excel distance calculator for google maps,,30,"0.00,0.00,0.00,0.00,0.00,0.00,0.00,0.00,1.00,0.28,0.50,0.78",,0.00,0.00,,
fence calculator map,"Informational, Commercial",30,"0.60,0.40,0.40,0.40,0.40,0.80,0.40,1.00,0.60,1.00,1.00,1.00",5,1.80,0.16,"Image, Image pack, Video, Related searches",19700000
florida toll calculator map,,30,"0.71,0.57,0.57,0.71,1.00,0.29,0.29,0.29,0.29,0.29,0.29,0.29",,0.00,0.01,,
global distance calculator map,,30,"0.17,0.17,0.17,0.17,0.17,0.17,0.17,0.17,1.00,0.17,0.17,0.17",,0.00,0.00,,
google earth map distance calculator,,30,"0.11,0.11,0.11,1.00,0.11,0.11,0.11,0.11,0.11,0.11,0.11,0.11",,0.00,0.07,,
google map air distance calculator,,30,"0.18,0.18,0.18,0.00,0.18,0.18,0.18,0.18,0.18,0.18,0.18,1.00",,0.00,0.00,,
google map calculate distance api,,30,"0.00,0.17,0.17,0.17,0.17,0.17,0.17,0.17,0.17,1.00,1.00,0.17",,0.00,0.02,,
google maps altitude calculator,,30,"0.18,0.18,0.00,0.18,0.18,0.18,0.18,0.18,0.18,0.18,1.00,0.18",,0.00,0.00,,
google maps api for distance calculation,,30,"0.00,0.18,0.18,0.18,0.18,0.18,0.18,0.18,0.18,0.18,1.00,0.18",,0.00,0.02,,
google maps calcul itinéraire,,30,"0.78,0.14,1.00,0.00,0.14,0.14,0.14,0.00,0.14,0.00,0.00,0.14",,0.00,0.00,,
google maps distance calculation,Informational,30,"0.00,0.00,1.00,0.00,0.00,0.00,0.00,0.00,0.00,0.00,0.00,0.00",71,0.62,0.00,"Sitelinks, AI Overview, Video, Video carousel, Related searches",23700000
google maps distance calculator api,,30,"0.00,0.00,0.00,0.00,0.00,0.11,0.11,0.11,0.11,0.64,1.00,0.11",,0.00,0.02,,
google maps drive time calculator,Informational,30,"0.14,0.09,0.33,0.33,0.19,0.14,0.19,0.00,0.23,0.66,1.00,0.14",60,0.50,0.00,"Sitelinks, AI Overview, Video, Related searches",87200000
google maps fence calculator,,30,"0.50,0.50,0.50,0.50,0.50,0.75,0.50,0.50,0.75,1.00,1.00,0.50",,0.00,0.06,,
google maps platform pricing calculator,,30,"0.18,0.18,0.18,0.18,0.18,0.18,0.18,0.18,1.00,0.18,0.18,0.18",,0.00,0.02,,
google maps traffic calculator,,30,"0.18,0.18,0.18,0.18,0.18,0.18,1.00,0.18,0.18,0.18,0.18,0.18",,0.00,0.00,,
halfway map calculator,,30,"0.60,0.40,0.40,0.60,0.80,1.00,1.00,1.00,0.80,0.60,0.40,0.40",,0.00,0.00,,
how do you calculate map for blood pressure,,30,"1.00,0.63,0.18,0.18,0.18,0.18,0.18,0.18,0.18,0.18,0.18,0.18",,0.00,0.00,,
how does google maps calculate drive time,,30,"0.80,0.80,1.00,0.40,0.40,0.40,0.40,0.40,0.40,0.40,0.40,0.40",,0.00,0.00,,
how to calculate a map from blood pressure,,30,"0.00,0.00,0.00,0.00,1.00,0.29,0.17,0.11,0.11,0.11,0.11,0.11",,0.00,0.00,,
how to calculate acreage on google maps,Informational,30,"1.00,0.57,0.42,0.71,0.57,0.42,0.28,0.00,0.42,0.28,0.71,0.14",41,0.58,0.11,"Sitelinks, AI Overview, Video, People also ask, Related searches",993000
how to calculate area in google maps,,30,"0.09,0.09,1.00,0.09,0.09,0.09,0.09,0.09,0.09,0.09,0.09,0.09",,0.00,0.01,,
how to calculate map mean arterial pressure,,30,"0.18,0.18,0.18,0.18,0.18,0.18,0.18,0.18,0.18,0.18,0.18,1.00",,0.00,0.00,,
how to calculate map with bp,,30,"0.00,0.00,0.14,0.14,0.14,0.14,0.14,0.14,0.21,0.14,0.14,1.00",,0.00,0.00,,
how to calculate mape in forecasting,,30,"0.42,0.58,1.00,0.58,0.27,0.27,0.27,0.27,0.27,1.00,0.27,0.27",,0.00,0.00,,
how to calculate relief on a topographic map,,30,"0.29,0.29,0.29,0.29,0.29,0.29,1.00,0.57,0.29,0.29,0.29,1.00",,0.00,0.00,,
k maps calculator,,30,"0.00,0.00,0.00,0.00,1.00,0.00,0.05,0.05,0.05,0.00,0.00,0.00",,0.00,0.00,,
km calculator map,,30,"0.14,0.14,0.14,0.14,0.14,0.14,0.14,1.00,0.14,0.14,0.14,0.14",,0.00,0.00,,
line of sight calculator map,,30,"0.09,0.09,0.09,1.00,0.09,0.09,0.09,0.09,0.09,0.09,0.09,0.09",,0.00,0.00,,
magnetic declination calculator map,,30,"0.18,0.18,0.18,1.00,0.18,0.18,0.18,0.18,0.18,0.18,0.18,0.18",,0.00,0.00,,
map calculator mean arterial pressure,,30,"0.00,1.00,0.00,0.00,0.00,0.00,0.00,0.00,0.00,0.00,0.00,0.00",,0.00,0.00,,
map calculator medical,,30,"0.40,1.00,0.40,0.60,0.80,0.40,0.40,0.40,0.40,0.60,0.40,1.00",,0.00,0.00,,
map developer area calculator,Informational,30,"0.33,0.79,0.00,0.00,0.00,0.45,1.00,1.00,0.21,0.79,0.00,0.10",54,0.65,0.06,"Sitelinks, Video, Related searches",31300000
map distance calculator between two points,,30,"0.60,0.20,0.60,0.80,0.80,0.80,1.00,0.60,0.80,0.60,0.40,0.60",,0.00,0.01,,
map land calculator,,30,"0.18,0.18,1.00,0.18,0.18,0.18,0.18,0.18,0.18,0.18,0.18,0.18",,0.00,0.00,,
map medical calculation,,30,"1.00,0.40,0.40,0.60,0.40,0.40,0.40,0.40,0.60,0.40,0.60,0.40",,0.00,0.00,,
map step calculator,,30,"1.00,0.50,0.00,0.50,0.50,0.50,0.50,1.00,1.00,0.50,1.00,0.50",,0.00,0.00,,
map surface area calculator,,30,"1.00,0.22,0.77,0.22,0.22,0.22,0.22,0.22,0.22,0.22,0.22,0.22",,0.00,0.00,,
map test percentile calculator,,30,"0.18,0.18,0.18,1.00,0.18,0.18,0.18,0.18,0.18,0.18,0.18,0.18",,0.00,0.00,,
map to calculate walking distance,Informational,30,"0.18,0.18,0.18,0.18,0.18,1.00,0.18,0.18,0.18,0.18,0.18,0.18",52,0.62,0.08,"Sitelinks, Image, Image pack, Video, Related searches",23400000
mapa calcular distancias,,30,"1.00,0.29,0.29,0.57,0.29,0.29,0.29,0.29,0.29,0.29,0.29,0.29",,0.00,0.00,,
mape calculation in excel,,30,"1.00,0.75,0.50,1.00,1.00,0.75,0.50,0.50,0.75,0.75,0.50,0.75",,0.00,0.00,,
maps calcul itinéraire,,30,"0.22,0.22,0.00,0.44,1.00,0.22,0.22,0.22,0.22,0.22,0.22,0.22",,0.00,0.00,,
maps calorie calculator,,30,"0.75,0.50,0.50,0.50,0.50,0.50,0.75,0.75,1.00,0.50,0.50,0.50",,1.17,0.27,,
nautical distance calculator map google maps,,30,"0.77,0.44,0.22,0.22,0.22,0.22,0.77,0.22,0.22,0.22,1.00,0.22",,0.00,0.02,,
nautical miles calculator google maps,,30,"0.28,0.28,0.28,0.28,0.57,0.28,0.57,0.28,1.00,0.28,0.28,0.28",,0.00,0.00,,
nj turnpike toll calculator map,,30,"0.27,0.18,0.18,0.18,0.18,0.18,0.18,1.00,0.18,0.18,0.18,0.18",,0.00,0.00,,
port to port distance calculator google maps,,30,"0.28,0.28,0.28,0.28,0.28,1.00,0.28,0.28,0.57,0.28,0.28,0.28",,0.00,0.03,,
radius on map calculator,,30,"0.39,0.39,0.39,0.39,0.39,0.59,0.80,0.80,0.80,1.00,1.00,0.80",,0.00,0.00,,
round trip calculator google maps,,30,"0.28,1.00,0.28,0.57,0.28,0.28,0.28,0.28,0.28,0.28,0.28,0.28",,0.00,0.02,,
running map distance calculator,Informational,30,"0.22,1.00,0.11,0.44,0.00,0.78,0.44,0.78,0.00,0.00,0.11,0.00",58,1.11,0.02,"Sitelinks, Image pack, Video, Related searches",51000000
solar calculator map,,30,"0.14,0.14,0.14,0.14,0.14,0.14,0.14,0.14,0.14,0.14,1.00,0.14",,2.98,0.46,,
solar power calculator map,Informational,30,"0.18,0.18,0.18,0.18,0.18,0.18,0.18,0.18,0.18,0.18,1.00,0.18",28,2.73,0.43,"Sitelinks, AI Overview, Image pack, Video, People also ask, Related searches, Ads bottom",10
square foot calculator google maps,Informational,30,"1.00,0.00,0.17,0.17,0.36,1.00,0.00,0.45,0.00,1.00,0.81,0.45",32,0.67,0.03,"Sitelinks, Image pack, Video, Related searches",7000000
walking distance map calculator,Informational,30,"0.18,0.09,0.18,0.18,0.00,1.00,0.45,0.36,0.36,1.00,0.27,0.63",53,0.85,0.07,"Sitelinks, Image pack, Video, Related searches",68600000
world distance calculator map,,30,"0.18,0.09,0.63,0.09,0.09,0.27,0.09,0.18,1.00,0.18,0.18,0.18",,0.00,0.00,,
world map distance calculator,,30,"0.17,0.17,0.17,0.17,0.17,0.17,0.17,0.17,1.00,0.17,0.17,0.17",,0.00,0.00,,
world map mileage calculator,,30,"0.18,0.18,0.18,0.18,0.18,0.18,0.18,0.18,1.00,0.18,0.18,0.18",,0.00,0.00,,
150 air mile calculator google maps,,20,"1.00,0.50,0.00,1.00,1.00,1.00,1.00,1.00,1.00,1.00,1.00,1.00",,0.00,0.00,,
3 variable k map calculator,,20,"1.00,1.00,1.00,1.00,1.00,1.00,1.00,1.00,1.00,1.00,1.00,1.00",,0.00,0.00,,
4 variable k map calculator,,20,"1.00,1.00,1.00,1.00,1.00,1.00,1.00,1.00,1.00,1.00,0.00,1.00",,0.00,0.00,,
6 variable k map calculator,,20,"0.00,1.00,1.00,1.00,1.00,1.00,1.00,1.00,1.00,1.00,1.00,1.00",,0.00,0.00,,
a que velocidad calcula google maps en auto,,20,"1.00,1.00,1.00,0.00,1.00,1.00,0.00,0.00,1.00,1.00,1.00,1.00",,0.00,0.00,,
a que velocidad calcula google maps en bici,,20,"0.00,1.00,1.00,1.00,1.00,1.00,1.00,1.00,1.00,1.00,0.00,1.00",,0.00,0.00,,
acer calculator map,,20,"1.00,1.00,1.00,1.00,1.00,1.00,1.00,1.00,1.00,1.00,1.00,1.00",,0.00,0.07,,
acreage calculator using google maps,,20,"1.00,1.00,0.00,1.00,1.00,1.00,1.00,1.00,1.00,1.00,1.00,1.00",,0.00,0.04,,
advanced google maps distance calculator,,20,"1.00,0.00,1.00,1.00,1.00,1.00,1.00,1.00,1.00,1.00,1.00,1.00",,0.00,0.00,,
aerial distance calculator google maps,,20,"1.00,1.00,1.00,1.00,1.00,1.00,1.00,1.00,1.00,1.00,1.00,1.00",,0.00,0.00,,
aerial map acreage calculator,,20,"1.00,1.00,1.00,1.00,1.00,1.00,1.00,1.00,1.00,1.00,1.00,1.00",,0.00,0.11,,
air mile radius map calculator,,20,"0.00,1.00,1.00,1.00,1.00,1.00,1.00,1.00,1.00,1.00,1.00,1.00",,0.00,0.03,,
air miles flight calculator map,,20,"1.00,1.00,0.00,1.00,1.00,1.00,1.00,1.00,1.00,1.00,1.00,1.00",,0.00,0.00,,
airplane range map calculator,,20,"1.00,1.00,1.00,1.00,1.00,1.00,1.00,1.00,1.00,1.00,1.00,1.00",,0.00,0.01,,
altitude calculator map,,20,"1.00,1.00,1.00,1.00,1.00,1.00,1.00,1.00,1.00,1.00,1.00,1.00",,0.00,0.00,,
american airlines miles calculator map free,,20,"1.00,1.00,1.00,1.00,1.00,1.00,1.00,1.00,1.00,1.00,1.00,1.00",,0.00,0.02,,
american airlines miles calculator map international,,20,"1.00,1.00,1.00,1.00,1.00,1.00,1.00,1.00,1.00,1.00,1.00,1.00",,0.00,0.03,,
antenna coverage calculator map,,20,"1.00,1.00,1.00,1.00,1.00,1.00,1.00,1.00,1.00,1.00,1.00,1.00",,0.00,0.00,,
antenna range calculator map,,20,"1.00,1.00,1.00,1.00,1.00,1.00,1.00,1.00,1.00,1.00,1.00,1.00",,0.00,0.00,,
antipode calculator map,,20,"0.66,0.66,0.66,0.66,0.66,0.66,0.66,0.66,0.66,0.66,1.00,0.66",,0.00,0.00,,
app to calculate distance on map,,20,"1.00,1.00,1.00,1.00,1.00,1.00,1.00,1.00,1.00,1.00,1.00,0.00",,0.00,0.00,,
apple maps distance calculator,,20,"1.00,1.00,1.00,1.00,1.00,1.00,1.00,1.00,1.00,1.00,1.00,1.00",,0.00,0.00,,
area calculator free map tools,,20,"0.18,0.18,0.18,1.00,0.18,0.18,0.18,0.18,0.00,0.00,0.00,0.18",,0.00,0.05,,
area calculator from map,,20,"1.00,1.00,1.00,1.00,1.00,1.00,1.00,1.00,1.00,0.00,1.00,1.00",,0.00,0.00,,
area calculator google maps online,,20,"1.00,1.00,1.00,0.00,1.00,1.00,1.00,1.00,1.00,1.00,1.00,1.00",,0.00,0.00,,
area calculator map developers,,20,"1.00,1.00,1.00,1.00,1.00,1.00,1.00,1.00,1.00,1.00,1.00,1.00",,0.00,0.00,,
area calculator on map,,20,"1.00,1.00,1.00,1.00,1.00,1.00,1.00,1.00,1.00,0.50,0.00,0.00",,1.21,0.11,,
area calculator satellite map,,20,"1.00,1.00,1.00,1.00,1.00,1.00,1.00,1.00,0.50,1.00,1.00,1.00",,0.00,0.00,,
area calculator using maps,,20,"1.00,1.00,1.00,1.00,1.00,1.00,1.00,1.00,1.00,1.00,1.00,1.00",,0.00,0.07,,
area calculator with google maps,,20,"1.00,0.00,1.00,0.00,1.00,1.00,1.00,1.00,1.00,1.00,1.00,1.00",,0.00,0.07,,
area distance calculator google maps,,20,"1.00,1.00,1.00,1.00,1.00,1.00,1.00,1.00,1.00,1.00,0.00,1.00",,0.00,0.36,,
area on map calculator,,20,"1.00,1.00,1.00,1.00,1.00,1.00,1.00,1.00,1.00,1.00,1.00,1.00",,0.00,0.02,,
area size calculator map,,20,"0.00,0.00,0.00,1.00,1.00,1.00,1.00,1.00,1.00,1.00,1.00,1.00",,0.00,0.00,,
as the crow flies calculator google maps,,20,"0.00,0.00,1.00,0.28,0.14,0.14,0.28,0.28,0.28,0.28,0.28,0.28",,0.00,0.00,,
as the crow flies distance calculator google maps,,20,"1.00,1.00,1.00,1.00,1.00,1.00,1.00,1.00,1.00,1.00,1.00,1.00",,0.00,0.00,,
asteroid impact calculator map,,20,"1.00,1.00,1.00,1.00,1.00,1.00,1.00,1.00,1.00,1.00,1.00,1.00",,0.00,0.00,,
astral map calculator,,20,"1.00,1.00,1.00,1.00,1.00,1.00,1.00,1.00,1.00,1.00,1.00,1.00",,0.00,0.29,,
astrocartography map calculator,,20,"1.00,1.00,1.00,1.00,1.00,1.00,1.00,1.00,1.00,1.00,1.00,1.00",,0.55,0.11,,
astrology world map calculator,,20,"1.00,1.00,1.00,1.00,1.00,1.00,1.00,1.00,0.00,0.00,1.00,1.00",,0.00,0.00,,
at what speed does google maps calculate bike time,,20,"0.00,1.00,1.00,1.00,1.00,1.00,1.00,1.00,1.00,1.00,1.00,1.00",,0.00,0.00,,
at what speed does google maps calculate car time,,20,"1.00,1.00,1.00,1.00,0.00,0.00,1.00,1.00,1.00,1.00,1.00,0.00",,0.00,0.00,,
at what speed does google maps calculate driving time,,20,"1.00,1.00,1.00,1.00,1.00,1.00,1.00,1.00,1.00,1.00,1.00,1.00",,0.00,0.00,,
at what speed google maps calculate time,,20,"1.00,1.00,1.00,1.00,1.00,1.00,1.00,1.00,1.00,1.00,0.00,1.00",,0.00,0.00,,
avios calculator map,,20,"1.00,1.00,1.00,1.00,1.00,1.00,1.00,1.00,1.00,1.00,1.00,1.00",,0.00,0.00,,
azimuth calculator google maps,,20,"1.00,1.00,1.00,1.00,1.00,1.00,1.00,1.00,1.00,1.00,1.00,1.00",,0.00,0.00,,
azimuth calculator map,,20,"1.00,1.00,1.00,1.00,1.00,1.00,1.00,1.00,1.00,1.00,1.00,1.00",,0.00,0.01,,
azimuth map calculator,,20,"1.00,1.00,1.00,1.00,1.00,1.00,1.00,1.00,1.00,1.00,1.00,1.00",,0.00,0.00,,
base fuel map calculator,,20,"1.00,1.00,1.00,1.00,1.00,1.00,1.00,0.00,0.00,0.00,1.00,1.00",,0.00,0.00,,
bdo node map calculator,,20,"0.00,0.00,1.00,1.00,0.00,1.00,1.00,1.00,1.00,1.00,1.00,1.00",,0.00,0.00,,
bearing calculator map,,20,"0.50,0.50,0.50,1.00,1.00,1.00,1.00,1.00,1.00,1.00,1.00,1.00",,0.00,0.00,,
bicycle distance calculator map,,20,"1.00,1.00,1.00,1.00,1.00,1.00,1.00,1.00,1.00,1.00,1.00,1.00",,0.00,0.00,,
bike distance calculator map,,20,"1.00,1.00,1.00,1.00,1.00,1.00,1.00,1.00,1.00,1.00,1.00,1.00",,0.00,0.00,,
bike map calculator,,20,"0.28,0.28,0.28,0.28,0.28,0.00,0.28,0.42,0.42,0.00,1.00,0.00",,1.73,0.08,,
bike map distance calculator,,20,"1.00,1.00,1.00,1.00,1.00,1.00,1.00,1.00,1.00,1.00,1.00,1.00",,0.00,0.00,,
bike ride calculator map,,20,"1.00,1.00,1.00,1.00,1.00,1.00,1.00,1.00,1.00,1.00,1.00,1.00",,0.00,0.26,,
bike ride map calculator,,20,"1.00,1.00,1.00,1.00,1.00,1.00,1.00,1.00,1.00,1.00,1.00,1.00",,0.00,0.00,,
bike route calculator google maps,,20,"1.00,0.00,1.00,0.00,0.00,1.00,1.00,1.00,1.00,1.00,1.00,1.00",,0.00,0.00,,
bike time calculator map,,20,"1.00,1.00,1.00,0.00,1.00,1.00,1.00,1.00,1.00,1.00,1.00,1.00",,0.00,0.00,,
biking time calculator google maps,,20,"1.00,1.00,1.00,1.00,1.00,1.00,1.00,1.00,1.00,1.00,1.00,1.00",,0.00,0.04,,
bing maps area calculator,,20,"0.00,0.00,1.00,1.00,1.00,1.00,1.00,1.00,1.00,0.00,1.00,1.00",,0.00,0.00,,
bing maps distance calculator,,20,"1.00,1.00,1.00,1.00,1.00,1.00,1.00,1.00,1.00,1.00,1.00,1.00",,0.00,0.00,,
birth chart map calculator,,20,"1.00,1.00,1.00,1.00,0.00,1.00,1.00,1.00,1.00,1.00,1.00,1.00",,0.76,0.30,,
blast radius calculator map,,20,"0.66,0.66,0.66,0.66,0.66,0.66,0.66,0.66,1.00,0.66,0.66,0.66",,0.00,0.00,,
blood pressure map calculation,,20,"1.00,0.60,0.40,0.60,0.80,0.00,0.40,0.00,0.20,0.20,0.80,0.00",,0.00,0.00,,
blue ridge parkway distance calculator google maps,,20,"1.00,1.00,1.00,1.00,1.00,0.00,0.00,1.00,0.00,1.00,1.00,1.00",,0.00,0.00,,
bmi calculator map,,20,"1.00,1.00,0.00,1.00,1.00,1.00,1.00,1.00,1.00,1.00,1.00,1.00",,0.00,0.00,,
boat map calculator,,20,"1.00,1.00,0.00,0.00,1.00,1.00,1.00,1.00,1.00,1.00,1.00,1.00",,0.00,0.24,,
boolean expression to karnaugh map calculator,,20,"1.00,1.00,1.00,1.00,1.00,1.00,1.00,1.00,1.00,0.00,0.00,1.00",,0.00,0.00,,
building height calculator google maps,,20,"0.40,0.40,0.40,0.40,0.40,0.40,0.40,0.40,0.40,1.00,0.40,0.40",,0.00,0.00,,
building square footage calculator google maps,,20,"1.00,1.00,1.00,1.00,1.00,1.00,1.00,1.00,1.00,1.00,1.00,1.00",,0.00,0.00,,
calcul distance maps,,20,"1.00,0.00,1.00,0.00,1.00,1.00,1.00,0.00,1.00,1.00,1.00,1.00",,0.00,0.00,,
calcul itinéraire google maps,,20,"1.00,0.14,0.14,0.00,0.14,0.14,0.14,0.00,0.14,0.00,0.00,0.14",,0.00,0.00,,
calcul map,,20,"0.00,1.00,1.00,1.00,1.00,1.00,1.00,1.00,1.00,1.00,1.00,1.00",,0.00,0.00,,
calcul surface google map,,20,"0.50,0.00,0.25,0.25,0.25,0.75,1.00,0.75,0.75,0.00,0.50,0.00",,0.00,0.00,,
calculador de distancia entre dos puntos mapa,,20,"1.00,1.00,1.00,1.00,1.00,1.00,1.00,1.00,1.00,1.00,1.00,1.00",,0.00,0.03,,
calculador de distancias mapa,,20,"1.00,1.00,1.00,1.00,1.00,1.00,1.00,0.00,0.00,1.00,1.00,1.00",,0.00,0.14,,
calculadora de distancia entre dos puntos mapa,,20,"0.50,0.50,1.00,0.50,1.00,1.00,1.00,1.00,0.00,1.00,1.00,1.00",,0.00,0.03,,
calculadora de mapa astral,,20,"1.00,1.00,1.00,1.00,1.00,1.00,1.00,1.00,1.00,1.00,1.00,1.00",,0.00,0.16,,
calculadora map,,20,"1.00,1.00,1.00,1.00,1.00,1.00,1.00,1.00,1.00,1.00,1.00,1.00",,0.00,0.00,,
calcular area en google maps,,20,"1.00,1.00,0.00,1.00,1.00,1.00,1.00,0.00,0.00,1.00,1.00,1.00",,0.00,0.00,,
calcular combustible google maps,,20,"1.00,1.00,1.00,1.00,1.00,1.00,1.00,1.00,1.00,1.00,1.00,1.00",,0.00,0.09,,
calcular distancia entre dos puntos google maps,,20,"1.00,1.00,1.00,1.00,1.00,1.00,1.00,1.00,1.00,1.00,1.00,1.00",,0.00,0.00,,
calcular distancia entre dos puntos mapa,,20,"1.00,1.00,1.00,1.00,1.00,1.00,1.00,1.00,1.00,1.00,1.00,1.00",,0.00,0.00,,
calcular distancia entre dos puntos maps,,20,"1.00,1.00,1.00,1.00,1.00,1.00,1.00,1.00,1.00,1.00,1.00,1.00",,0.00,0.00,,
calcular distancia mapa,,20,"1.00,1.00,1.00,1.00,1.00,1.00,1.00,1.00,1.00,1.00,1.00,1.00",,0.00,0.00,,
calcular distancia maps,,20,"1.00,1.00,1.00,1.00,1.00,1.00,1.00,1.00,1.00,1.00,1.00,1.00",,0.00,0.00,,
calcular distancias google maps,,20,"1.00,1.00,0.00,1.00,1.00,1.00,1.00,1.00,1.00,1.00,1.00,1.00",,0.00,0.00,,
calcular distancias maps,,20,"1.00,1.00,1.00,1.00,1.00,1.00,1.00,1.00,1.00,1.00,1.00,1.00",,0.00,0.00,,
calcular distância google maps,,20,"1.00,1.00,1.00,1.00,1.00,1.00,1.00,1.00,0.00,0.00,1.00,1.00",,0.00,0.05,,
calcular map,,20,"1.00,1.00,1.00,1.00,1.00,1.00,1.00,1.00,1.00,1.00,1.00,1.00",,0.00,0.00,,
calcular mapa astral,,20,"0.48,0.48,0.48,0.48,0.48,0.48,0.48,0.48,1.00,0.48,0.48,0.48",,0.00,0.13,,
calcular peajes google maps,,20,"1.00,1.00,1.00,1.00,1.00,1.00,1.00,1.00,1.00,1.00,1.00,1.00",,0.00,0.00,,
calcular rota google maps,,20,"1.00,1.00,1.00,1.00,1.00,1.00,1.00,1.00,1.00,1.00,1.00,1.00",,0.00,0.00,,
calcular rota maps,,20,"1.00,1.00,1.00,0.00,1.00,1.00,1.00,1.00,1.00,1.00,1.00,0.00",,0.00,0.00,,
calcular ruta google maps,,20,"1.00,1.00,1.00,1.00,1.00,1.00,1.00,1.00,1.00,1.00,1.00,1.00",,0.00,0.00,,
calcular tiempo de viaje google maps,,20,"1.00,1.00,1.00,1.00,1.00,1.00,1.00,1.00,1.00,0.00,0.00,0.00",,0.00,0.00,,
calculate a map,,20,"0.66,0.66,0.66,0.66,0.66,0.66,0.66,0.66,0.66,0.66,0.66,1.00",,0.00,0.00,,
calculate a radius on a map,,20,"1.00,1.00,1.00,1.00,1.00,1.00,1.00,1.00,1.00,1.00,1.00,1.00",,0.00,0.00,,
calculate a walking distance on google maps,,20,"1.00,1.00,1.00,1.00,1.00,1.00,1.00,1.00,1.00,1.00,1.00,1.00",,0.00,0.00,,
calculate acreage google maps,,20,"1.00,1.00,1.00,1.00,1.00,1.00,1.00,1.00,1.00,1.00,1.00,0.00",,0.40,0.03,,
calculate acreage on map,,20,"0.07,0.00,0.00,0.07,0.07,0.00,0.00,0.00,0.07,1.00,0.07,0.00",,0.45,0.05,,
calculate acres from map,,20,"0.14,0.14,1.00,0.14,0.14,0.28,0.28,0.28,0.28,0.28,0.28,0.00",,0.00,0.00,,
calculate actual distance on a map,,20,"1.00,0.50,0.50,0.00,0.00,0.50,0.50,0.00,0.50,0.50,0.50,0.50",,0.00,0.00,,
calculate air miles between two points map,,20,"1.00,1.00,1.00,1.00,1.00,1.00,1.00,1.00,1.00,1.00,1.00,1.00",,0.00,0.00,,
calculate azimuth google maps,,20,"1.00,1.00,1.00,1.00,1.00,1.00,1.00,1.00,1.00,1.00,1.00,1.00",,0.00,0.00,,
calculate best route google maps,,20,"1.00,1.00,1.00,1.00,1.00,1.00,0.00,0.00,1.00,1.00,1.00,0.00",,0.00,0.00,,
calculate best route multiple stops google maps,,20,"1.00,1.00,1.00,1.00,1.00,1.00,1.00,1.00,1.00,0.50,0.50,0.00",,0.00,0.00,,
calculate distance as the crow flies google maps,,20,"1.00,1.00,1.00,1.00,1.00,1.00,1.00,1.00,1.00,1.00,1.00,1.00",,0.00,0.00,,
calculate distance between two addresses google maps,,20,"1.00,1.00,1.00,0.00,1.00,1.00,1.00,1.00,1.00,0.00,1.00,0.00",,0.00,0.00,,
calculate distance between two coordinates google maps,,20,"1.00,1.00,1.00,1.00,1.00,1.00,1.00,1.00,1.00,1.00,1.00,1.00",,0.00,0.00,,
calculate distance between two latitude longitude points google maps api,,20,"1.00,1.00,0.43,0.00,1.00,1.00,1.00,1.00,1.00,1.00,1.00,1.00",,0.00,0.00,,
calculate distance between two points google maps api,,20,"1.00,1.00,1.00,1.00,1.00,1.00,1.00,1.00,1.00,1.00,1.00,1.00",,0.00,0.04,,
calculate distance between two points google maps javascript,,20,"1.00,1.00,0.00,1.00,1.00,1.00,1.00,1.00,1.00,1.00,1.00,0.00",,0.00,0.00,,
calculate distance between two points map,,20,"1.00,0.00,0.49,0.74,0.74,0.49,0.49,0.49,0.49,0.25,0.49,0.49",,0.00,0.01,,
calculate distance draw on map,,20,"1.00,0.00,1.00,1.00,1.00,1.00,1.00,1.00,1.00,1.00,1.00,1.00",,0.00,0.04,,
calculate distance from latitude and longitude google map,,20,"0.50,0.50,0.50,1.00,0.75,1.00,1.00,0.50,0.50,0.50,0.00,0.50",,0.00,0.00,,
calculate distance from map,,20,"0.00,0.00,0.00,0.00,0.00,0.00,0.00,0.00,0.00,0.00,0.00,1.00",,0.72,0.01,,
calculate distance google maps android,,20,"1.00,1.00,1.00,1.00,1.00,1.00,1.00,1.00,1.00,1.00,1.00,1.00",,0.00,0.00,,
calculate distance google maps excel,,20,"1.00,1.00,1.00,1.00,1.00,1.00,1.00,1.00,1.00,1.00,1.00,1.00",,0.00,0.00,,
calculate distance in excel with google maps,,20,"1.00,1.00,1.00,1.00,1.00,1.00,1.00,1.00,1.00,1.00,1.00,1.00",,0.00,0.00,,
calculate distance maps google,,20,"1.00,1.00,1.00,1.00,1.00,1.00,1.00,1.00,1.00,1.00,1.00,1.00",,0.00,0.00,,
calculate distance of route on google maps,,20,"1.00,1.00,1.00,1.00,1.00,1.00,1.00,1.00,1.00,1.00,1.00,1.00",,0.00,0.00,,
calculate distance on google map,,20,"0.21,0.00,0.00,0.00,0.00,0.00,0.00,0.00,0.00,0.00,0.00,1.00",,0.43,0.00,,
calculate distance on google maps app,,20,"1.00,0.00,1.00,1.00,1.00,1.00,1.00,1.00,1.00,1.00,1.00,1.00",,0.00,0.43,,
calculate distance on map walking,,20,"1.00,1.00,0.00,1.00,1.00,1.00,1.00,1.00,1.00,1.00,1.00,1.00",,0.00,0.00,,
calculate distance radius map,,20,"1.00,1.00,1.00,1.00,1.00,1.00,1.00,1.00,1.00,1.00,1.00,1.00",,0.00,0.02,,
calculate distance travelled on google maps,,20,"0.00,1.00,1.00,0.00,1.00,1.00,1.00,1.00,1.00,1.00,1.00,1.00",,0.00,0.00,,
calculate elevation gain google maps,,20,"1.00,1.00,1.00,1.00,1.00,1.00,1.00,1.00,1.00,1.00,1.00,1.00",,0.00,0.00,,
calculate equidistant points map,,20,"1.00,1.00,1.00,1.00,1.00,1.00,1.00,1.00,1.00,1.00,1.00,1.00",,0.00,0.00,,
calculate gas cost for trip google maps,,20,"1.00,1.00,1.00,1.00,1.00,1.00,1.00,1.00,1.00,1.00,1.00,1.00",,0.00,0.02,,
calculate gas cost google maps,,20,"1.00,1.00,1.00,1.00,1.00,1.00,1.00,1.00,1.00,1.00,1.00,1.00",,0.00,0.00,,
calculate gas cost trip google maps,,20,"1.00,1.00,1.00,1.00,1.00,1.00,1.00,1.00,1.00,1.00,1.00,1.00",,0.00,0.02,,
calculate gas for trip google maps,,20,"1.00,1.00,1.00,1.00,1.00,1.00,1.00,1.00,1.00,1.00,1.00,1.00",,0.00,0.06,,
calculate gas usage google maps,,20,"1.00,1.00,1.00,1.00,1.00,1.00,1.00,1.00,1.00,1.00,1.00,1.00",,0.00,0.00,,
calculate google maps distance between two addresses,,20,"1.00,1.00,1.00,0.00,1.00,1.00,1.00,1.00,1.00,0.00,1.00,0.00",,0.00,0.00,,
calculate gradient topographic map,,20,"1.00,1.00,0.00,1.00,1.00,1.00,1.00,1.00,1.00,1.00,1.00,1.00",,0.00,0.00,,
calculate how far i walked on a map,,20,"0.00,0.00,1.00,1.00,1.00,1.00,1.00,1.00,1.00,0.00,1.00,1.00",,0.00,0.00,,
calculate kilometers on map,,20,"1.00,0.28,0.28,0.28,0.28,0.28,0.00,0.28,0.28,0.28,0.28,0.28",,0.00,0.00,,
calculate land area from google maps,,20,"1.00,1.00,1.00,1.00,1.00,1.00,1.00,1.00,1.00,1.00,1.00,1.00",,0.00,0.06,,
calculate land area on google maps,,20,"0.00,1.00,1.00,1.00,1.00,1.00,1.00,1.00,1.00,1.00,1.00,1.00",,0.00,0.00,,
calculate land size google maps,,20,"1.00,1.00,1.00,1.00,1.00,1.00,1.00,1.00,1.00,1.00,1.00,1.00",,0.00,0.00,,
calculate length on google maps,,20,"1.00,1.00,0.00,1.00,1.00,1.00,1.00,0.00,0.00,1.00,1.00,1.00",,0.00,0.00,,
calculate line of sight distance google maps,,20,"1.00,1.00,1.00,1.00,1.00,1.00,1.00,1.00,1.00,1.00,1.00,0.00",,0.00,0.00,,
calculate lot size google maps,,20,"1.00,1.00,1.00,1.00,1.00,1.00,1.00,1.00,1.00,1.00,1.00,1.00",,0.00,0.07,,
calculate map distance between genes,,20,"1.00,1.00,1.00,1.00,1.00,1.00,0.00,1.00,1.00,0.00,0.00,1.00",,0.00,0.00,,
calculate map distance between two genes,,20,"1.00,1.00,1.00,1.00,1.00,1.00,1.00,1.00,1.00,1.00,1.00,1.00",,0.00,0.00,,
calculate map from sbp and dbp,,20,"0.39,0.39,0.39,0.39,0.39,1.00,0.59,0.39,0.39,0.39,0.39,0.39",,0.00,0.00,,
calculate map from systolic and diastolic,,20,"1.00,1.00,1.00,1.00,1.00,1.00,1.00,1.00,1.00,1.00,1.00,1.00",,0.00,0.00,,
calculate map in blood pressure,,20,"0.00,0.50,0.50,0.50,0.50,0.50,1.00,0.50,0.50,0.50,0.50,0.50",,0.00,0.00,,
calculate map nursing,,20,"1.00,1.00,1.00,1.00,1.00,1.00,1.00,1.00,1.00,1.00,1.00,1.00",,0.00,0.00,,
calculate map of bp,,20,"1.00,1.00,1.00,1.00,1.00,1.00,1.00,1.00,1.00,1.00,1.00,1.00",,0.00,0.00,,
calculate map systolic diastolic,,20,"0.50,1.00,1.00,1.00,1.00,1.00,1.00,1.00,1.00,1.00,1.00,0.00",,0.00,0.00,,
calculate map units,,20,"1.00,1.00,1.00,1.00,1.00,1.00,1.00,1.00,1.00,1.00,1.00,1.00",,0.00,0.00,,
calculate mape in python,,20,"1.00,1.00,1.00,1.00,1.00,1.00,1.00,1.00,1.00,1.00,1.00,1.00",,0.00,0.00,,
calculate mape in r,,20,"1.00,1.00,1.00,1.00,1.00,1.00,0.00,1.00,1.00,1.00,1.00,1.00",,0.00,0.00,,
calculate mape python,,20,"1.00,1.00,0.00,1.00,1.00,1.00,1.00,1.00,1.00,0.00,0.00,1.00",,0.00,0.00,,
calculate middle point map,,20,"1.00,1.00,1.00,1.00,1.00,1.00,1.00,1.00,1.00,1.00,0.00,1.00",,0.00,0.00,,
calculate mileage google maps,,20,"1.00,1.00,1.00,1.00,1.00,1.00,1.00,1.00,1.00,1.00,1.00,1.00",,0.00,0.01,,
calculate mileage map,,20,"0.00,0.33,0.00,0.00,0.00,1.00,0.33,0.67,0.33,0.67,0.33,0.67",,0.93,0.02,,
calculate mileage on google maps,,20,"1.00,1.00,1.00,1.00,1.00,1.00,1.00,1.00,1.00,1.00,1.00,1.00",,0.00,0.00,,
calculate miles traveled on map,,20,"1.00,1.00,1.00,1.00,1.00,1.00,0.00,1.00,0.00,1.00,1.00,1.00",,0.00,0.00,,
calculate miles walked on map,,20,"1.00,1.00,1.00,1.00,1.00,1.00,1.00,1.00,1.00,1.00,1.00,1.00",,0.00,0.02,,
calculate my map,,20,"1.00,1.00,1.00,1.00,1.00,1.00,1.00,1.00,1.00,1.00,1.00,1.00",,0.00,0.00,,
calculate radius on google maps,,20,"1.00,1.00,0.00,1.00,1.00,1.00,1.00,1.00,1.00,1.00,1.00,1.00",,0.00,0.00,,
calculate route distance google maps,,20,"1.00,1.00,1.00,1.00,1.00,1.00,1.00,1.00,1.00,1.00,1.00,1.00",,0.00,0.00,,
calculate run distance map,,20,"0.00,0.00,0.81,0.00,1.00,0.00,0.00,0.00,0.00,0.00,0.00,0.00",,1.22,0.02,,
calculate running route google maps,,20,"1.00,1.00,1.00,1.00,1.00,1.00,1.00,1.00,1.00,1.00,1.00,1.00",,0.00,0.03,,
calculate sea route distance in google maps,,20,"0.00,1.00,1.00,1.00,0.00,1.00,1.00,1.00,1.00,1.00,1.00,1.00",,0.00,0.14,,
calculate square feet from google maps,,20,"1.00,1.00,1.00,1.00,1.00,1.00,1.00,1.00,1.00,1.00,1.00,1.00",,0.00,0.02,,
calculate square feet google maps,,20,"1.00,1.00,1.00,1.00,1.00,1.00,1.00,1.00,1.00,1.00,1.00,1.00",,0.00,0.02,,
calculate square footage from google maps,,20,"1.00,1.00,1.00,1.00,1.00,1.00,1.00,1.00,1.00,1.00,1.00,1.00",,0.25,0.09,,
calculate square footage google maps,,20,"1.00,1.00,1.00,1.00,1.00,1.00,1.00,1.00,1.00,1.00,1.00,1.00",,0.00,0.02,,
calculate square footage using google maps,,20,"1.00,1.00,1.00,1.00,1.00,1.00,1.00,1.00,1.00,1.00,1.00,1.00",,0.00,0.10,,
calculate square miles on google maps,,20,"1.00,1.00,1.00,1.00,1.00,1.00,1.00,1.00,1.00,1.00,1.00,1.00",,0.00,0.03,,
calculate square miles on map,,20,"1.00,1.00,1.00,1.00,1.00,1.00,1.00,1.00,1.00,1.00,1.00,1.00",,0.00,0.01,,
calculate straight line distance on google maps,,20,"1.00,0.00,1.00,1.00,1.00,1.00,0.00,1.00,1.00,1.00,1.00,1.00",,0.00,0.00,,
calculate surface area google maps,,20,"1.00,1.00,1.00,1.00,1.00,1.00,1.00,1.00,1.00,1.00,1.00,0.00",,0.00,0.00,,
calculate the map distance between two genes,,20,"1.00,1.00,1.00,1.00,1.00,1.00,1.00,1.00,1.00,1.00,1.00,1.00",,0.00,0.00,,
calculate the map for a blood pressure of 130 85,,20,"1.00,1.00,0.00,1.00,1.00,1.00,1.00,1.00,1.00,1.00,1.00,1.00",,0.00,0.00,,
calculate the map of blood pressure,,20,"1.00,1.00,1.00,1.00,1.00,1.00,1.00,1.00,1.00,1.00,1.00,1.00",,0.00,0.00,,
calculate the map of bp,,20,"1.00,1.00,1.00,1.00,1.00,1.00,1.00,1.00,1.00,1.00,1.00,1.00",,0.00,0.00,,
calculate tolls for trip google maps,,20,"1.00,0.00,1.00,1.00,1.00,1.00,1.00,1.00,1.00,1.00,1.00,1.00",,0.00,0.00,,
calculate walking distance on google maps,,20,"0.00,0.00,0.00,0.00,0.00,0.00,0.07,0.14,1.00,0.14,0.14,0.07",,0.68,0.04,,
calculate yard square footage google maps,,20,"1.00,0.00,1.00,1.00,1.00,1.00,1.00,1.00,1.00,1.00,1.00,1.00",,0.00,0.00,,
calculating a map,,20,"1.00,1.00,1.00,1.00,1.00,1.00,1.00,1.00,1.00,1.00,1.00,1.00",,0.00,0.00,,
calculating distance using map scale worksheets,,20,"1.00,1.00,1.00,1.00,1.00,1.00,1.00,1.00,1.00,1.00,1.00,1.00",,0.00,0.00,,
calculating gene map distance,,20,"1.00,1.00,1.00,1.00,1.00,1.00,1.00,1.00,1.00,1.00,1.00,1.00",,0.00,0.00,,
calculating gradient on a map,,20,"1.00,1.00,1.00,1.00,1.00,1.00,1.00,1.00,1.00,1.00,1.00,1.00",,0.00,0.00,,
calculating gradient on a topographic map,,20,"1.00,1.00,0.00,1.00,1.00,1.00,1.00,1.00,1.00,1.00,1.00,1.00",,0.00,0.00,,
calculating gradient topographic maps,,20,"1.00,1.00,1.00,1.00,1.00,1.00,1.00,1.00,1.00,1.00,1.00,1.00",,0.00,0.00,,
calculating lead time value stream map,,20,"1.00,1.00,1.00,1.00,1.00,1.00,1.00,1.00,1.00,1.00,1.00,0.00",,0.00,0.00,,
calculating map distance,,20,"0.00,0.00,0.00,1.00,0.00,0.00,0.00,0.00,0.00,0.00,0.00,0.00",,0.72,0.01,,
calculating map from systolic and diastolic,,20,"1.00,0.00,1.00,1.00,1.00,1.00,1.00,1.00,1.00,1.00,1.00,0.00",,0.00,0.00,,
calculating map in blood pressure,,20,"1.00,1.00,1.00,0.00,1.00,1.00,1.00,1.00,1.00,1.00,1.00,1.00",,0.00,0.00,,
calculating map nursing,,20,"1.00,1.00,1.00,0.00,1.00,1.00,1.00,1.00,1.00,1.00,0.00,1.00",,0.00,0.00,,
calculating map score,,20,"0.66,0.66,0.66,1.00,0.66,0.66,0.66,0.66,0.66,0.66,0.66,0.66",,0.00,0.00,,
calculating map units,,20,"1.00,1.00,1.00,1.00,1.00,1.00,1.00,1.00,1.00,1.00,1.00,1.00",,0.00,0.00,,
calculating map with blood pressure,,20,"1.00,1.00,1.00,0.00,1.00,1.00,1.00,1.00,1.00,1.00,1.00,0.00",,0.00,0.00,,
calculating strike and dip from contour map,,20,"1.00,1.00,1.00,1.00,1.00,1.00,1.00,1.00,0.00,1.00,1.00,1.00",,0.00,0.00,,
calculating tolls on google maps,,20,"1.00,1.00,1.00,1.00,1.00,1.00,1.00,1.00,1.00,1.00,1.00,1.00",,0.00,0.00,,
calculating true thickness of a bed from map data,,20,"1.00,1.00,1.00,1.00,1.00,1.00,1.00,1.00,0.00,1.00,1.00,1.00",,0.00,0.00,,
calculation of map,,20,"0.00,1.00,0.21,0.14,0.00,0.29,0.29,0.00,0.21,0.00,0.00,0.00",,0.00,0.00,,
calculator for map,,20,"1.00,1.00,1.00,1.00,1.00,1.00,1.00,1.00,1.00,1.00,1.00,1.00",,0.00,0.00,,
calculator google maps,,20,"0.60,0.20,0.00,0.00,0.80,0.60,1.00,0.60,0.00,0.00,0.00,0.00",,0.00,0.02,,
calculator map blood pressure,,20,"1.00,1.00,1.00,1.00,1.00,1.00,1.00,1.00,1.00,1.00,1.00,1.00",,0.00,0.00,,
calculator minecraft map,,20,"1.00,1.00,0.00,1.00,1.00,0.00,0.00,1.00,1.00,1.00,1.00,1.00",,0.00,0.00,,
calculer distance maps,,20,"0.00,1.00,0.00,1.00,1.00,1.00,1.00,1.00,1.00,1.00,1.00,1.00",,0.00,0.00,,
calculo do mapa astral,,20,"1.00,1.00,1.00,1.00,1.00,1.00,0.00,1.00,1.00,1.00,1.00,0.00",,0.00,0.00,,
can google maps calculate acreage,,20,"1.00,1.00,1.00,1.00,1.00,1.00,1.00,1.00,1.00,1.00,1.00,1.00",,0.00,0.00,,
can google maps calculate area,,20,"1.00,1.00,1.00,1.00,1.00,1.00,1.00,1.00,1.00,1.00,1.00,1.00",,0.00,0.00,,
can google maps calculate distance,,20,"1.00,1.00,1.00,1.00,1.00,1.00,1.00,1.00,1.00,1.00,1.00,1.00",,0.00,0.00,,
can google maps calculate square footage,,20,"1.00,1.00,1.00,1.00,1.00,1.00,1.00,1.00,1.00,1.00,1.00,1.00",,0.00,0.00,,
can i calculate area on google maps,,20,"1.00,1.00,0.00,1.00,1.00,1.00,1.00,1.00,1.00,1.00,1.00,1.00",,0.00,0.00,,
can i calculate distance on google maps,,20,"1.00,1.00,1.00,1.00,1.00,1.00,1.00,1.00,1.00,1.00,1.00,1.00",,0.00,0.00,,
can we calculate area from google map,,20,"0.00,0.00,0.00,1.00,1.00,1.00,1.00,1.00,1.00,1.00,1.00,1.00",,0.00,0.00,,
can you calculate area on google maps,,20,"1.00,1.00,1.00,1.00,1.00,1.00,1.00,1.00,1.00,1.00,1.00,1.00",,0.00,0.00,,
can you calculate distance on google maps,,20,"1.00,1.00,1.00,1.00,1.00,1.00,1.00,1.00,1.00,1.00,1.00,1.00",,0.00,0.00,,
can you calculate square footage on google maps,,20,"1.00,1.00,1.00,1.00,1.00,1.00,1.00,1.00,1.00,1.00,1.00,1.00",,0.00,0.00,,
can you calculate tolls on google maps,,20,"1.00,1.00,1.00,1.00,1.00,1.00,1.00,1.00,1.00,1.00,1.00,1.00",,0.00,0.00,,
center point map calculator,,20,"1.00,1.00,1.00,1.00,0.00,1.00,0.00,1.00,1.00,1.00,1.00,1.00",,0.00,0.00,,
circle radius map calculator,,20,"1.00,1.00,1.00,1.00,1.00,1.00,1.00,1.00,1.00,1.00,1.00,1.00",,0.00,0.00,,
circumference map calculator,,20,"1.00,1.00,1.00,1.00,1.00,1.00,1.00,1.00,1.00,1.00,1.00,1.00",,0.00,0.00,,
circumference map distance calculator,,20,"1.00,1.00,1.00,1.00,0.00,1.00,1.00,1.00,1.00,1.00,1.00,1.00",,0.00,0.00,,
commute calculator google maps,,20,"1.00,1.00,1.00,1.00,1.00,1.00,1.00,1.00,1.00,1.00,1.00,1.00",,0.00,0.00,,
commute map calculator,,20,"1.00,1.00,1.00,1.00,1.00,1.00,1.00,1.00,1.00,1.00,1.00,1.00",,0.00,0.00,,
commute time calculator map,,20,"1.00,1.00,1.00,1.00,1.00,1.00,1.00,1.00,1.00,1.00,1.00,1.00",,0.00,0.00,,
commute time map calculator,,20,"1.00,1.00,1.00,1.00,1.00,1.00,1.00,1.00,1.00,1.00,1.00,1.00",,0.00,0.00,,
como calcula google maps el tiempo de viaje,,20,"1.00,0.00,1.00,1.00,1.00,1.00,0.00,1.00,1.00,1.00,1.00,1.00",,0.00,0.00,,
como calcular distancia entre dos puntos en google maps,,20,"1.00,0.00,1.00,1.00,1.00,1.00,1.00,0.00,1.00,1.00,1.00,0.00",,0.00,0.00,,
como calcular distancia no google maps,,20,"1.00,1.00,1.00,1.00,1.00,1.00,1.00,0.00,1.00,0.00,1.00,1.00",,0.00,0.00,,
como calcular distancias en maps,,20,"0.00,0.00,0.00,1.00,1.00,1.00,1.00,1.00,1.00,1.00,1.00,1.00",,0.00,0.00,,
como calcular la distancia en google maps,,20,"1.00,1.00,1.00,1.00,1.00,1.00,1.00,1.00,1.00,1.00,1.00,0.00",,0.00,0.00,,
como calcular la escala de un mapa,,20,"1.00,1.00,1.00,1.00,1.00,1.00,1.00,1.00,1.00,1.00,1.00,0.00",,0.00,0.00,,
como calcular la longitud y la latitud en un mapa,,20,"0.50,1.00,1.00,1.00,1.00,1.00,1.00,1.00,1.00,1.00,1.00,1.00",,0.00,0.00,,
como calcular ruta en google maps,,20,"1.00,1.00,1.00,1.00,1.00,1.00,1.00,1.00,0.00,1.00,1.00,1.00",,0.00,0.00,,
como calcular una distancia en google maps,,20,"1.00,1.00,1.00,1.00,1.00,1.00,1.00,1.00,1.00,1.00,1.00,1.00",,0.00,0.00,,
como calcular una ruta en google maps,,20,"1.00,1.00,1.00,1.00,1.00,1.00,1.00,1.00,0.00,1.00,1.00,1.00",,0.00,0.00,,
compass bearing calculator map,,20,"1.00,1.00,1.00,1.00,1.00,1.00,1.00,1.00,1.00,1.00,1.00,1.00",,0.00,0.00,,
complex mapping calculator,,20,"1.00,1.00,1.00,1.00,1.00,1.00,1.00,1.00,1.00,0.00,0.00,1.00",,0.00,0.00,,
compressor map calculator,,20,"1.00,1.00,1.00,1.00,1.00,1.00,1.00,1.00,1.00,1.00,1.00,1.00",,0.00,0.00,,
conformal mapping calculator,,20,"1.00,1.00,1.00,1.00,1.00,1.00,1.00,1.00,1.00,1.00,1.00,0.00",,0.00,0.00,,
contour map graphing calculator,,20,"1.00,0.00,1.00,1.00,1.00,1.00,1.00,1.00,1.00,0.00,1.00,1.00",,0.00,0.00,,
coordinate calculator map,,20,"1.00,1.00,1.00,1.00,1.00,1.00,1.00,1.00,1.00,1.00,1.00,1.00",,0.00,0.02,,
crow flies distance calculator google maps,,20,"1.00,1.00,1.00,1.00,1.00,1.00,1.00,1.00,1.00,1.00,1.00,0.00",,0.00,0.00,,
cycling distance calculator google maps,,20,"0.00,0.00,1.00,0.00,1.00,1.00,1.00,1.00,1.00,1.00,1.00,1.00",,0.00,0.00,,
cycling map distance calculator,,20,"1.00,1.00,1.00,1.00,1.00,1.00,1.00,1.00,1.00,1.00,1.00,1.00",,0.00,0.00,,
daft logic google maps distance calculator,,20,"0.00,1.00,1.00,1.00,1.00,1.00,1.00,1.00,1.00,1.00,1.00,1.00",,0.00,0.00,,
dark and darker map calculator github,,20,"0.00,0.00,0.00,1.00,1.00,1.00,1.00,1.00,1.00,1.00,1.00,1.00",,0.00,0.00,,
direct distance calculator google maps,,20,"1.00,1.00,1.00,1.00,1.00,1.00,1.00,1.00,1.00,1.00,1.00,1.00",,0.00,0.00,,
direct mapped cache calculator,,20,"1.00,1.00,1.00,0.00,1.00,1.00,1.00,1.00,0.00,1.00,1.00,1.00",,0.00,0.00,,
direct mapping cache calculation,,20,"1.00,1.00,1.00,1.00,1.00,1.00,1.00,1.00,1.00,0.00,0.00,0.00",,0.00,0.00,,
displacement calculator map,,20,"1.00,0.00,0.00,1.00,1.00,1.00,0.00,1.00,1.00,1.00,1.00,1.00",,0.00,0.00,,
distance and time calculator map,,20,"1.00,1.00,1.00,1.00,1.00,1.00,1.00,1.00,1.00,1.00,1.00,1.00",,0.00,0.00,,
distance calculator between two points google maps,,20,"1.00,0.00,1.00,0.00,1.00,1.00,1.00,1.00,1.00,1.00,1.00,1.00",,0.00,0.00,,
distance calculator by map,,20,"1.00,1.00,1.00,1.00,1.00,1.00,1.00,1.00,1.00,1.00,1.00,1.00",,0.00,0.00,,
distance calculator draw on map,,20,"1.00,1.00,1.00,1.00,1.00,1.00,1.00,1.00,1.00,1.00,1.00,1.00",,0.00,0.00,,
distance calculator google maps uk,,20,"0.00,1.00,1.00,1.00,1.00,1.00,1.00,1.00,1.00,1.00,0.00,1.00",,0.00,0.00,,
distance calculator in map,,20,"1.00,1.00,0.00,0.00,1.00,1.00,1.00,1.00,1.00,1.00,0.00,1.00",,0.00,0.00,,
distance calculator map multiple locations,,20,"1.00,1.00,1.00,1.00,1.00,1.00,1.00,1.00,0.00,1.00,1.00,1.00",,0.00,0.02,,
distance calculator map my run,,20,"1.00,1.00,1.00,1.00,1.00,1.00,0.00,1.00,1.00,1.00,1.00,1.00",,0.00,0.03,,
distance calculator map radius tool,,20,"1.00,1.00,1.00,1.00,1.00,1.00,1.00,1.00,1.00,1.00,1.00,1.00",,0.00,0.00,,
distance calculator map uk,,20,"1.00,1.00,1.00,1.00,1.00,1.00,1.00,1.00,1.00,0.00,1.00,1.00",,0.00,0.00,,
distance calculator using map,,20,"1.00,0.00,0.00,1.00,1.00,1.00,1.00,1.00,1.00,1.00,1.00,0.00",,0.00,0.00,,
distance map calculator google,,20,"1.00,1.00,1.00,1.00,1.00,1.00,1.00,1.00,1.00,1.00,1.00,1.00",,0.00,0.00,,
distance on a map calculator,,20,"1.00,0.59,0.17,0.59,0.00,0.00,0.17,0.00,0.00,0.59,0.38,0.00",,0.72,0.01,,
distance on map calculator,,20,"0.00,0.00,0.13,0.00,1.00,1.00,1.00,1.00,1.00,0.00,0.13,0.00",,0.00,0.00,,
distance radius calculator map,,20,"1.00,1.00,0.00,0.00,0.00,1.00,1.00,1.00,1.00,1.00,1.00,1.00",,0.00,0.00,,
distance to coast calculator google maps,,20,"0.00,0.00,0.00,0.00,0.00,1.00,1.00,0.50,0.50,0.50,0.50,0.50",,0.00,0.00,,
does apple maps calculate time change,,20,"1.00,1.00,1.00,1.00,1.00,1.00,1.00,1.00,1.00,1.00,1.00,1.00",,0.00,0.00,,
does apple maps calculate traffic,,20,"1.00,1.00,1.00,1.00,1.00,1.00,1.00,1.00,1.00,1.00,1.00,1.00",,0.00,0.00,,
does apple maps calculate your speed,,20,"1.00,1.00,1.00,1.00,1.00,1.00,1.00,1.00,1.00,1.00,1.00,1.00",,0.00,0.00,,
does google maps calculate gas cost,,20,"1.00,1.00,1.00,1.00,1.00,1.00,1.00,1.00,1.00,1.00,1.00,1.00",,0.00,0.00,,
does google maps calculate time based on speed limit,,20,"1.00,1.00,1.00,1.00,1.00,1.00,1.00,1.00,1.00,1.00,1.00,1.00",,0.00,0.00,,
does google maps calculate time change,,20,"1.00,1.00,1.00,1.00,1.00,1.00,1.00,1.00,1.00,1.00,1.00,1.00",,0.00,0.00,,
does google maps calculate time zone change,,20,"1.00,1.00,1.00,1.00,1.00,1.00,1.00,1.00,1.00,1.00,1.00,1.00",,0.00,0.00,,
does google maps calculate traffic,,20,"1.00,1.00,1.00,1.00,1.00,1.00,1.00,1.00,1.00,1.00,1.00,1.00",,0.00,0.00,,
domain and range mapping diagrams calculator,,20,"1.00,1.00,1.00,1.00,1.00,1.00,1.00,0.00,0.00,0.00,1.00,1.00",,0.00,0.00,,
dq9 treasure map calculator,,20,"1.00,1.00,1.00,1.00,1.00,1.00,1.00,1.00,1.00,1.00,1.00,1.00",,0.00,0.00,,
draw a line on a map to calculate distance,,20,"1.00,1.00,1.00,1.00,1.00,1.00,1.00,1.00,1.00,1.00,1.00,1.00",,0.00,0.02,,
draw line on map calculate distance,,20,"1.00,1.00,1.00,1.00,1.00,1.00,1.00,1.00,1.00,1.00,1.00,1.00",,0.00,0.02,,
draw map and calculate distance,,20,"1.00,1.00,0.00,1.00,1.00,1.00,1.00,1.00,1.00,1.00,1.00,1.00",,0.00,0.00,,
draw on map and calculate distance,,20,"0.00,0.00,1.00,1.00,1.00,1.00,1.00,1.00,1.00,1.00,1.00,1.00",,0.00,0.00,,
draw on map distance calculator,,20,"1.00,1.00,1.00,1.00,1.00,1.00,1.00,1.00,1.00,1.00,1.00,1.00",,0.00,0.03,,
draw on map to calculate distance,,20,"1.00,1.00,1.00,1.00,1.00,1.00,1.00,1.00,1.00,1.00,1.00,1.00",,0.00,0.03,,
draw path on map calculate distance,,20,"1.00,1.00,1.00,1.00,0.00,0.00,1.00,1.00,0.00,1.00,1.00,1.00",,0.00,0.00,,
draw route on map and calculate distance,,20,"0.00,1.00,1.00,1.00,0.00,1.00,1.00,1.00,1.00,1.00,1.00,0.00",,0.00,0.00,,
driving mileage calculator map,,20,"0.00,0.00,0.00,0.00,0.18,1.00,0.36,0.18,0.18,0.18,0.18,0.18",,0.00,0.03,,
driving radius map calculator,,20,"0.40,0.40,0.40,0.40,0.40,0.40,0.40,0.40,0.40,1.00,0.60,0.60",,0.00,0.00,,
earthquake calculator map,,20,"1.00,1.00,1.00,1.00,0.00,1.00,1.00,1.00,1.00,1.00,1.00,1.00",,0.00,0.00,,
easy map calculation,,20,"1.00,1.00,1.00,1.00,1.00,1.00,1.00,1.00,1.00,1.00,1.00,1.00",,0.00,0.00,,
easy way to calculate map,,20,"1.00,1.00,1.00,1.00,1.00,1.00,1.00,1.00,1.00,1.00,1.00,1.00",,0.00,0.00,,
elevation calculator map,,20,"1.00,1.00,1.00,1.00,1.00,1.00,1.00,1.00,1.00,1.00,1.00,1.00",,0.00,0.00,,
elevation gain calculator google maps,,20,"1.00,1.00,1.00,1.00,1.00,1.00,1.00,1.00,1.00,1.00,1.00,1.00",,0.00,0.00,,
elevation map calculator,,20,"1.00,1.00,1.00,1.00,1.00,1.00,1.00,1.00,1.00,1.00,1.00,1.00",,0.00,0.00,,
equal distance calculator map,,20,"1.00,1.00,1.00,1.00,1.00,1.00,1.00,1.00,1.00,1.00,1.00,1.00",,0.00,0.00,,
equation to calculate map,,20,"1.00,1.00,1.00,1.00,1.00,1.00,1.00,1.00,1.00,1.00,1.00,1.00",,0.00,0.00,,
equidistant calculator 3 points map,,20,"1.00,1.00,1.00,1.00,1.00,1.00,1.00,1.00,1.00,1.00,1.00,1.00",,0.00,0.00,,
equidistant map calculator,,20,"0.40,0.40,0.40,0.40,0.40,0.40,0.40,1.00,0.40,0.40,0.40,0.40",,0.00,0.00,,
equidistant map calculator 3 points,,20,"1.00,1.00,1.00,1.00,0.00,1.00,0.00,1.00,1.00,1.00,1.00,0.00",,0.00,0.00,,
equidistant point calculator map,,20,"1.00,1.00,1.00,1.00,1.00,1.00,1.00,1.00,1.00,1.00,1.00,1.00",,0.00,0.00,,
essential prime implicants k map calculator,,20,"1.00,1.00,1.00,1.00,1.00,1.00,1.00,1.00,1.00,1.00,1.00,1.00",,0.00,0.00,,
europe map distance calculator,,20,"1.00,1.00,1.00,1.00,1.00,1.00,1.00,1.00,1.00,1.00,1.00,1.00",,0.00,0.00,,
ev range calculator map,,20,"1.00,1.00,0.67,0.67,1.00,0.67,0.67,0.67,1.00,0.67,0.67,0.67",,0.00,0.01,,
excel distance calculator google maps,,20,"1.00,1.00,1.00,1.00,1.00,1.00,1.00,1.00,1.00,1.00,1.00,1.00",,0.00,0.00,,
excel google maps distance calculator,,20,"1.00,1.00,1.00,1.00,1.00,1.00,1.00,1.00,1.00,1.00,1.00,1.00",,0.00,0.00,,
excel mileage calculator - google maps,,20,"1.00,1.00,1.00,1.00,1.00,0.50,0.50,0.50,0.50,0.50,0.50,0.50",,0.00,0.00,,
explosion calculator map,,20,"1.00,1.00,1.00,1.00,1.00,1.00,1.00,1.00,1.00,1.00,1.00,1.00",,0.00,0.00,,
fallout calculator map,,20,"1.00,1.00,1.00,1.00,1.00,1.00,1.00,1.00,1.00,1.00,1.00,1.00",,0.00,0.00,,
fence length calculator map,,20,"0.00,0.66,1.00,0.66,0.66,0.66,0.66",,0.00,0.04,,
flight calculator map,,20,"1.00,1.00,1.00,1.00,1.00,1.00,0.00,1.00,1.00,1.00,0.00,1.00",,0.00,0.00,,
flight map calculator,,20,"1.00,1.00,1.00,1.00,1.00,1.00,1.00,1.00,1.00,1.00,1.00,1.00",,0.00,0.00,,
flight mileage calculator map,,20,"1.00,1.00,1.00,1.00,1.00,1.00,1.00,1.00,1.00,1.00,0.00,1.00",,0.00,0.00,,
flight range map calculator,,20,"1.00,1.00,1.00,1.00,1.00,1.00,1.00,1.00,1.00,1.00,1.00,1.00",,0.00,0.00,,
flight time calculator map,,20,"1.00,1.00,1.00,1.00,1.00,1.00,1.00,1.00,1.00,1.00,1.00,1.00",,0.00,0.00,,
flight time map calculator,,20,"1.00,1.00,1.00,1.00,1.00,1.00,1.00,1.00,1.00,1.00,1.00,1.00",,0.00,0.00,,
formula for calculating map,,20,"1.00,1.00,1.00,1.00,1.00,1.00,1.00,1.00,1.00,1.00,1.00,1.00",,0.00,0.00,,
formula for calculating map scale,,20,"1.00,1.00,1.00,1.00,1.00,1.00,1.00,1.00,1.00,1.00,1.00,1.00",,0.00,0.00,,
formula for map calculation,,20,"1.00,1.00,1.00,1.00,1.00,1.00,1.00,1.00,1.00,1.00,1.00,1.00",,0.00,0.00,,
formula to calculate map,,20,"0.64,0.64,0.64,0.64,0.64,0.64,0.64,1.00,0.64,0.64,0.64,0.64",,0.00,0.00,,
fortnite creative map earnings calculator,,20,"1.00,1.00,1.00,1.00,1.00,1.00,1.00,1.00,1.00,1.00,1.00,1.00",,0.00,0.00,,
fortnite map earnings calculator,,20,"1.00,1.00,1.00,1.00,1.00,1.00,1.00,1.00,1.00,1.00,1.00,1.00",,0.00,0.00,,
free drop map calculator,,20,"0.00,0.00,0.28,0.28,0.28,0.28,0.28,0.00,0.57,1.00,0.28,0.28",,0.00,0.00,,
free map area calculator,,20,"1.00,0.00,1.00,1.00,0.00,1.00,1.00,1.00,1.00,1.00,1.00,1.00",,0.00,0.22,,
free map calculator,,20,"1.00,0.00,0.00,0.00,0.00,1.00,1.00,1.00,1.00,1.00,1.00,1.00",,0.00,0.00,,
free map tools area calculator,,20,"1.00,1.00,1.00,1.00,1.00,1.00,1.00,1.00,1.00,1.00,1.00,1.00",,0.00,0.05,,
fuel calculator map,,20,"1.00,1.00,1.00,1.00,1.00,1.00,1.00,1.00,1.00,1.00,1.00,1.00",,0.00,0.00,,
fuel cost calculator map,,20,"1.00,1.00,1.00,1.00,1.00,1.00,1.00,1.00,1.00,1.00,1.00,1.00",,0.00,0.00,,
fuel map calculator,,20,"1.00,1.00,1.00,1.00,1.00,1.00,1.00,1.00,1.00,1.00,1.00,1.00",,0.00,0.00,,
function and relation mapping diagrams calculator,,20,"1.00,1.00,1.00,1.00,1.00,1.00,1.00,1.00,1.00,1.00,1.00,1.00",,1.69,0.09,,
function mapping calculator,,20,"1.00,1.00,1.00,1.00,1.00,1.00,1.00,1.00,1.00,1.00,1.00,1.00",,0.00,0.00,,
gas calculator map,,20,"1.00,1.00,1.00,1.00,1.00,1.00,1.00,1.00,1.00,1.00,1.00,1.00",,0.00,0.01,,
gas map calculator,,20,"1.00,1.00,1.00,1.00,1.00,1.00,1.00,1.00,1.00,1.00,1.00,1.00",,0.00,0.01,,
gas mileage calculator google maps,,20,"1.00,0.00,1.00,1.00,1.00,1.00,1.00,1.00,1.00,1.00,1.00,1.00",,0.00,0.00,,
gene map calculator,,20,"1.00,1.00,1.00,1.00,1.00,1.00,1.00,1.00,1.00,1.00,1.00,1.00",,0.00,0.00,,
gene map distance calculator,,20,"1.00,1.00,1.00,1.00,1.00,1.00,1.00,1.00,1.00,1.00,1.00,1.00",,0.00,0.00,,
gene mapping calculation,,20,"1.00,1.00,1.00,1.00,1.00,1.00,1.00,1.00,1.00,1.00,1.00,1.00",,0.00,0.00,,
gene mapping calculator,,20,"1.00,1.00,1.00,1.00,1.00,1.00,1.00,1.00,1.00,1.00,1.00,1.00",,0.00,0.00,,
gene mapping distance calculation,,20,"1.00,1.00,1.00,1.00,1.00,1.00,1.00,1.00,1.00,1.00,1.00,1.00",,0.00,0.00,,
genetic map calculator,,20,"1.00,1.00,1.00,1.00,1.00,1.00,1.00,1.00,1.00,1.00,1.00,1.00",,0.00,0.00,,
genetic map distance calculator,,20,"1.00,1.00,1.00,1.00,1.00,1.00,1.00,1.00,1.00,1.00,1.00,1.00",,0.00,0.00,,
genetic mapping calculator,,20,"1.00,1.00,1.00,1.00,1.00,1.00,1.00,1.00,1.00,1.00,1.00,1.00",,0.00,0.00,,
geographic midpoint calculator google maps,,20,"1.00,1.00,1.00,1.00,1.00,1.00,1.00,1.00,1.00,1.00,1.00,1.00",,0.00,0.00,,
google area map calculator,,20,"1.00,1.00,1.00,1.00,1.00,1.00,1.00,1.00,1.00,1.00,1.00,1.00",,0.00,0.00,,
google distance calculator map,,20,"1.00,1.00,1.00,1.00,1.00,1.00,1.00,1.00,1.00,1.00,1.00,1.00",,0.00,0.00,,
google distance map calculator,,20,"1.00,1.00,1.00,1.00,1.00,1.00,1.00,1.00,1.00,1.00,1.00,1.00",,0.00,0.00,,
google earth map area calculator tool,,20,"1.00,1.00,0.00,1.00,1.00,1.00,1.00,1.00,1.00,1.00,1.00,1.00",,0.00,0.00,,
google map api calculate distance between 2 zip codes,,20,"0.43,1.00,1.00,1.00,0.00,1.00,1.00,1.00,1.00,1.00,1.00,1.00",,0.00,0.00,,
google map api for distance calculation,,20,"0.00,0.00,0.00,0.00,0.00,0.00,0.00,0.00,0.00,1.00,0.40,0.00",,0.00,0.02,,
google map area distance calculator,,20,"1.00,1.00,1.00,1.00,1.00,1.00,1.00,1.00,1.00,1.00,0.00,1.00",,0.00,0.36,,
google map calculator,,20,"1.00,0.00,0.50,0.00,0.00,0.00,0.00,0.00,0.00,0.00,0.00,0.00",,0.00,0.02,,
google map destination calculator,,20,"1.00,0.00,1.00,1.00,1.00,1.00,1.00,1.00,1.00,1.00,0.00,0.00",,0.00,0.00,,
google map developer distance calculator,,20,"0.00,1.00,1.00,1.00,1.00,1.00,1.00,1.00,1.00,1.00,0.00,1.00",,0.00,0.00,,
google map roof calculator,,20,"1.00,1.00,1.00,1.00,1.00,1.00,1.00,1.00,1.00,1.00,1.00,1.00",,4.49,0.58,,
google map route calculator,,20,"0.00,0.00,0.00,0.00,0.00,1.00,0.14,0.00,0.21,0.14,0.00,0.28",,0.00,0.01,,
google map solar roof calculator,,20,"1.00,0.00,1.00,1.00,1.00,1.00,1.00,1.00,1.00,0.00,1.00,1.00",,0.00,1.00,,
google maps acre calculator,,20,"0.00,0.12,0.00,0.41,0.00,0.00,0.41,0.00,1.00,0.71,0.41,0.71",,0.40,0.05,,
google maps acres calculator,,20,"0.00,0.60,0.00,1.00,0.00,0.00,0.20,0.00,1.00,1.00,0.60,1.00",,0.40,0.05,,
google maps aerial distance calculator,,20,"1.00,1.00,0.00,1.00,0.00,1.00,1.00,1.00,1.00,0.00,1.00,1.00",,0.00,0.00,,
google maps air miles calculator,,20,"0.00,1.00,1.00,1.00,1.00,1.00,1.00,1.00,1.00,1.00,1.00,1.00",,0.00,0.00,,
google maps angle calculator,,20,"1.00,1.00,1.00,1.00,0.00,1.00,1.00,1.00,1.00,1.00,1.00,1.00",,0.00,0.00,,
google maps api calculate distance,,20,"1.00,1.00,1.00,1.00,1.00,1.00,1.00,1.00,1.00,1.00,1.00,1.00",,0.00,0.02,,
google maps api calculate distance and time between two points,,20,"1.00,0.00,1.00,0.00,1.00,1.00,1.00,1.00,1.00,1.00,1.00,1.00",,0.00,0.00,,
google maps api calculate distance between two addresses,,20,"0.50,0.50,1.00,1.00,1.00,1.00,1.00,1.00,1.00,1.00,1.00,1.00",,0.00,0.00,,
google maps api calculate distance between two points,,20,"1.00,1.00,1.00,1.00,1.00,1.00,1.00,1.00,1.00,1.00,1.00,1.00",,0.00,0.04,,
google maps api calculate driving distance between two points,,20,"1.00,1.00,1.00,1.00,1.00,1.00,1.00,1.00,1.00,1.00,1.00,1.00",,0.00,0.00,,
google maps api calculate travel time,,20,"1.00,1.00,1.00,1.00,1.00,1.00,1.00,1.00,1.00,1.00,0.00,0.00",,0.00,0.00,,
google maps api calculator,,20,"1.00,1.00,1.00,1.00,1.00,1.00,1.00,1.00,1.00,1.00,1.00,1.00",,0.00,0.08,,
google maps api cost calculator,,20,"1.00,1.00,1.00,1.00,1.00,1.00,1.00,1.00,1.00,1.00,1.00,1.00",,0.00,0.17,,
google maps api pricing calculator,,20,"1.00,0.00,0.50,0.50,0.50,0.50,0.50,0.50,0.50,0.50,0.50,0.50",,2.17,0.09,,
google maps api to calculate distance,,20,"1.00,1.00,1.00,1.00,1.00,1.00,1.00,1.00,1.00,1.00,1.00,1.00",,0.00,0.02,,
google maps api to calculate distance between two points,,20,"1.00,0.00,1.00,1.00,1.00,1.00,1.00,1.00,1.00,1.00,1.00,1.00",,0.00,0.00,,
google maps app distance calculator,,20,"1.00,1.00,1.00,1.00,1.00,1.00,1.00,1.00,1.00,1.00,1.00,1.00",,0.00,0.00,,
google maps area and distance calculator,,20,"1.00,1.00,1.00,1.00,1.00,1.00,1.00,1.00,1.00,1.00,0.00,1.00",,0.00,0.36,,
google maps area calculator app,,20,"0.00,1.00,1.00,1.00,1.00,1.00,1.00,1.00,1.00,1.00,1.00,0.00",,0.00,0.00,,
google maps area calculator online,,20,"1.00,1.00,1.00,0.00,1.00,1.00,1.00,1.00,1.00,1.00,1.00,1.00",,0.00,0.00,,
google maps azimuth calculator,,20,"1.00,1.00,1.00,1.00,1.00,1.00,1.00,1.00,1.00,1.00,1.00,1.00",,0.00,0.00,,
google maps batch distance calculator,,20,"1.00,1.00,1.00,1.00,1.00,1.00,1.00,1.00,1.00,1.00,1.00,1.00",,0.00,0.00,,
google maps bearing calculator,,20,"0.00,1.00,1.00,0.00,1.00,1.00,1.00,0.00,1.00,1.00,1.00,1.00",,0.00,0.00,,
google maps calculate,,20,"0.20,0.20,0.20,0.20,1.00,0.20,0.40,0.40,0.40,0.40,0.40,0.40",,0.00,0.00,,
google maps calculate area of polygon,,20,"1.00,1.00,1.00,0.00,1.00,1.00,1.00,1.00,1.00,1.00,1.00,1.00",,0.00,0.00,,
google maps calculate distance as the crow flies,,20,"1.00,1.00,1.00,1.00,1.00,1.00,1.00,1.00,1.00,1.00,1.00,1.00",,0.00,0.00,,
google maps calculate distance between multiple points,,20,"1.00,1.00,1.00,1.00,1.00,1.00,1.00,1.00,1.00,1.00,1.00,1.00",,0.00,0.00,,
google maps calculate distance between points,,20,"1.00,1.00,1.00,0.00,1.00,1.00,1.00,1.00,1.00,1.00,0.00,1.00",,0.00,0.00,,
google maps calculate distance between two addresses,,20,"1.00,1.00,1.00,1.00,1.00,1.00,1.00,1.00,1.00,1.00,1.00,1.00",,0.00,0.01,,
google maps calculate distance between two coordinates,,20,"1.00,1.00,1.00,1.00,1.00,1.00,1.00,1.00,1.00,1.00,1.00,1.00",,0.00,0.00,,
google maps calculate distance between two points api,,20,"1.00,1.00,1.00,1.00,1.00,1.00,1.00,1.00,1.00,1.00,1.00,1.00",,0.00,0.14,,
google maps calculate distance multiple locations,,20,"1.00,1.00,1.00,1.00,1.00,1.00,1.00,1.00,1.00,1.00,1.00,1.00",,0.00,0.00,,
google maps calculate route distance,,20,"1.00,1.00,1.00,1.00,1.00,1.00,1.00,1.00,1.00,1.00,1.00,1.00",,0.00,0.00,,
google maps calculate speed,,20,"1.00,1.00,1.00,1.00,1.00,1.00,1.00,1.00,1.00,1.00,1.00,1.00",,0.00,0.00,,
google maps calculate square footage,,20,"1.00,1.00,1.00,1.00,1.00,1.00,1.00,1.00,1.00,1.00,1.00,1.00",,0.00,0.02,,
google maps calculate time at what speed,,20,"1.00,1.00,1.00,1.00,1.00,1.00,1.00,1.00,1.00,1.00,1.00,0.00",,0.00,0.00,,
google maps calculate travel time,,20,"1.00,1.00,1.00,1.00,1.00,1.00,1.00,1.00,1.00,1.00,1.00,1.00",,0.00,0.00,,
google maps calorie calculator,,20,"1.00,1.00,1.00,1.00,1.00,1.00,1.00,1.00,1.00,0.00,1.00,1.00",,0.00,0.07,,
google maps can't calculate directions,,20,"1.00,1.00,1.00,1.00,1.00,0.50,0.50,0.50,0.50,0.50,1.00,0.50",,0.00,0.00,,
google maps car speed calculation,,20,"1.00,1.00,1.00,1.00,0.00,1.00,1.00,1.00,1.00,1.00,1.00,1.00",,0.00,0.00,,
google maps cost calculator,,20,"1.00,1.00,1.00,1.00,1.00,1.00,1.00,1.00,1.00,1.00,1.00,1.00",,0.00,0.02,,
google maps data usage calculator,,20,"1.00,1.00,1.00,1.00,1.00,1.00,1.00,1.00,1.00,1.00,1.00,1.00",,0.00,0.00,,
google maps dimensions calculator,,20,"1.00,1.00,1.00,1.00,1.00,1.00,1.00,1.00,1.00,1.00,1.00,1.00",,0.00,0.02,,
google maps distance calculator android,,20,"1.00,1.00,1.00,1.00,1.00,1.00,1.00,1.00,1.00,1.00,1.00,1.00",,0.00,0.00,,
google maps distance calculator app,,20,"0.00,0.00,0.00,1.00,1.00,1.00,1.00,1.00,1.00,1.00,1.00,1.00",,0.00,0.06,,
google maps distance calculator australia,,20,"1.00,1.00,1.00,1.00,1.00,1.00,1.00,1.00,1.00,1.00,1.00,1.00",,0.00,0.00,,
google maps distance calculator draw,,20,"1.00,1.00,1.00,1.00,1.00,1.00,1.00,1.00,1.00,1.00,1.00,1.00",,0.00,0.00,,
google maps distance calculator iphone,,20,"1.00,1.00,1.00,1.00,1.00,1.00,1.00,1.00,1.00,1.00,1.00,1.00",,0.00,0.00,,
google maps distance calculator jamaica,,20,"1.00,1.00,1.00,1.00,1.00,1.00,1.00,1.00,1.00,1.00,1.00,1.00",,0.00,0.00,,
google maps distance calculator latitude longitude,,20,"1.00,1.00,1.00,1.00,1.00,1.00,1.00,1.00,1.00,1.00,1.00,0.00",,0.00,0.00,,
google maps distance time calculator,,20,"1.00,1.00,1.00,1.00,1.00,1.00,1.00,1.00,1.00,1.00,1.00,1.00",,0.00,0.00,,
google maps driving distance and time calculator,,20,"1.00,1.00,1.00,1.00,1.00,1.00,1.00,1.00,1.00,1.00,1.00,1.00",,0.00,0.03,,
google maps driving distance calculator canada,,20,"1.00,1.00,1.00,1.00,1.00,1.00,1.00,1.00,1.00,1.00,1.00,1.00",,0.00,0.00,,
google maps driving distance calculator free,,20,"1.00,1.00,1.00,1.00,0.00,1.00,1.00,1.00,0.00,1.00,1.00,1.00",,0.00,0.01,,
google maps driving distance calculator usa,,20,"1.00,1.00,1.00,1.00,1.00,1.00,1.00,1.00,1.00,1.00,0.00,0.00",,0.00,0.00,,
google maps eta calculation,,20,"1.00,1.00,1.00,1.00,1.00,1.00,1.00,1.00,1.00,1.00,1.00,1.00",,0.00,0.00,,
google maps feet calculator,,20,"1.00,1.00,1.00,1.00,1.00,1.00,1.00,1.00,1.00,1.00,1.00,1.00",,0.00,0.00,,
google maps gas mileage calculator,,20,"1.00,1.00,1.00,1.00,1.00,1.00,1.00,1.00,1.00,1.00,1.00,1.00",,0.00,0.00,,
google maps jogging distance calculator,,20,"1.00,1.00,1.00,1.00,0.00,1.00,1.00,0.00,1.00,1.00,0.00,1.00",,0.00,0.00,,
google maps land acreage calculator,,20,"1.00,1.00,1.00,0.00,1.00,1.00,1.00,1.00,1.00,1.00,1.00,0.00",,0.00,0.00,,
google maps land area calculator,,20,"1.00,1.00,1.00,1.00,1.00,1.00,1.00,1.00,1.00,1.00,1.00,1.00",,0.00,0.05,,
google maps land calculator,,20,"1.00,1.00,1.00,1.00,1.00,1.00,1.00,1.00,1.00,1.00,1.00,1.00",,0.00,0.12,,
google maps land size calculator,,20,"1.00,1.00,1.00,1.00,1.00,1.00,1.00,1.00,1.00,1.00,1.00,1.00",,0.00,0.00,,
google maps lawn area calculator,,20,"0.67,0.67,0.67,0.67,0.67,0.67,1.00,0.67,0.67,0.67,0.67,0.67",,0.00,0.00,,
google maps length calculator,,20,"1.00,1.00,1.00,1.00,1.00,1.00,1.00,1.00,1.00,1.00,1.00,1.00",,0.00,0.00,,
google maps lot size calculator,,20,"0.00,1.00,1.00,1.00,1.00,1.00,1.00,1.00,1.00,1.00,1.00,1.00",,0.00,0.00,,
google maps meter calculator,,20,"1.00,1.00,1.00,1.00,1.00,1.00,1.00,1.00,1.00,1.00,1.00,0.00",,0.00,0.00,,
google maps mile calculator,,20,"0.14,0.71,0.00,0.00,0.00,0.00,0.00,0.00,0.00,1.00,1.00,0.00",,0.71,0.00,,
google maps mileage reimbursement calculator,,20,1.00,,0.00,0.00,,
google maps not calculating directions,,20,"0.00,0.00,0.00,0.39,0.39,0.39,0.39,0.39,1.00,0.39,0.39,0.39",,0.00,0.00,,
google maps perimeter calculator,,20,"1.00,1.00,1.00,1.00,1.00,1.00,1.00,1.00,1.00,1.00,1.00,1.00",,0.00,0.00,,
google maps petrol calculator,,20,"1.00,1.00,1.00,1.00,1.00,1.00,1.00,1.00,1.00,1.00,1.00,1.00",,0.00,0.00,,
google maps pricing calculator,,20,"1.00,1.00,1.00,1.00,1.00,1.00,1.00,1.00,1.00,1.00,1.00,1.00",,0.00,0.05,,
google maps road distance calculator,,20,"0.00,1.00,1.00,1.00,1.00,1.00,1.00,1.00,1.00,1.00,1.00,0.00",,0.00,0.00,,
google maps roof calculator,,20,"1.00,1.00,1.00,1.00,1.00,1.00,1.00,1.00,1.00,1.00,1.00,1.00",,4.49,0.58,,
google maps roof size calculator,,20,"0.25,0.25,0.00,0.75,0.75,1.00,0.75,0.50,0.00,0.25,0.50,0.50",,3.27,0.71,,
google maps round trip calculator,,20,"0.00,1.00,1.00,1.00,1.00,1.00,1.00,1.00,1.00,1.00,1.00,1.00",,0.00,0.00,,
google maps run calculator,,20,"1.00,1.00,0.00,1.00,1.00,1.00,1.00,1.00,1.00,1.00,1.00,0.00",,0.00,0.00,,
google maps running calculator,,20,"1.00,1.00,0.00,1.00,1.00,1.00,1.00,1.00,1.00,0.00,1.00,0.00",,0.00,0.00,,
google maps running route distance calculator,,20,"1.00,0.00,1.00,0.00,1.00,1.00,1.00,1.00,1.00,1.00,1.00,1.00",,0.00,0.00,,
google maps shadow calculator,,20,"1.00,1.00,1.00,1.00,1.00,1.00,1.00,1.00,1.00,1.00,1.00,1.00",,0.00,0.00,,
google maps size calculator,,20,"1.00,1.00,1.00,1.00,1.00,1.00,1.00,1.00,1.00,1.00,1.00,1.00",,0.00,0.02,,
google maps slope calculator,,20,"1.00,1.00,1.00,1.00,1.00,1.00,1.00,1.00,1.00,1.00,1.00,1.00",,0.00,0.00,,
google maps solar calculator,,20,"1.00,1.00,1.00,1.00,1.00,1.00,1.00,1.00,1.00,1.00,1.00,1.00",,0.00,0.22,,
google maps solar panel calculator,,20,"1.00,1.00,1.00,1.00,1.00,1.00,1.00,1.00,1.00,1.00,1.00,1.00",,0.00,0.36,,
google maps sorry we could not calculate transit directions,,20,"1.00,1.00,1.00,1.00,1.00,1.00,1.00,1.00,1.00,1.00,1.00,1.00",,0.00,0.00,,
google maps sorry we could not calculate transit directions from,,20,"1.00,1.00,1.00,1.00,1.00,1.00,1.00,1.00,1.00,1.00,1.00,1.00",,0.00,0.00,,
google maps speed calculation,,20,"1.00,1.00,1.00,1.00,1.00,1.00,1.00,1.00,1.00,1.00,1.00,1.00",,0.00,0.00,,
google maps square mile calculator,,20,"1.00,1.00,1.00,1.00,1.00,1.00,1.00,1.00,1.00,1.00,1.00,1.00",,0.00,0.00,,
google maps surface area calculator,,20,"1.00,1.00,1.00,1.00,0.00,1.00,1.00,1.00,1.00,1.00,1.00,1.00",,0.00,0.00,,
google maps taxi fare calculator,,20,"1.00,1.00,1.00,1.00,1.00,1.00,1.00,1.00,1.00,1.00,1.00,1.00",,0.00,0.00,,
google maps time calculation,,20,"1.00,1.00,1.00,1.00,1.00,1.00,1.00,1.00,1.00,1.00,1.00,1.00",,0.00,0.00,,
google maps time calculator,,20,"1.00,1.00,1.00,1.00,1.00,1.00,1.00,1.00,1.00,1.00,1.00,1.00",,0.00,0.00,,
google maps travel time calculator,,20,"0.52,0.00,0.00,1.00,0.00,0.00,0.00,0.00,0.00,0.00,0.05,0.00",,0.88,0.01,,
google maps trip cost calculator,,20,"1.00,1.00,1.00,1.00,1.00,1.00,1.00,1.00,1.00,1.00,1.00,1.00",,0.00,0.00,,
google maps walking speed calculation,,20,"1.00,1.00,1.00,1.00,1.00,1.00,1.00,1.00,1.00,1.00,1.00,0.00",,0.00,0.00,,
google maps walking time calculator,,20,"1.00,1.00,1.00,1.00,1.00,1.00,1.00,1.00,1.00,1.00,1.00,1.00",,0.00,0.00,,
google maps yard calculator,,20,"1.00,1.00,1.00,1.00,1.00,1.00,1.00,1.00,1.00,1.00,1.00,1.00",,0.00,0.02,,
google maps yardage calculator,,20,"1.00,1.00,1.00,1.00,1.00,1.00,1.00,1.00,1.00,1.00,1.00,1.00",,0.00,0.02,,
gps area calculator google maps,,20,"1.00,1.00,1.00,1.00,1.00,1.00,1.00,1.00,1.00,1.00,1.00,0.00",,0.00,0.00,,
gps distance calculator google maps,,20,"1.00,1.00,1.00,1.00,1.00,1.00,1.00,1.00,1.00,1.00,1.00,1.00",,0.00,0.00,,
gps map area calculator,,20,"1.00,0.00,1.00,1.00,1.00,1.00,1.00,1.00,1.00,1.00,1.00,1.00",,0.00,0.21,,
gps map distance calculator,,20,"1.00,1.00,1.00,1.00,1.00,1.00,1.00,1.00,1.00,1.00,1.00,1.00",,0.00,0.04,,
gradient topographic map calculator,,20,"1.00,1.00,1.00,1.00,1.00,1.00,1.00,1.00,0.00,1.00,1.00,1.00",,0.00,0.00,,
halfway distance calculator google maps,,20,"0.00,0.00,0.00,1.00,1.00,1.00,1.00,1.00,1.00,1.00,1.00,1.00",,0.00,0.00,,
halfway point between two cities calculator map,,20,"1.00,1.00,1.00,1.00,1.00,1.00,1.00,1.00,1.00,1.00,1.00,1.00",,0.00,0.00,,
halfway point between two places calculator google maps android,,20,"1.00,1.00,1.00,1.00,1.00,1.00,1.00,1.00,1.00,1.00,1.00,1.00",,0.00,0.00,,
halfway point calculator map,,20,"1.00,1.00,1.00,1.00,1.00,1.00,1.00,1.00,1.00,1.00,1.00,0.00",,0.00,0.00,,
heat map calculation,,20,"0.00,1.00,1.00,1.00,1.00,0.00,1.00,1.00,0.00,1.00,1.00,1.00",,0.00,0.00,,
hectare calculator map,,20,"1.00,1.00,1.00,1.00,0.00,1.00,1.00,0.00,1.00,1.00,1.00,0.00",,0.00,0.00,,
hell let loose artillery calculator map,,20,"1.00,1.00,1.00,1.00,1.00,1.00,1.00,1.00,1.00,1.00,1.00,1.00",,0.00,0.00,,
hill grade calculator map,,20,"0.25,0.00,0.00,0.75,0.25,0.75,0.50,0.75,1.00,0.75,0.50,0.25",,0.00,0.00,,
horizon calculator map,,20,"1.00,1.00,1.00,1.00,1.00,1.00,1.00,1.00,1.00,1.00,1.00,1.00",,0.00,0.00,,
horoscope map calculator,,20,"1.00,1.00,0.00,0.00,1.00,1.00,1.00,1.00,1.00,1.00,1.00,1.00",,0.00,0.24,,
how are map distances calculated,,20,"1.00,1.00,1.00,1.00,1.00,1.00,1.00,1.00,1.00,1.00,0.00,0.00",,0.00,0.00,,
how can i calculate distance on google maps,,20,"1.00,1.00,1.00,1.00,1.00,1.00,1.00,1.00,1.00,1.00,1.00,1.00",,0.00,0.00,,
how do i calculate acreage on google maps,,20,"1.00,0.00,0.00,1.00,1.00,1.00,1.00,1.00,1.00,1.00,1.00,1.00",,0.00,0.00,,
how do i calculate tolls on google maps,,20,"1.00,1.00,1.00,1.00,1.00,1.00,1.00,1.00,1.00,1.00,1.00,1.00",,0.00,0.00,,
how do you calculate a map,,20,"1.00,1.00,1.00,1.00,1.00,1.00,1.00,1.00,1.00,1.00,1.00,1.00",,0.00,0.00,,
how do you calculate distance on a map,,20,"1.00,1.00,1.00,1.00,1.00,1.00,1.00,1.00,1.00,1.00,1.00,1.00",,0.97,0.03,,
how do you calculate distance on google maps,,20,"1.00,1.00,1.00,0.00,1.00,1.00,1.00,1.00,1.00,1.00,1.00,1.00",,0.00,0.00,,
how do you calculate map bp,,20,"1.00,1.00,1.00,1.00,1.00,1.00,1.00,1.00,1.00,1.00,1.00,1.00",,0.00,0.00,,
how do you calculate map distance,,20,"1.00,1.00,1.00,1.00,1.00,1.00,1.00,1.00,1.00,1.00,1.00,1.00",,0.97,0.03,,
how do you calculate map from bp,,20,"0.50,0.50,0.50,1.00,0.50,0.50,0.50,1.00,0.50,0.50,0.50,0.50",,0.00,0.00,,
how do you calculate map in bp,,20,"1.00,1.00,1.00,1.00,1.00,1.00,1.00,1.00,1.00,1.00,1.00,1.00",,0.00,0.01,,
how do you calculate map pressure,,20,"1.00,1.00,1.00,1.00,1.00,1.00,1.00,1.00,1.00,1.00,1.00,1.00",,0.00,0.00,,
how do you calculate mape,,20,"0.00,1.00,1.00,1.00,1.00,1.00,1.00,1.00,1.00,1.00,1.00,1.00",,0.00,0.00,,
how do you calculate square footage on google maps,,20,"1.00,1.00,1.00,1.00,1.00,1.00,1.00,1.00,1.00,1.00,1.00,1.00",,0.00,0.00,,
how do you calculate the gradient on a topographic map,,20,"1.00,1.00,1.00,1.00,1.00,1.00,1.00,1.00,1.00,1.00,0.00,1.00",,0.00,0.00,,
how do you calculate the map blood pressure,,20,"0.00,0.00,0.33,0.66,0.33,1.00,0.66,0.66,0.66,0.66,0.66,0.66",,0.00,0.00,,
how do you calculate the map of a blood pressure,,20,"1.00,1.00,1.00,1.00,1.00,1.00,1.00,1.00,1.00,1.00,1.00,1.00",,0.00,0.00,,
how does apple maps calculate eta,,20,"1.00,1.00,1.00,1.00,1.00,1.00,1.00,1.00,1.00,1.00,1.00,1.00",,0.00,0.00,,
how does apple maps calculate travel time,,20,"1.00,1.00,1.00,1.00,1.00,1.00,1.00,1.00,1.00,1.00,1.00,1.00",,0.00,0.00,,
how does apple maps calculate walking time,,20,"1.00,1.00,1.00,1.00,1.00,1.00,1.00,1.00,1.00,1.00,1.00,1.00",,0.00,0.00,,
how does google map calculate travel time,,20,"1.00,1.00,1.00,1.00,1.00,1.00,1.00,0.00,0.00,1.00,0.00,1.00",,0.00,0.00,,
how does google maps calculate arrival time,,20,"0.50,1.00,0.50,0.50,0.50,0.50,0.50,0.50,0.50,0.50,0.50,0.50",,0.00,0.00,,
how does google maps calculate bike speed,,20,"1.00,1.00,1.00,1.00,1.00,1.00,1.00,1.00,1.00,1.00,1.00,1.00",,0.00,0.00,,
how does google maps calculate bike time,,20,"1.00,1.00,1.00,1.00,1.00,1.00,1.00,1.00,1.00,1.00,1.00,1.00",,0.00,0.00,,
how does google maps calculate cycling time,,20,"1.00,0.00,1.00,1.00,1.00,1.00,1.00,1.00,1.00,1.00,1.00,1.00",,0.00,0.00,,
how does google maps calculate distance,,20,"1.00,1.00,1.00,1.00,1.00,1.00,1.00,1.00,1.00,1.00,1.00,1.00",,0.00,0.00,,
how does google maps calculate driving time,,20,"0.67,0.67,0.67,0.67,0.67,0.67,1.00,0.67,0.67,0.67,0.67,0.67",,0.00,0.00,,
how does google maps calculate eta,,20,"1.00,1.00,1.00,1.00,1.00,1.00,1.00,1.00,1.00,1.00,1.00,1.00",,0.00,0.00,,
how does google maps calculate fuel efficiency,,20,"1.00,1.00,1.00,1.00,1.00,1.00,1.00,1.00,1.00,1.00,1.00,1.00",,0.00,0.00,,
how does google maps calculate routes,,20,"1.00,1.00,1.00,0.00,1.00,1.00,1.00,1.00,1.00,1.00,1.00,1.00",,0.00,0.00,,
how does google maps calculate speed,,20,"1.00,1.00,1.00,1.00,1.00,1.00,1.00,1.00,1.00,1.00,1.00,1.00",,0.00,0.00,,
how does google maps calculate time to destination,,20,"1.00,1.00,1.00,1.00,1.00,1.00,1.00,1.00,1.00,1.00,1.00,1.00",,0.00,0.00,,
how does google maps calculate traffic,,20,"1.00,1.00,1.00,1.00,1.00,1.00,1.00,1.00,1.00,1.00,1.00,1.00",,0.00,0.00,,
how does google maps calculate walking time,,20,"1.00,1.00,1.00,1.00,1.00,1.00,1.00,1.00,1.00,1.00,1.00,1.00",,0.00,0.00,,
how does google maps calculate your eta,,20,"0.50,0.50,0.50,0.50,0.50,0.50,0.50,0.50,0.50,1.00,0.50,0.50",,0.00,0.00,,
how does map my ride calculate calories,,20,"1.00,0.00,0.00,1.00,0.00,1.00,1.00,1.00,1.00,1.00,1.00,1.00",,0.00,0.00,,
how does map my run calculate calories,,20,"1.00,1.00,1.00,1.00,1.00,1.00,1.00,1.00,1.00,1.00,1.00,1.00",,0.00,0.00,,
how does maps calculate arrival time,,20,"0.00,1.00,1.00,1.00,1.00,1.00,1.00,1.00,1.00,1.00,1.00,1.00",,0.00,0.00,,
how does maps calculate eta,,20,"1.00,1.00,1.00,1.00,1.00,1.00,1.00,1.00,1.00,1.00,1.00,1.00",,0.00,0.00,,
how does maps calculate travel time,,20,"0.50,0.50,0.50,0.50,0.50,1.00,0.50,0.50,0.50,0.50,0.50,0.50",,0.00,0.00,,
how google map calculate distance,,20,"1.00,1.00,1.00,1.00,1.00,1.00,1.00,1.00,1.00,1.00,1.00,1.00",,0.00,0.00,,
how google maps calculate eta,,20,"1.00,1.00,1.00,1.00,1.00,1.00,1.00,1.00,1.00,1.00,1.00,1.00",,0.00,0.00,,
how google maps calculate time,,20,"1.00,1.00,1.00,1.00,0.00,1.00,1.00,1.00,1.00,1.00,0.00,0.00",,0.00,0.00,,
how google maps calculate traffic,,20,"1.00,1.00,1.00,1.00,1.00,1.00,1.00,1.00,1.00,1.00,1.00,1.00",,0.00,0.00,,
how google maps calculate travel time,,20,"1.00,1.00,1.00,1.00,1.00,1.00,1.00,1.00,1.00,1.00,1.00,1.00",,0.00,0.00,,
how is map calculated in nursing,,20,"1.00,1.00,1.00,1.00,1.00,1.00,1.00,1.00,1.00,1.00,1.00,1.00",,0.00,0.00,,
how is mape calculated,,20,"0.67,0.67,0.67,0.67,0.67,0.67,1.00,0.67,0.67,0.67,0.67,0.67",,0.00,0.00,,
how is the map calculated,,20,"1.00,1.00,1.00,1.00,1.00,1.00,1.00,1.00,1.00,1.00,1.00,1.00",,0.00,0.00,,
how is traffic calculated on google maps,,20,"1.00,1.00,1.00,1.00,1.00,1.00,1.00,1.00,1.00,1.00,1.00,1.00",,0.00,0.00,,
how is travel time calculated on google maps,,20,"0.00,1.00,1.00,1.00,1.00,1.00,0.00,1.00,1.00,1.00,1.00,1.00",,0.00,0.00,,
how many miles map calculator,,20,"1.00,1.00,1.00,1.00,1.00,1.00,1.00,1.00,1.00,1.00,1.00,1.00",,0.00,0.00,,
how map is calculated,,20,"0.25,0.25,0.50,1.00,0.25,1.00,0.25,0.25,0.75,0.50,0.50,0.50",,0.00,0.00,,
how to calculate a distance on a map,,20,"1.00,1.00,0.00,0.00,0.00,1.00,1.00,1.00,1.00,1.00,1.00,1.00",,0.00,0.00,,
how to calculate a map blood pressure,,20,"1.00,1.00,1.00,1.00,1.00,1.00,1.00,1.00,1.00,1.00,1.00,1.00",,0.00,0.00,,
how to calculate a map bp,,20,"1.00,1.00,1.00,1.00,1.00,1.00,1.00,1.00,1.00,0.00,1.00,1.00",,0.00,0.00,,
how to calculate a map pressure,,20,"1.00,1.00,1.00,0.00,1.00,1.00,1.00,1.00,1.00,0.00,1.00,1.00",,0.00,0.00,,
how to calculate a route distance on google maps,,20,"1.00,1.00,1.00,1.00,1.00,1.00,1.00,1.00,1.00,1.00,1.00,1.00",,0.00,0.00,,
how to calculate a route on google maps,,20,"1.00,1.00,1.00,1.00,1.00,1.00,1.00,1.00,1.00,1.00,1.00,1.00",,0.00,0.02,,
how to calculate a walking distance on google maps,,20,"1.00,1.00,1.00,1.00,1.00,1.00,1.00,1.00,1.00,1.00,1.00,1.00",,0.00,0.00,,
how to calculate acreage from google maps,,20,"0.00,1.00,1.00,1.00,0.00,0.00,1.00,1.00,1.00,1.00,1.00,1.00",,0.00,0.00,,
how to calculate actual distance on a map,,20,"1.00,1.00,1.00,1.00,0.00,1.00,0.00,1.00,1.00,1.00,1.00,1.00",,0.00,0.00,,
how to calculate aerial distance in google map,,20,"1.00,1.00,1.00,0.00,1.00,1.00,1.00,1.00,0.00,1.00,1.00,0.00",,0.00,0.00,,
how to calculate air distance on google maps,,20,"1.00,1.00,1.00,0.00,1.00,1.00,1.00,1.00,1.00,0.00,0.00,1.00",,0.00,0.00,,
how to calculate air miles on google maps,,20,"1.00,1.00,1.00,1.00,1.00,1.00,1.00,1.00,1.00,1.00,1.00,1.00",,0.00,0.00,,
how to calculate area from google map,,20,"1.00,1.00,1.00,1.00,1.00,1.00,1.00,1.00,1.00,1.00,1.00,1.00",,0.00,0.01,,
how to calculate area from google maps,,20,"1.00,1.00,1.00,1.00,1.00,1.00,1.00,1.00,1.00,1.00,1.00,1.00",,0.00,0.01,,
how to calculate area google maps,,20,"1.00,1.00,1.00,1.00,1.00,1.00,1.00,1.00,1.00,1.00,1.00,1.00",,0.00,0.01,,
how to calculate area in geography map work,,20,"1.00,1.00,1.00,1.00,1.00,1.00,1.00,1.00,1.00,1.00,1.00,1.00",,0.00,0.00,,
how to calculate area of irregular shape on map,,20,"1.00,0.00,1.00,1.00,1.00,1.00,1.00,1.00,1.00,1.00,0.00,0.00",,0.00,0.00,,
how to calculate area on a map,,20,"1.00,1.00,1.00,1.00,1.00,1.00,1.00,1.00,1.00,1.00,1.00,1.00",,0.00,0.00,,
how to calculate area on google maps,,20,"1.00,1.00,1.00,1.00,1.00,1.00,1.00,1.00,1.00,1.00,1.00,1.00",,0.00,0.01,,
how to calculate area on map,,20,"1.00,0.00,1.00,1.00,1.00,1.00,1.00,0.00,1.00,1.00,1.00,1.00",,0.00,0.21,,
how to calculate area using google maps,,20,"1.00,1.00,1.00,1.00,1.00,1.00,1.00,1.00,1.00,1.00,1.00,1.00",,0.00,0.03,,
how to calculate area with google maps,,20,"1.00,1.00,1.00,1.00,1.00,1.00,1.00,1.00,1.00,1.00,1.00,1.00",,0.00,0.01,,
how to calculate average slope on a topographic map,,20,"1.00,1.00,1.00,1.00,1.00,1.00,1.00,1.00,1.00,1.00,1.00,1.00",,0.00,0.00,,
how to calculate bearing on a map,,20,"1.00,1.00,1.00,0.00,1.00,1.00,1.00,0.00,1.00,1.00,1.00,1.00",,0.00,0.00,,
how to calculate bearings on a map,,20,"1.00,1.00,1.00,0.00,1.00,1.00,1.00,0.00,1.00,1.00,1.00,1.00",,0.00,0.00,,
how to calculate contour interval on a topographic map,,20,"1.00,1.00,1.00,1.00,1.00,1.00,1.00,1.00,1.00,0.00,1.00,1.00",,0.00,0.00,,
how to calculate coordinates on a map,,20,"1.00,1.00,1.00,1.00,1.00,1.00,1.00,1.00,1.00,1.00,1.00,1.00",,0.00,0.00,,
how to calculate direct distance on google maps,,20,"1.00,1.00,1.00,1.00,1.00,1.00,1.00,1.00,1.00,1.00,1.00,1.00",,0.00,0.00,,
how to calculate distance between two places in google maps,,20,"1.00,1.00,1.00,1.00,1.00,1.00,1.00,1.00,1.00,1.00,1.00,1.00",,0.00,0.07,,
how to calculate distance between two points google maps,,20,"1.00,1.00,1.00,1.00,1.00,1.00,1.00,1.00,1.00,1.00,1.00,1.00",,0.00,0.00,,
how to calculate distance between two points on a map,,20,"1.00,1.00,1.00,1.00,1.00,1.00,1.00,1.00,1.00,1.00,1.00,1.00",,0.00,0.00,,
how to calculate distance between two points on google maps,,20,"0.38,0.38,0.38,0.38,1.00,0.38,0.38,0.38,0.38,0.38,0.38,0.38",,0.00,0.00,,
how to calculate distance in excel using google maps,,20,"1.00,1.00,1.00,1.00,1.00,1.00,1.00,1.00,1.00,1.00,1.00,1.00",,0.00,0.00,,
how to calculate distance in map,,20,"1.00,1.00,1.00,1.00,1.00,1.00,1.00,1.00,1.00,1.00,1.00,1.00",,0.00,0.00,,
how to calculate distance on a topographic map,,20,"1.00,1.00,1.00,1.00,1.00,1.00,1.00,1.00,1.00,1.00,1.00,1.00",,0.00,0.00,,
how to calculate distance on apple maps,,20,"1.00,1.00,1.00,1.00,1.00,1.00,1.00,1.00,1.00,1.00,1.00,1.00",,0.00,0.00,,
how to calculate distance on google maps app,,20,"1.00,1.00,1.00,1.00,0.00,1.00,1.00,1.00,1.00,1.00,1.00,1.00",,0.00,0.00,,
how to calculate distance on the map,,20,"1.00,1.00,1.00,1.00,1.00,1.00,1.00,1.00,1.00,1.00,1.00,0.00",,0.97,0.03,,
how to calculate distance on topographic map,,20,"1.00,1.00,1.00,1.00,1.00,1.00,1.00,1.00,1.00,1.00,1.00,1.00",,0.00,0.00,,
how to calculate distance using a map scale,,20,"1.00,1.00,1.00,1.00,1.00,1.00,1.00,1.00,1.00,1.00,1.00,1.00",,0.00,0.00,,
how to calculate distance using map scale,,20,"1.00,1.00,1.00,1.00,1.00,1.00,1.00,1.00,1.00,0.00,1.00,1.00",,0.00,0.00,,
how to calculate elevation on a topographic map,,20,"1.00,1.00,1.00,1.00,1.00,1.00,1.00,1.00,1.00,1.00,1.00,1.00",,0.00,0.00,,
how to calculate elevation on topographic map,,20,"1.00,1.00,1.00,1.00,1.00,1.00,1.00,1.00,1.00,1.00,1.00,1.00",,0.00,0.00,,
how to calculate for map,,20,"1.00,1.00,1.00,1.00,1.00,1.00,1.00,1.00,1.00,1.00,1.00,1.00",,0.00,0.00,,
how to calculate fuel cost on google maps,,20,"1.00,1.00,1.00,1.00,1.00,1.00,1.00,1.00,1.00,1.00,1.00,0.00",,0.00,0.00,,
how to calculate gene to centromere distance map units,,20,"1.00,1.00,1.00,1.00,1.00,1.00,1.00,1.00,1.00,0.00,0.00,1.00",,0.00,0.00,,
how to calculate gradient on a map,,20,"1.00,1.00,1.00,1.00,1.00,1.00,1.00,1.00,1.00,1.00,1.00,1.00",,0.00,0.00,,
how to calculate gradient topographic map,,20,"1.00,1.00,1.00,1.00,1.00,1.00,1.00,1.00,1.00,1.00,1.00,1.00",,0.00,0.00,,
how to calculate land area on google maps,,20,"1.00,1.00,1.00,1.00,1.00,1.00,0.00,1.00,1.00,0.00,1.00,1.00",,0.00,0.00,,
how to calculate lead time in value stream mapping,,20,"1.00,1.00,1.00,1.00,1.00,1.00,1.00,1.00,1.00,1.00,1.00,1.00",,0.00,0.07,,
how to calculate linkage map distance,,20,"1.00,1.00,1.00,1.00,1.00,1.00,1.00,1.00,0.00,0.00,0.00,1.00",,0.00,0.00,,
how to calculate mad mse and mape,,20,"1.00,1.00,1.00,1.00,1.00,1.00,1.00,0.00,0.00,1.00,0.00,1.00",,0.00,0.00,,
how to calculate mad mse and mape in excel,,20,"1.00,1.00,1.00,1.00,1.00,1.00,1.00,1.00,1.00,1.00,1.00,1.00",,0.00,0.00,,
how to calculate magnetic declination on a topographic map,,20,"1.00,1.00,0.00,1.00,1.00,1.00,1.00,1.00,1.00,0.00,1.00,1.00",,0.00,0.00,,
how to calculate magnetic variation on a map,,20,"1.00,1.00,1.00,1.00,1.00,1.00,1.00,1.00,1.00,1.00,1.00,1.00",,0.00,0.00,,
how to calculate map cardiac,,20,"1.00,1.00,1.00,1.00,1.00,1.00,1.00,1.00,1.00,1.00,1.00,1.00",,0.00,0.00,,
how to calculate map distance between genes,,20,"1.00,1.00,1.00,1.00,1.00,1.00,1.00,1.00,1.00,1.00,1.00,1.00",,0.00,0.00,,
how to calculate map distance between three genes,,20,"1.00,1.00,1.00,1.00,1.00,1.00,1.00,1.00,1.00,1.00,1.00,1.00",,0.00,0.00,,
how to calculate map distance between two linked genes,,20,"1.00,1.00,1.00,1.00,1.00,1.00,1.00,1.00,0.00,0.00,0.00,1.00",,0.00,0.00,,
how to calculate map distance in genetics,,20,"1.00,1.00,1.00,1.00,1.00,1.00,1.00,1.00,1.00,1.00,1.00,1.00",,0.00,0.00,,
how to calculate map example,,20,"0.00,1.00,1.00,1.00,1.00,1.00,1.00,1.00,1.00,1.00,1.00,1.00",,0.00,0.00,,
how to calculate map for bp,,20,"1.00,1.00,1.00,1.00,1.00,1.00,1.00,1.00,1.00,1.00,1.00,1.00",,0.00,0.00,,
how to calculate map formula,,20,"1.00,1.00,1.00,1.00,1.00,1.00,1.00,1.00,1.00,1.00,1.00,1.00",,0.00,0.00,,
how to calculate map from sbp and dbp,,20,"1.00,1.00,1.00,1.00,1.00,1.00,1.00,1.00,1.00,1.00,1.00,1.00",,0.00,0.00,,
how to calculate map from systolic and diastolic,,20,"1.00,1.00,1.00,1.00,1.00,1.00,1.00,1.00,1.00,1.00,1.00,1.00",,0.00,0.00,,
how to calculate map from systolic and diastolic blood pressure,,20,"1.00,1.00,1.00,1.00,1.00,1.00,1.00,1.00,1.00,1.00,1.00,1.00",,0.00,0.00,,
how to calculate map nursing,,20,"1.00,1.00,1.00,1.00,1.00,1.00,1.00,1.00,1.00,1.00,1.00,1.00",,0.00,0.00,,
how to calculate map on ventilator,,20,"1.00,1.00,1.00,1.00,1.00,1.00,1.00,1.00,1.00,1.00,1.00,1.00",,0.00,0.00,,
how to calculate map pricing,,20,"1.00,1.00,1.00,1.00,1.00,1.00,1.00,1.00,1.00,1.00,1.00,0.00",,0.00,0.00,,
how to calculate map scale in geography,,20,"1.00,1.00,1.00,1.00,1.00,1.00,1.00,1.00,1.00,1.00,1.00,1.00",,0.00,0.00,,
how to calculate map score,,20,"1.00,1.00,1.00,1.00,1.00,1.00,1.00,1.00,1.00,1.00,1.00,1.00",,0.00,0.00,,
how to calculate map score blood pressure,,20,"1.00,1.00,1.00,1.00,1.00,1.00,1.00,1.00,1.00,0.00,1.00,1.00",,0.00,0.00,,
how to calculate map units between genes,,20,"1.00,1.00,1.00,1.00,1.00,1.00,1.00,1.00,1.00,1.00,1.00,1.00",,0.00,0.00,,
how to calculate map units from recombination frequency,,20,"1.00,1.00,1.00,1.00,1.00,1.00,1.00,1.00,1.00,1.00,1.00,1.00",,0.00,0.00,,
how to calculate map units genetics,,20,"1.00,1.00,1.00,1.00,1.00,1.00,1.00,1.00,1.00,1.00,0.00,1.00",,0.00,0.00,,
how to calculate mape in python,,20,"1.00,1.00,1.00,1.00,1.00,1.00,1.00,0.50,1.00,1.00,1.00,1.00",,0.00,0.00,,
how to calculate mape in r,,20,"1.00,1.00,1.00,1.00,1.00,1.00,1.00,1.00,0.00,1.00,1.00,1.00",,0.00,0.00,,
how to calculate mean arterial pressure map,,20,"1.00,1.00,1.00,1.00,1.00,1.00,1.00,1.00,1.00,1.00,1.00,1.00",,0.00,0.00,,
how to calculate miles on a map,,20,"1.00,1.00,1.00,1.00,1.00,1.00,1.00,1.00,1.00,1.00,1.00,1.00",,0.00,0.08,,
how to calculate miles on google maps,,20,"1.00,1.00,1.00,1.00,1.00,1.00,1.00,1.00,1.00,1.00,1.00,1.00",,0.00,0.00,,
how to calculate nautical miles on a map,,20,"1.00,1.00,1.00,1.00,1.00,1.00,1.00,1.00,1.00,1.00,1.00,1.00",,0.00,0.00,,
how to calculate radius in google maps,,20,"1.00,1.00,1.00,1.00,1.00,1.00,1.00,1.00,1.00,1.00,0.00,1.00",,0.00,0.00,,
how to calculate radius on a map,,20,"1.00,1.00,1.00,1.00,1.00,1.00,1.00,1.00,1.00,1.00,1.00,1.00",,0.00,0.00,,
how to calculate radius on google maps,,20,"1.00,1.00,1.00,1.00,1.00,1.00,1.00,1.00,1.00,1.00,1.00,1.00",,0.00,0.00,,
how to calculate representative fraction map scale,,20,"1.00,1.00,1.00,1.00,1.00,1.00,1.00,1.00,1.00,0.00,1.00,1.00",,0.00,0.00,,
how to calculate roof area from google maps,,20,"1.00,1.00,1.00,1.00,1.00,1.00,1.00,1.00,1.00,1.00,1.00,1.00",,1.38,0.30,,
how to calculate route distance on google maps,,20,"1.00,1.00,1.00,1.00,1.00,1.00,1.00,1.00,1.00,1.00,1.00,1.00",,0.00,0.00,,
how to calculate route on google maps,,20,"0.00,1.00,1.00,1.00,0.00,1.00,1.00,1.00,1.00,1.00,1.00,1.00",,0.00,0.00,,
how to calculate run distance on google maps,,20,"1.00,1.00,1.00,1.00,1.00,1.00,1.00,1.00,1.00,1.00,1.00,0.00",,0.00,0.00,,
how to calculate running distance on google maps,,20,"1.00,1.00,1.00,1.00,1.00,1.00,1.00,1.00,1.00,1.00,1.00,1.00",,0.00,0.04,,
how to calculate slope angle from topographic map,,20,"1.00,1.00,1.00,1.00,1.00,1.00,1.00,1.00,0.00,0.00,1.00,1.00",,0.00,0.00,,
how to calculate slope gradient on a topographic map,,20,"1.00,1.00,1.00,1.00,1.00,1.00,1.00,1.00,1.00,1.00,1.00,1.00",,0.00,0.00,,
how to calculate slope on a topographic map,,20,"1.00,1.00,1.00,1.00,1.00,1.00,1.00,1.00,1.00,1.00,1.00,1.00",,0.00,0.00,,
how to calculate slope on topographic map,,20,"1.00,1.00,1.00,1.00,1.00,1.00,1.00,1.00,1.00,1.00,1.00,1.00",,0.00,0.00,,
how to calculate square footage on google maps,,20,"1.00,1.00,1.00,1.00,1.00,1.00,1.00,1.00,1.00,1.00,1.00,1.00",,0.00,0.02,,
how to calculate square miles on a map,,20,"1.00,1.00,1.00,1.00,1.00,1.00,1.00,1.00,1.00,1.00,1.00,1.00",,0.00,0.01,,
how to calculate straight line distance on google maps,,20,"1.00,1.00,1.00,1.00,1.00,1.00,1.00,1.00,1.00,1.00,1.00,1.00",,0.00,0.00,,
how to calculate tag bits in direct mapping,,20,"1.00,0.50,0.50,0.50,0.50,0.50,0.50,0.50,0.50,0.00,0.50,0.50",,0.00,0.00,,
how to calculate the distance on google maps,,20,"1.00,1.00,0.00,1.00,1.00,1.00,1.00,1.00,0.00,1.00,1.00,1.00",,0.00,0.00,,
how to calculate the gradient on a map,,20,"1.00,1.00,0.00,1.00,1.00,1.00,1.00,1.00,0.00,0.00,1.00,1.00",,0.00,0.00,,
how to calculate the map blood pressure,,20,"1.00,1.00,1.00,1.00,1.00,1.00,1.00,1.00,1.00,1.00,0.00,1.00",,0.00,0.00,,
how to calculate the map bp,,20,"1.00,0.00,1.00,1.00,1.00,1.00,1.00,1.00,1.00,1.00,1.00,1.00",,0.00,0.00,,
how to calculate the map distance between two genes,,20,"1.00,1.00,1.00,1.00,1.00,1.00,1.00,1.00,1.00,1.00,0.00,1.00",,0.00,0.00,,
how to calculate the map for blood pressure,,20,"0.49,0.49,0.49,0.49,0.49,0.49,0.49,0.49,1.00,0.49,0.49,0.49",,0.00,0.00,,
how to calculate the map for bp,,20,"1.00,0.00,1.00,1.00,1.00,1.00,0.00,1.00,1.00,1.00,1.00,0.00",,0.00,0.00,,
how to calculate the map in blood pressure,,20,"0.00,0.00,0.00,0.00,0.00,0.18,0.09,1.00,0.36,0.63,0.18,0.18",,0.00,0.00,,
how to calculate the map of bp,,20,"1.00,0.40,0.40,0.40,0.40,0.40,0.40,0.40,0.40,0.40,0.40,0.40",,0.00,0.00,,
how to calculate the mape,,20,"1.00,1.00,1.00,1.00,1.00,1.00,1.00,1.00,1.00,1.00,1.00,1.00",,0.00,0.00,,
how to calculate the relief on a topographic map,,20,"1.00,1.00,1.00,1.00,1.00,1.00,1.00,1.00,1.00,1.00,1.00,1.00",,0.00,0.00,,
how to calculate the scale of a map pdf,,20,"1.00,1.00,1.00,1.00,1.00,1.00,1.00,1.00,1.00,1.00,1.00,1.00",,0.00,0.00,,
how to calculate toll on google maps,,20,"0.00,0.00,0.00,0.00,1.00,0.28,0.28,0.28,0.28,0.28,0.28,0.28",,0.00,0.00,,
how to calculate tolls in google maps,,20,"1.00,1.00,1.00,1.00,1.00,1.00,1.00,1.00,1.00,1.00,1.00,1.00",,0.00,0.00,,
how to calculate tolls on apple maps,,20,"0.00,0.00,1.00,1.00,1.00,1.00,1.00,1.00,1.00,1.00",,0.00,0.00,,
how to calculate tolls using google maps,,20,"1.00,1.00,1.00,1.00,1.00,1.00,1.00,1.00,0.00,1.00,1.00,1.00",,0.00,0.00,,
how to calculate topographic maps,,20,"1.00,1.00,1.00,1.00,1.00,1.00,1.00,1.00,1.00,1.00,1.00,1.00",,0.00,0.00,,
how to calculate travel time in google maps,,20,"1.00,1.00,1.00,1.00,1.00,1.00,1.00,1.00,1.00,1.00,1.00,1.00",,0.00,0.00,,
how to calculate vertical exaggeration on a topographic map,,20,"1.00,1.00,1.00,1.00,1.00,1.00,1.00,1.00,1.00,1.00,1.00,1.00",,0.00,0.00,,
how to use google maps to calculate area,,20,"0.00,1.00,1.00,1.00,1.00,1.00,1.00,1.00,1.00,1.00,1.00,1.00",,0.00,0.00,,
how to use google maps to calculate distance,,20,"1.00,1.00,1.00,1.00,1.00,1.00,1.00,1.00,1.00,1.00,1.00,1.00",,0.00,0.00,,
illinois tollway map calculator,,20,"1.00,1.00,1.00,1.00,1.00,1.00,1.00,1.00,1.00,1.00,1.00,1.00",,0.00,0.00,,
illinois tollway map trip calculator,,20,"1.00,1.00,1.00,1.00,1.00,1.00,1.00,1.00,1.00,1.00,1.00,1.00",,0.00,0.00,,
interactive map distance calculator,,20,"1.00,1.00,1.00,1.00,1.00,1.00,1.00,1.00,1.00,1.00,1.00,1.00",,0.00,0.00,,
iowa map distance calculator,,20,"1.00,1.00,1.00,1.00,1.00,1.00,1.00,1.00,1.00,1.00,1.00,1.00",,0.00,0.00,,
ipv4 mapped ipv6 address calculator,,20,"1.00,1.00,1.00,1.00,0.00,1.00,1.00,1.00,1.00,1.00,1.00,0.00",,0.00,0.00,,
jogging calculator map,,20,"1.00,1.00,1.00,1.00,1.00,1.00,1.00,1.00,1.00,1.00,1.00,1.00",,0.00,0.04,,
jogging distance calculator map,,20,"0.00,0.00,1.00,0.22,0.78,0.11,0.00,0.00,0.00,0.00,0.00,0.00",,1.22,0.02,,
jogging map distance calculator,,20,"1.00,1.00,1.00,1.00,1.00,0.44,1.00,1.00,1.00,1.00,1.00,0.00",,0.00,0.00,,
k map 4 variables calculator,,20,"1.00,1.00,1.00,1.00,1.00,1.00,1.00,1.00,1.00,1.00,1.00,1.00",,0.00,0.00,,
k map boolean expression calculator,,20,"1.00,1.00,1.00,1.00,1.00,1.00,1.00,1.00,1.00,1.00,1.00,1.00",,0.00,0.00,,
k map calculator 4 variable,,20,"1.00,1.00,1.00,1.00,1.00,1.00,1.00,1.00,1.00,1.00,1.00,1.00",,0.00,0.00,,
k map expression calculator,,20,"1.00,1.00,1.00,1.00,1.00,1.00,1.00,1.00,1.00,1.00,0.00,1.00",,0.00,0.00,,
k map maxterm calculator,,20,"1.00,1.00,1.00,1.00,1.00,1.00,1.00,1.00,1.00,1.00,0.00,1.00",,0.00,0.00,,
k map online calculator,,20,"1.00,1.00,1.00,1.00,1.00,1.00,1.00,1.00,1.00,1.00,1.00,1.00",,0.00,0.00,,
k map pos calculator,,20,"1.00,1.00,1.00,1.00,1.00,1.00,1.00,1.00,1.00,0.00,1.00,1.00",,0.00,0.00,,
k map product of sums calculator,,20,"1.00,1.00,1.00,1.00,1.00,1.00,1.00,1.00,1.00,0.00,1.00,1.00",,0.00,0.00,,
k map simplification calculator,,20,"0.00,0.00,0.00,0.00,0.00,0.00,0.00,0.00,0.00,0.00,0.00,0.00",,0.00,0.00,,
k map sop calculator,,20,"1.00,1.00,1.00,1.00,1.00,1.00,1.00,1.00,1.00,0.00,0.00,1.00",,0.00,0.00,,
k map sum of products calculator,,20,"1.00,1.00,1.00,1.00,1.00,1.00,1.00,1.00,0.00,0.00,0.00,1.00",,0.00,0.00,,
k map to boolean expression calculator,,20,"1.00,1.00,1.00,1.00,1.00,1.00,1.00,1.00,1.00,1.00,0.00,1.00",,0.00,0.00,,
k map truth table calculator,,20,"1.00,1.00,1.00,1.00,1.00,1.00,1.00,0.00,0.00,1.00,1.00,1.00",,0.00,0.00,,
karnaugh map 5 variables calculator,,20,"1.00,0.00,1.00,1.00,1.00,1.00,1.00,1.00,1.00,0.00,0.00,1.00",,0.00,0.00,,
karnaugh map online calculator,,20,"1.00,1.00,1.00,1.00,1.00,1.00,1.00,1.00,1.00,1.00,1.00,1.00",,0.00,0.00,,
karnaugh map simplification calculator,,20,"1.00,1.00,1.00,1.00,1.00,1.00,1.00,1.00,1.00,0.00,0.00,1.00",,0.00,0.00,,
karnaugh map to boolean expression calculator,,20,"1.00,1.00,1.00,1.00,1.00,1.00,1.00,1.00,1.00,1.00,0.00,1.00",,0.00,0.00,,
km map calculator,,20,"1.00,1.00,1.00,0.00,0.00,1.00,1.00,1.00,1.00,1.00,1.00,1.00",,0.00,0.00,,
land acre calculator map,,20,"1.00,1.00,1.00,1.00,1.00,1.00,1.00,1.00,1.00,1.00,1.00,1.00",,0.00,0.18,,
land calculator google maps,,20,"1.00,1.00,1.00,1.00,1.00,1.00,1.00,1.00,1.00,1.00,1.00,1.00",,0.00,0.12,,
land calculator map,,20,"1.00,1.00,1.00,1.00,1.00,1.00,1.00,1.00,1.00,1.00,1.00,1.00",,0.00,0.06,,
land map calculator,,20,"1.00,1.00,1.00,1.00,1.00,1.00,1.00,1.00,1.00,1.00,1.00,1.00",,0.00,0.08,,
land size calculator google maps,,20,"1.00,1.00,1.00,1.00,1.00,1.00,1.00,1.00,1.00,1.00,1.00,1.00",,0.00,0.00,,
land size calculator map,,20,"1.00,1.00,1.00,1.00,1.00,1.00,1.00,1.00,1.00,1.00,1.00,1.00",,0.00,0.14,,
latitude and longitude calculator map,,20,"1.00,0.00,0.00,1.00,1.00,1.00,1.00,1.00,1.00,1.00,0.00,1.00",,0.00,0.00,,
latitude longitude calculator map,,20,"1.00,1.00,1.00,1.00,0.00,1.00,1.00,1.00,1.00,1.00,1.00,1.00",,0.00,0.00,,
lawn area calculator map,,20,"1.00,0.00,1.00,1.00,0.00,1.00,1.00,1.00,1.00,1.00,1.00,1.00",,0.00,0.01,,
lawn area map calculator,,20,"1.00,1.00,1.00,1.00,1.00,1.00,1.00,1.00,1.00,0.00,1.00,0.00",,0.00,0.00,,
lawn calculator map,,20,"1.00,0.00,0.00,0.00,1.00,1.00,1.00,1.00,1.00,1.00,1.00,1.00",,0.00,0.07,,
lawn size calculator google maps,,20,"0.28,0.28,0.28,0.28,0.28,0.28,1.00,0.28,0.28,0.28,0.28,0.28",,0.00,0.14,,
lawn size calculator map,,20,"1.00,1.00,1.00,1.00,1.00,1.00,1.00,1.00,1.00,1.00,1.00,1.00",,0.00,0.04,,
lawn square footage calculator map,,20,"0.48,0.48,0.48,0.48,0.48,0.48,0.48,0.48,0.48,0.48,0.48,1.00",,0.00,0.02,,
length calculator google maps,,20,"1.00,1.00,1.00,1.00,1.00,1.00,1.00,1.00,1.00,1.00,1.00,1.00",,0.00,0.00,,
line of sight calculator google maps,,20,"1.00,1.00,1.00,1.00,1.00,1.00,1.00,1.00,1.00,1.00,1.00,1.00",,0.00,0.00,,
linear distance calculator map,,20,"1.00,1.00,1.00,1.00,1.00,1.00,1.00,1.00,1.00,1.00,1.00,0.00",,0.00,0.00,,
linkage map calculator,,20,"1.00,1.00,1.00,1.00,1.00,1.00,1.00,1.00,0.00,0.00,0.00,1.00",,0.00,0.00,,
logistic map calculator,,20,"1.00,1.00,1.00,1.00,1.00,1.00,1.00,1.00,1.00,1.00,1.00,1.00",,0.00,0.00,,
longitude and latitude calculator map,,20,"1.00,1.00,1.00,1.00,1.00,1.00,1.00,1.00,1.00,1.00,0.00,1.00",,0.00,0.00,,
longitude latitude calculator google maps,,20,"1.00,1.00,1.00,1.00,1.00,1.00,1.00,1.00,1.00,1.00,1.00,1.00",,0.00,0.00,,
lot size calculator google maps,,20,"1.00,1.00,1.00,1.00,1.00,1.00,1.00,1.00,1.00,1.00,1.00,1.00",,0.00,0.02,,
lot size calculator map,,20,"1.00,1.00,1.00,1.00,1.00,1.00,1.00,1.00,1.00,1.00,1.00,1.00",,0.00,0.07,,
mad mse and mape calculator,,20,"1.00,1.00,1.00,1.00,1.00,1.00,1.00,0.00,0.00,0.00,1.00,1.00",,0.00,0.14,,
mad mse mape calculator,,20,"1.00,1.00,1.00,1.00,1.00,1.00,1.00,1.00,1.00,0.00,0.00,1.00",,0.00,0.00,,
manual map calculation,,20,"0.00,1.00,1.00,1.00,1.00,1.00,1.00,1.00,1.00,1.00,1.00,1.00",,0.00,0.00,,
map and gas calculator,,20,"1.00,1.00,1.00,1.00,1.00,1.00,1.00,1.00,1.00,1.00,1.00,1.00",,0.00,0.01,,
map angle calculator,,20,"1.00,1.00,1.00,1.00,1.00,1.00,1.00,1.00,1.00,1.00,1.00,1.00",,0.00,0.00,,
map area calculator app,,20,"1.00,1.00,1.00,1.00,1.00,1.00,1.00,1.00,1.00,1.00,1.00,1.00",,0.00,0.00,,
map area calculator google earth,,20,"1.00,1.00,0.00,1.00,1.00,0.00,1.00,1.00,1.00,1.00,1.00,1.00",,0.00,0.00,,
map area size calculator,,20,"0.00,1.00,1.00,1.00,1.00,1.00,0.00,1.00",,0.00,0.00,,
map azimuth calculator,,20,"1.00,1.00,1.00,0.00,1.00,1.00,1.00,1.00,1.00,1.00,1.00,1.00",,0.00,0.00,,
map bearing calculator,,20,"1.00,1.00,1.00,1.00,1.00,1.00,1.00,1.00,1.00,1.00,1.00,1.00",,0.00,0.00,,
map bp calculation formula,,20,"0.50,0.50,1.00,0.50,0.50,0.50,0.50,0.50,0.50,0.50,0.50,0.50",,0.00,0.00,,
map calcul,,20,"0.40,1.00,0.60,0.00,0.00,0.00,0.00,0.00,0.20,1.00,0.40,0.60",,0.00,0.00,,
map calculate distance between two points,,20,"1.00,1.00,1.00,1.00,1.00,1.00,1.00,1.00,1.00,1.00,1.00,1.00",,0.00,0.00,,
map calculated,,20,"1.00,0.66,0.33,0.33,0.66,0.33,0.66,0.66,0.33,0.00,0.33,0.66",,0.00,0.00,,
map calculation example,,20,"0.40,0.40,0.40,0.40,0.40,0.40,0.40,0.40,0.40,1.00,0.40,0.40",,0.00,0.00,,
map calculation for blood pressure,,20,"0.22,0.11,0.11,0.00,0.11,0.11,0.22,0.11,0.77,0.11,1.00,0.11",,0.00,0.00,,
map calculation heart,,20,"1.00,1.00,1.00,1.00,1.00,1.00,1.00,1.00,1.00,1.00,1.00,1.00",,0.00,0.00,,
map calculation medical,,20,"1.00,1.00,1.00,1.00,1.00,1.00,1.00,1.00,1.00,1.00,1.00,1.00",,0.00,0.00,,
map calculation object detection,,20,"1.00,1.00,1.00,0.00,1.00,1.00,1.00,0.00,1.00,1.00,1.00,1.00",,0.00,0.00,,
map calculation practice,,20,"1.00,1.00,1.00,1.00,1.00,1.00,1.00,1.00,1.00,1.00,1.00,1.00",,0.00,0.00,,
map calculation pressure,,20,"1.00,1.00,1.00,1.00,1.00,1.00,1.00,1.00,1.00,1.00,1.00,1.00",,0.00,0.00,,
map calculator app,,20,"1.00,1.00,1.00,1.00,1.00,1.00,1.00,1.00,1.00,1.00,1.00,1.00",,0.00,0.05,,
map calculator bp formula,,20,"1.00,1.00,1.00,1.00,1.00,1.00,1.00,1.00,1.00,1.00,1.00,1.00",,0.00,0.00,,
map calculator equation,,20,"0.67,1.00,1.00,0.67,0.67,0.67,0.67,0.67,0.67,0.67,0.67,0.67",,0.00,0.00,,
map calculator online,,20,"1.00,1.00,1.00,1.00,1.00,1.00,1.00,1.00,1.00,1.00,1.00,1.00",,0.00,0.00,,
map calculator pediatrics,,20,"1.00,1.00,1.00,1.00,1.00,1.00,1.00,1.00,1.00,1.00,1.00,1.00",,0.00,0.00,,
map calculator radius,,20,"1.00,1.00,1.00,1.00,1.00,1.00,1.00,1.00,1.00,1.00,1.00,1.00",,0.00,0.00,,
map calculator tool,,20,"1.00,1.00,1.00,1.00,1.00,1.00,1.00,1.00,0.00,0.00,1.00,1.00",,0.00,0.00,,
map calculator ventilator,,20,"1.00,1.00,1.00,1.00,1.00,1.00,1.00,1.00,1.00,1.00,0.00,1.00",,0.00,0.00,,
map cardiac calculator,,20,"1.00,1.00,1.00,1.00,1.00,1.00,1.00,1.00,1.00,1.00,1.00,1.00",,0.00,0.00,,
map circle radius calculator,,20,"1.00,1.00,1.00,1.00,1.00,1.00,1.00,1.00,1.00,1.00,1.00,1.00",,0.00,0.00,,
map circumference calculator,,20,"0.66,0.66,0.66,0.66,0.66,0.66,0.66,0.66,0.66,1.00,0.66,0.66",,0.00,0.00,,
map computation calculator,,20,"1.00,1.00,1.00,1.00,1.00,1.00,1.00,1.00,1.00,1.00,1.00,1.00",,0.00,0.00,,
map conversion calculator,,20,"1.00,1.00,1.00,1.00,1.00,1.00,1.00,1.00,1.00,1.00,1.00,1.00",,0.00,0.00,,
map declination calculator,,20,"1.00,1.00,1.00,1.00,1.00,1.00,1.00,1.00,1.00,1.00,1.00,1.00",,0.00,0.00,,
map diameter calculator,,20,"1.00,1.00,1.00,1.00,1.00,1.00,1.00,1.00,1.00,1.00,1.00,1.00",,0.00,0.00,,
map distance calculator app,,20,"1.00,1.00,1.00,1.00,1.00,1.00,1.00,1.00,1.00,1.00,1.00,1.00",,0.00,0.01,,
map distance calculator uk,,20,"1.00,1.00,1.00,1.00,1.00,1.00,1.00,1.00,1.00,0.00,1.00,1.00",,0.00,0.00,,
map distance circle calculator,,20,"0.00,0.00,0.00,1.00,0.50,0.50,0.00,0.50,0.50,0.50,0.50,0.50",,0.00,0.00,,
map distance genetics calculator,,20,"1.00,1.00,1.00,1.00,1.00,1.00,1.00,1.00,1.00,1.00,1.00,1.00",,0.00,0.00,,
map distance radius calculator,,20,"1.00,1.00,1.00,1.00,1.00,1.00,1.00,1.00,1.00,1.00,1.00,1.00",,0.00,0.02,,
map elevation calculator,,20,"1.00,1.00,1.00,1.00,1.00,1.00,1.00,1.00,1.00,1.00,1.00,1.00",,0.00,0.00,,
map equation calculator,,20,"0.50,0.25,0.25,0.50,0.75,1.00,1.00,0.50,0.50,0.50,0.50,0.50",,0.00,0.00,,
map for blood pressure calculator,,20,"0.00,0.00,0.00,0.00,0.14,0.28,0.28,0.28,0.28,0.28,0.42,1.00",,0.00,0.01,,
map gradient calculator,,20,"1.00,1.00,1.00,1.00,1.00,1.00,1.00,1.00,1.00,1.00,1.00,1.00",,0.00,0.00,,
map grant calculator,,20,"1.00,1.00,1.00,1.00,1.00,1.00,1.00,1.00,1.00,1.00,1.00,1.00",,0.00,0.00,,
map heart calculation,,20,"1.00,1.00,1.00,1.00,1.00,1.00,1.00,1.00,1.00,1.00,1.00,1.00",,0.00,0.00,,
map how to calculate,,20,"0.00,0.00,0.00,0.00,0.00,1.00,0.00,0.13,0.00,0.00,0.00,0.00",,0.00,0.00,,
map in blood pressure calculator,,20,"1.00,1.00,1.00,1.00,1.00,1.00,1.00,1.00,1.00,1.00,1.00,1.00",,0.00,0.00,,
map is calculated by,,20,"1.00,1.00,1.00,1.00,1.00,1.00,1.00,1.00,1.00,1.00,1.00,1.00",,0.00,0.00,,
map kilometer calculator,,20,"1.00,1.00,1.00,1.00,1.00,1.00,1.00,1.00,1.00,1.00,1.00,1.00",,0.00,0.00,,
map length calculator,,20,"1.00,1.00,1.00,1.00,1.00,1.00,1.00,1.00,1.00,1.00,1.00,1.00",,0.00,0.00,,
map meter calculator,,20,"1.00,1.00,1.00,1.00,1.00,1.00,1.00,1.00,1.00,1.00,1.00,1.00",,0.00,0.00,,
map mile calculator,,20,"0.17,0.00,0.17,0.00,0.50,0.00,1.00,0.00,0.00,0.00,1.00,0.00",,0.00,0.03,,
map my land area calculator,,20,"1.00,0.00,1.00,1.00,1.00,1.00,1.00,1.00,1.00,1.00,1.00,1.00",,0.00,0.00,,
map my run calorie calculator,,20,"1.00,1.00,1.00,1.00,1.00,1.00,1.00,1.00,1.00,1.00,0.00,1.00",,0.00,0.00,,
map my run distance calculator,,20,"0.67,0.67,0.67,0.67,0.67,0.67,0.67,0.67,0.67,0.67,0.67,1.00",,0.00,0.03,,
map nursing calculator,,20,"1.00,1.00,1.00,1.00,1.00,1.00,1.00,1.00,1.00,1.00,1.00,1.00",,0.00,0.00,,
map online calculator,,20,"0.00,1.00,1.00,1.00,1.00,1.00,1.00,1.00,1.00,1.00,1.00,1.00",,0.00,0.00,,
map percentile calculator,,20,"1.00,1.00,1.00,1.00,1.00,1.00,1.00,1.00,1.00,1.00,1.00,1.00",,0.00,0.00,,
map perimeter calculator,,20,"1.00,1.00,1.00,1.00,1.00,1.00,1.00,1.00,1.00,1.00,1.00,1.00",,0.00,0.05,,
map point distance calculator,,20,"1.00,1.00,1.00,1.00,1.00,1.00,1.00,1.00,1.00,1.00,1.00,1.00",,0.00,0.00,,
map pp calculator,,20,"1.00,1.00,1.00,1.00,1.00,1.00,1.00,1.00,1.00,1.00,1.00,0.00",,0.00,0.00,,
map radius distance calculator,,20,"1.00,1.00,1.00,1.00,1.00,1.00,1.00,1.00,1.00,1.00,1.00,1.00",,0.00,0.02,,
map range calculator,,20,"1.00,1.00,1.00,1.00,1.00,1.00,1.00,1.00,1.00,1.00,1.00,1.00",,0.00,0.00,,
map ratio calculator,,20,"1.00,1.00,1.00,1.00,1.00,1.00,1.00,1.00,1.00,1.00,1.00,1.00",,0.00,0.00,,
map reading calculation,,20,"0.00,1.00,1.00,0.00,1.00,1.00,1.00,1.00,1.00,1.00,1.00,1.00",,0.00,0.00,,
map route distance calculator,,20,"1.00,1.00,1.00,1.00,1.00,1.00,1.00,1.00,1.00,1.00,1.00,1.00",,0.00,0.02,,
map scale calculation formula,,20,"0.48,0.48,0.48,0.48,0.48,0.48,0.48,0.48,0.48,0.48,0.48,1.00",,0.00,0.00,,
map scale calculator with steps,,20,"1.00,1.00,1.00,1.00,1.00,1.00,1.00,1.00,1.00,1.00,1.00,1.00",,0.00,0.00,,
map scale distance calculator,,20,"1.00,1.00,1.00,1.00,1.00,1.00,1.00,1.00,1.00,1.00,1.00,1.00",,0.00,0.00,,
map scale factor calculator,,20,"1.00,1.00,1.00,1.00,0.00,1.00,1.00,1.00,1.00,1.00,0.00,1.00",,0.00,0.00,,
map scale ratio calculation formula,,20,1.00,,0.00,0.00,,
map scaling calculator,,20,"1.00,1.00,1.00,1.00,1.00,1.00,1.00,1.00,1.00,1.00,1.00,1.00",,0.00,0.00,,
map score to sat score calculator,,20,"0.00,0.50,1.00,1.00,1.00,1.00,1.00,1.00,1.00,1.00,1.00",,0.00,0.00,,
map size calculator,,20,"1.00,1.00,1.00,1.00,1.00,1.00,1.00,1.00,1.00,1.00,1.00,1.00",,0.00,0.00,,
map slope calculator,,20,"1.00,1.00,1.00,1.00,1.00,1.00,1.00,1.00,0.00,1.00,1.00,1.00",,0.00,0.00,,
map sq ft calculator,,20,"0.50,0.50,0.50,0.50,0.50,1.00,0.75,0.50,0.50,0.50,0.50,0.50",,0.00,0.01,,
map sqft calculator,,20,"0.66,0.66,0.66,0.66,0.66,1.00,0.66,1.00,0.66,0.66,0.66,0.66",,0.00,0.03,,
map straight line distance calculator,,20,"1.00,1.00,1.00,1.00,1.00,1.00,1.00,1.00,1.00,1.00,1.00,1.00",,0.00,0.00,,
map test calculator,,20,"1.00,1.00,1.00,1.00,1.00,1.00,1.00,1.00,1.00,1.00,1.00,1.00",,0.00,0.01,,
map test score percentile calculator,,20,"1.00,0.00,1.00,1.00,1.00,1.00,1.00,1.00,1.00,0.00,1.00,1.00",,0.00,0.00,,
map time calculator,,20,"1.00,1.00,1.00,1.00,1.00,1.00,1.00,1.00,1.00,1.00,1.00,1.00",,0.00,0.00,,
map tools area calculator,,20,"1.00,1.00,1.00,1.00,1.00,1.00,1.00,1.00,1.00,1.00,1.00,1.00",,0.00,0.00,,
map travel time calculator,,20,"1.00,1.00,1.00,1.00,1.00,1.00,1.00,1.00,1.00,1.00,1.00,1.00",,0.00,0.00,,
map units calculation,,20,"0.00,1.00,1.00,1.00,1.00,1.00,1.00,0.00,1.00,1.00,1.00,1.00",,0.00,0.00,,
map with fuel cost calculator,,20,"1.00,1.00,1.00,1.00,1.00,1.00,1.00,1.00,1.00,1.00,1.00,1.00",,0.00,0.00,,
map with mileage calculator,,20,"0.50,0.50,0.00,0.00,0.25,0.50,1.00,1.00,0.25,1.00,0.75,1.00",,0.93,0.02,,
map work calculations,,20,"1.00,1.00,1.00,1.00,1.00,1.00,1.00,1.00,1.00,1.00,1.00,1.00",,0.00,0.00,,
map. calculator,,20,"0.00,0.00,0.50,0.50,0.25,0.50,0.00,1.00,1.00,1.00,0.00,0.00",,0.00,0.00,,
mapa astral calcular,,20,"1.00,1.00,1.00,1.00,1.00,1.00,1.00,1.00,1.00,1.00,1.00,1.00",,0.00,0.13,,
mapa bid calculator,,20,"1.00,1.00,1.00,1.00,1.00,1.00,1.00,1.00,1.00,1.00,1.00,1.00",,0.00,0.04,,
mapa de karnaugh calculadora,,20,"1.00,1.00,1.00,1.00,1.00,1.00,1.00,1.00,1.00,0.00,0.00,0.00",,0.00,0.00,,
mape calculation example,,20,"0.66,0.66,0.66,0.66,0.66,0.66,0.66,1.00,0.66,0.66,0.66,0.66",,0.00,0.00,,
mape calculation excel,,20,"1.00,1.00,1.00,1.00,1.00,1.00,1.00,1.00,1.00,1.00,1.00,1.00",,0.00,0.00,,
mape calculation python,,20,"1.00,1.00,1.00,1.00,1.00,1.00,1.00,1.00,1.00,1.00,1.00,1.00",,0.00,0.00,,
mape calculator online,,20,"1.00,1.00,1.00,1.00,1.00,1.00,1.00,1.00,1.00,1.00,1.00,1.00",,0.00,0.00,,
mape forecast accuracy calculation,,20,"1.00,0.00,0.00,1.00,1.00,1.00,1.00,1.00,1.00,1.00,1.00,1.00",,0.00,0.14,,
mape wage calculator,,20,"1.00,1.00,1.00,1.00,1.00,0.00,1.00,1.00,1.00,1.00,1.00,1.00",,0.00,0.01,,
mapping calculator math,,20,"1.00,1.00,1.00,1.00,1.00,1.00,1.00,1.00,1.00,0.00,0.00,1.00",,0.00,0.48,,
mapping diagram function calculator,,20,"1.00,1.00,1.00,1.00,0.00,1.00,1.00,1.00,1.00,0.00,1.00,1.00",,0.00,0.00,,
mapping functions calculator,,20,"1.00,1.00,1.00,1.00,1.00,1.00,1.00,1.00,1.00,1.00,1.00,1.00",,0.00,0.00,,
mapping notation calculator,,20,"1.00,1.00,1.00,0.00,1.00,1.00,1.00,1.00,1.00,0.00,1.00,1.00",,0.00,0.00,,
mapping rule calculator,,20,"1.00,1.00,1.00,1.00,1.00,1.00,1.00,1.00,0.00,0.00,0.00,1.00",,0.00,0.00,,
mapping your future budget calculator,,20,"1.00,1.00,1.00,1.00,1.00,1.00,1.00,1.00,1.00,1.00,1.00,1.00",,0.00,0.29,,
mapping your future calculator,,20,"1.00,1.00,1.00,1.00,0.00,1.00,1.00,1.00,1.00,1.00,1.00,1.00",,0.00,0.00,,
mapping your future standard calculator,,20,"1.00,0.00,1.00,0.00,1.00,1.00,1.00,1.00,1.00,1.00,1.00,0.00",,0.00,0.00,,
mapping your future student loan calculator,,20,"1.00,1.00,1.00,0.00,1.00,1.00,1.00,1.00,1.00,1.00,1.00,1.00",,0.00,0.07,,
maps and gas calculator,,20,"1.00,1.00,1.00,1.00,1.00,1.00,1.00,1.00,1.00,1.00,1.00,1.00",,0.00,0.01,,
maps area calculator tool,,20,"1.00,1.00,1.00,1.00,1.00,1.00,1.00,1.00,1.00,1.00,1.00,1.00",,0.00,0.00,,
maps calcular distancia,,20,"0.67,0.67,1.00,0.67,0.67,0.67,0.67,0.67,0.67,0.67,0.67,0.67",,0.00,0.00,,
maps calculate distance between points,,20,"1.00,1.00,0.00,1.00,1.00,1.00,1.00,0.00,1.00,0.00,1.00,1.00",,0.00,0.00,,
maps credit union loan calculator,,20,"1.00,1.00,1.00,0.00,1.00,1.00,1.00,1.00,1.00,1.00,1.00,0.00",,0.00,0.00,,
maps google calculate distance,,20,"0.00,1.00,1.00,1.00,1.00,1.00,0.00,1.00,1.00,1.00,1.00,1.00",,0.00,0.00,,
maps rand mcnally mileage calculator,,20,"1.00,0.00,1.00,1.00,1.00,1.00,1.00,1.00,1.00,1.00,1.00,0.00",,0.00,0.00,,
maps to calculate distance,,20,"1.00,0.50,0.00,0.00,0.00,0.00,0.00,0.00,0.00,0.00,0.00,0.00",,0.72,0.01,,
maps with radius calculator,,20,"1.00,1.00,1.00,1.00,1.00,1.00,1.00,1.00,1.00,1.00,1.00,1.00",,0.00,0.00,,
maps with toll calculator,,20,"0.20,0.20,0.20,0.20,0.20,0.40,1.00,0.80,0.00,0.40,0.00,0.00",,0.00,0.00,,
marine distance calculator map,,20,"0.64,0.64,0.64,0.64,0.64,0.64,0.64,0.64,0.64,1.00,1.00,0.64",,0.00,0.07,,
marine map distance calculator,,20,"1.00,1.00,1.00,1.00,1.00,1.00,1.00,1.00,1.00,1.00,1.00,1.00",,0.00,0.07,,
mass pike toll calculator 2024 map,,20,"1.00,1.00,1.00,1.00,1.00,1.00,1.00,1.00,1.00,1.00,0.00,1.00",,0.00,0.00,,
maxterm k map calculator,,20,"1.00,1.00,0.00,1.00,1.00,1.00,1.00,1.00,0.00,1.00,0.00,1.00",,0.00,0.00,,
mean arterial pressure map calculation,,20,"1.00,1.00,1.00,1.00,1.00,1.00,1.00,1.00,1.00,1.00,1.00,1.00",,0.00,0.00,,
medical map calculator,,20,"0.00,0.33,0.00,0.00,0.66,1.00,0.66,0.66,0.66,0.66,0.66,0.66",,0.00,0.00,,
midpoint calculator google maps,,20,"0.00,1.00,1.00,1.00,1.00,1.00,1.00,1.00,1.00,1.00,1.00,1.00",,0.00,0.00,,
midpoint map calculator,,20,"1.00,1.00,1.00,1.00,1.00,1.00,1.00,1.00,1.00,1.00,1.00,1.00",,0.00,0.00,,
mile calculator map running,,20,"1.00,1.00,0.00,1.00,1.00,1.00,1.00,1.00,1.00,1.00,1.00,1.00",,0.00,0.00,,
mile calculator running map,,20,"1.00,1.00,1.00,1.00,1.00,1.00,1.00,1.00,1.00,1.00,1.00,1.00",,0.00,0.06,,
mileage calculator on google maps,,20,"1.00,1.00,1.00,1.00,1.00,1.00,1.00,1.00,1.00,1.00,1.00,1.00",,0.00,0.00,,
mileage calculator on map,,20,"1.00,1.00,1.00,1.00,1.00,1.00,1.00,1.00,1.00,1.00,1.00,1.00",,0.00,0.00,,
mileage distance calculator google maps,,20,"1.00,1.00,1.00,1.00,1.00,1.00,1.00,1.00,1.00,1.00,1.00,1.00",,0.00,0.00,,
minecraft calculator map,,20,"1.00,1.00,1.00,1.00,1.00,1.00,1.00,1.00,1.00,1.00,1.00,1.00",,0.00,0.00,,
minecraft earth map coordinate calculator,,20,"1.00,1.00,1.00,1.00,1.00,1.00,1.00,1.00,1.00,1.00,0.00,1.00",,0.00,0.00,,
minecraft map calculator,,20,"1.00,1.00,1.00,1.00,1.00,1.00,1.00,1.00,1.00,1.00,1.00,1.00",,0.00,0.00,,
minecraft map size calculator,,20,"1.00,1.00,1.00,1.00,1.00,1.00,1.00,1.00,1.00,1.00,1.00,1.00",,0.00,0.00,,
minecraft redstone calculator map download,,20,"1.00,1.00,1.00,1.00,1.00,1.00,1.00,1.00,1.00,1.00,1.00,1.00",,0.00,0.00,,
mulch calculator map,,20,"1.00,0.00,0.00,1.00,1.00,1.00,1.00,1.00,1.00,1.00,1.00,1.00",,0.00,0.00,,
natal chart map calculator askastrology,,20,"1.00,1.00,1.00,1.00,1.00,1.00,1.00,1.00,1.00,1.00,1.00,1.00",,0.00,0.29,,
nautical distance calculator map usa,,20,"1.00,1.00,1.00,1.00,1.00,1.00,1.00,1.00,1.00,1.00,1.00,1.00",,0.00,0.02,,
nautical map calculator,,20,"0.00,1.00,1.00,1.00,1.00,1.00,1.00,1.00,1.00,1.00,0.00,1.00",,0.00,0.14,,
nautical mile map calculator,,20,"0.37,0.16,0.79,1.00,0.00,0.16,0.00,0.00,0.37,0.00,0.58,0.00",,0.00,0.01,,
neonatal map calculation,,20,"1.00,1.00,1.00,1.00,1.00,1.00,1.00,1.00,1.00,1.00,1.00,1.00",,0.00,0.00,,
nibp map calculator,,20,"0.50,0.50,1.00,1.00,1.00,1.00,1.00,1.00,1.00,1.00,1.00,1.00",,0.00,0.00,,
nj transit zone calculator map,,20,"1.00,1.00,1.00,1.00,1.00,1.00,1.00,1.00,1.00,1.00,1.00,1.00",,0.00,0.00,,
normal map calculation,,20,"1.00,1.00,1.00,1.00,1.00,1.00,1.00,1.00,1.00,1.00,1.00,1.00",,0.00,0.00,,
nuclear blast calculator map,,20,"0.40,0.40,0.40,0.40,0.40,0.40,0.40,0.40,1.00,0.40,0.40,0.60",,0.00,0.00,,
nuclear blast map calculator,,20,"0.00,1.00,1.00,1.00,1.00,1.00,1.00,1.00,1.00,1.00,1.00,1.00",,0.00,0.00,,
nuclear bomb map calculator,,20,"1.00,1.00,1.00,1.00,1.00,1.00,1.00,1.00,1.00,1.00,1.00,1.00",,0.00,0.00,,
nuclear map calculator,,20,"0.00,1.00,1.00,1.00,1.00,1.00,1.00,1.00,1.00,1.00,1.00,1.00",,0.00,0.00,,
nuke calculator map,,20,"1.00,1.00,1.00,1.00,1.00,1.00,1.00,1.00,1.00,1.00,1.00,1.00",,0.00,0.00,,
nuke map calculator,,20,"0.40,0.40,0.00,0.40,0.20,0.20,0.40,0.40,1.00,0.20,0.00,0.00",,0.00,0.00,,
object detection map calculation,,20,"1.00,1.00,1.00,1.00,1.00,1.00,1.00,0.00,1.00,0.00,1.00,0.00",,0.00,0.00,,
online area calculator map,,20,"1.00,0.00,1.00,1.00,1.00,1.00,1.00,1.00,1.00,1.00,1.00,1.00",,0.00,0.00,,
online distance calculator map,,20,"1.00,1.00,1.00,1.00,1.00,1.00,1.00,1.00,1.00,1.00,1.00,1.00",,0.00,0.00,,
online map area calculator,,20,"1.00,1.00,1.00,1.00,1.00,1.00,1.00,1.00,1.00,1.00,1.00,1.00",,0.00,0.01,,
online map calculator,,20,"1.00,1.00,1.00,1.00,1.00,1.00,1.00,1.00,1.00,1.00,1.00,1.00",,0.00,0.00,,
online map distance calculator,,20,"1.00,1.00,1.00,1.00,1.00,1.00,1.00,1.00,1.00,1.00,1.00,1.00",,0.00,0.00,,
osu map pp calculator,,20,"1.00,1.00,1.00,1.00,1.00,1.00,1.00,1.00,1.00,1.00,1.00,1.00",,0.00,0.00,,
osu pp map calculator,,20,"1.00,1.00,1.00,1.00,1.00,1.00,1.00,1.00,1.00,1.00,1.00,1.00",,0.00,0.00,,
pa turnpike tolls calculator map,,20,"0.50,0.50,0.50,0.50,0.75,1.00,0.50,0.50,0.50,0.50,0.50,0.50",,0.00,0.03,,
pediatric map calculator,,20,"0.50,0.50,0.50,0.50,1.00,0.50,0.50,0.50,0.50,0.50,0.50,0.50",,0.00,0.01,,
perimeter map calculator,,20,"1.00,1.00,1.00,1.00,1.00,1.00,1.00,1.00,1.00,1.00,1.00,1.00",,0.00,0.00,,
point to point distance calculator google maps,,20,"1.00,1.00,1.00,1.00,1.00,1.00,1.00,1.00,1.00,1.00,1.00,1.00",,0.00,0.00,,
point to point distance calculator map,,20,"1.00,1.00,1.00,1.00,1.00,1.00,1.00,1.00,1.00,1.00,1.00,1.00",,0.00,0.01,,
point to point map calculator,,20,"1.00,1.00,1.00,0.00,1.00,1.00,1.00,0.00,1.00,1.00,1.00,1.00",,0.00,0.00,,
point to point map distance calculator,,20,"1.00,1.00,1.00,1.00,1.00,1.00,1.00,1.00,1.00,1.00,1.00,1.00",,0.00,0.01,,
population calculator map,,20,"1.00,1.00,1.00,1.00,1.00,1.00,1.00,1.00,1.00,1.00,1.00,1.00",,0.00,0.00,,
population map calculator,,20,"1.00,1.00,1.00,1.00,1.00,1.00,1.00,1.00,1.00,1.00,1.00,1.00",,0.00,0.01,,
pos k map calculator,,20,"1.00,1.00,1.00,1.00,1.00,1.00,1.00,1.00,1.00,1.00,1.00,1.00",,0.00,0.00,,
pp map calculator,,20,"1.00,1.00,1.00,1.00,1.00,1.00,1.00,1.00,1.00,1.00,1.00,1.00",,0.00,0.00,,
prime implicants k map calculator,,20,"1.00,1.00,1.00,1.00,1.00,1.00,1.00,1.00,1.00,1.00,0.00,1.00",,0.00,0.00,,
product of sums k map calculator,,20,"1.00,1.00,1.00,1.00,1.00,1.00,1.00,1.00,1.00,1.00,1.00,1.00",,0.00,0.00,,
projection mapping calculator,,20,"1.00,1.00,1.00,1.00,0.00,1.00,1.00,1.00,1.00,1.00,1.00,1.00",,0.00,0.03,,
property square footage calculator map,,20,"1.00,0.00,0.00,1.00,1.00,1.00,1.00,1.00,1.00,1.00,1.00,1.00",,0.00,0.00,,
property tax ireland calculator map,,20,"0.00,1.00,1.00,1.00,0.00,1.00,1.00,1.00,1.00,1.00,1.00,1.00",,0.00,0.00,,
python calculate mape,,20,"1.00,1.00,1.00,1.00,1.00,1.00,1.00,1.00,1.00,1.00,1.00,1.00",,0.00,0.00,,
python mape calculation,,20,"1.00,1.00,1.00,1.00,1.00,1.00,1.00,1.00,1.00,1.00,1.00,1.00",,0.00,0.00,,
radio range calculator map,,20,"1.00,1.00,1.00,1.00,1.00,1.00,1.00,1.00,1.00,1.00,1.00,1.00",,0.00,0.00,,
radius calculator google maps,,20,"1.00,1.00,1.00,1.00,1.00,1.00,1.00,1.00,1.00,1.00,1.00,1.00",,0.00,0.00,,
radius calculator on map,,20,"1.00,1.00,1.00,1.00,1.00,1.00,1.00,1.00,1.00,1.00,1.00,1.00",,0.00,0.02,,
radius on a map calculator,,20,"1.00,1.00,1.00,1.00,1.00,1.00,1.00,1.00,1.00,1.00,1.00,1.00",,0.00,0.00,,
range calculator map,,20,"1.00,1.00,1.00,1.00,1.00,1.00,1.00,1.00,1.00,1.00,1.00,1.00",,0.00,0.00,,
range map calculator,,20,"0.64,0.64,0.64,0.64,0.64,1.00,1.00,0.64,0.64,0.64,0.64,0.64",,0.00,0.00,,
retirement tax map calculator,,20,"0.66,0.66,0.66,1.00,0.66,0.66,0.66,0.66,0.66,0.66,0.66,0.66",,0.00,0.38,,
rf line of sight calculator map,,20,"1.00,1.00,1.00,1.00,1.00,1.00,1.00,1.00,1.00,1.00,1.00,1.00",,0.00,0.00,,
road map calculator,,20,"1.00,1.00,1.00,1.00,1.00,1.00,1.00,1.00,1.00,1.00,1.00,1.00",,0.00,0.00,,
road map mileage calculator,,20,"1.00,1.00,1.00,1.00,1.00,1.00,1.00,1.00,1.00,1.00,1.00,1.00",,0.00,0.00,,
road trip map calculator,,20,"1.00,0.00,1.00,1.00,1.00,1.00,1.00,1.00,1.00,1.00,0.00,1.00",,0.00,0.21,,
roof size calculator google maps free,,20,"0.28,1.00,0.28,0.28,0.28,0.28,0.28,0.28,0.28,0.28,0.00,0.00",,0.00,0.00,,
roof square calculator google maps,,20,"0.67,0.67,0.67,0.67,0.67,1.00,0.67,0.67,0.67,0.67,0.67,0.67",,3.07,0.71,,
roof square footage calculator google maps free,,20,"1.00,0.66,0.66,0.66,0.66,0.66,0.66,0.66,0.66,0.66,0.66,0.66",,2.96,0.49,,
round trip mileage calculator google maps,,20,"1.00,1.00,1.00,1.00,1.00,1.00,1.00,1.00,1.00,1.00,1.00,1.00",,0.00,0.01,,
route distance calculator map,,20,"1.00,1.00,1.00,1.00,1.00,1.00,1.00,1.00,1.00,1.00,1.00,1.00",,0.00,0.02,,
route map and distance calculator,,20,"1.00,1.00,1.00,1.00,1.00,1.00,1.00,1.00,1.00,1.00,1.00,1.00",,0.00,0.02,,
run distance map calculator,,20,"0.00,0.00,1.00,0.00,0.78,0.11,1.00,0.00,0.00,0.11,0.00,0.00",,1.22,0.02,,
run map distance calculator,,20,"0.09,0.09,0.81,0.27,1.00,0.09,0.09,0.00,0.00,0.00,0.00,0.00",,1.22,0.02,,
running calculator map,,20,"0.11,0.00,0.77,0.00,0.00,0.00,0.00,0.44,0.00,1.00,0.00,0.33",,0.92,0.05,,
running map calculator google maps,,20,"1.00,1.00,0.00,1.00,1.00,1.00,1.00,1.00,1.00,1.00,1.00,0.00",,0.00,0.00,,
running mile calculator map,,20,"1.00,1.00,1.00,1.00,1.00,1.00,1.00,1.00,1.00,1.00,1.00,1.00",,0.00,0.05,,
running mileage calculator map,,20,"1.00,1.00,1.00,1.00,1.00,1.00,1.00,1.00,1.00,1.00,1.00,1.00",,0.00,0.05,,
sailing distance calculator google maps,,20,"0.33,0.33,0.66,0.66,0.66,0.66,0.66,0.66,1.00,0.66,0.66,0.66",,0.00,0.07,,
sap map calculation,,20,"1.00,1.00,1.00,1.00,1.00,1.00,1.00,1.00,1.00,1.00,1.00,1.00",,0.00,0.01,,
satellite map area calculator,,20,"1.00,1.00,1.00,1.00,1.00,1.00,1.00,1.00,1.00,1.00,1.00,1.00",,0.00,0.02,,
satellite map distance calculator,,20,"1.00,1.00,1.00,1.00,1.00,1.00,1.00,1.00,1.00,1.00,1.00,1.00",,0.00,0.00,,
sea distance calculator google maps,,20,"1.00,1.00,1.00,1.00,1.00,1.00,1.00,1.00,1.00,1.00,1.00,1.00",,0.00,0.02,,
sea distance calculator map,,20,"1.00,1.00,1.00,1.00,1.00,1.00,1.00,1.00,1.00,0.50,1.00,1.00",,0.00,0.00,,
sea level calculator map,,20,"1.00,1.00,1.00,1.00,1.00,1.00,1.00,1.00,1.00,1.00,1.00,1.00",,0.00,0.02,,
sea level rise calculator map,,20,"1.00,1.00,1.00,1.00,1.00,1.00,1.00,1.00,1.00,1.00,1.00,1.00",,0.00,0.02,,
sea map distance calculator,,20,"0.00,0.00,0.00,1.00,1.00,1.00,1.00,1.00,1.00,1.00,1.00,1.00",,0.00,0.00,,
shortest route calculator google maps,,20,"0.00,0.00,1.00,1.00,1.00,1.00,1.00,1.00,1.00,0.00,1.00,1.00",,0.00,0.00,,
sign map calculator,,20,"1.00,1.00,1.00,1.00,1.00,1.00,1.00,1.00,0.00,1.00,1.00,1.00",,0.00,0.00,,
solar azimuth calculator google maps,,20,"1.00,1.00,1.00,0.00,1.00,1.00,1.00,1.00,1.00,1.00,0.00,1.00",,0.00,0.00,,
solar panel map calculator,,20,"1.00,1.00,1.00,1.00,1.00,1.00,1.00,1.00,1.00,1.00,1.00,1.00",,0.00,0.32,,
solar power calculator google maps,,20,"1.00,1.00,1.00,1.00,1.00,1.00,1.00,1.00,1.00,1.00,1.00,1.00",,0.00,0.22,,
solar power map calculator,,20,"1.00,1.00,1.00,1.00,1.00,1.00,1.00,1.00,1.00,1.00,1.00,1.00",,2.93,0.36,,
solar roof calculator google maps,,20,"0.00,1.00,0.00,1.00,1.00,1.00,1.00,1.00,0.00,1.00,1.00,1.00",,0.00,0.86,,
sq ft calculator google maps,,20,"1.00,1.00,1.00,1.00,1.00,1.00,1.00,1.00,1.00,1.00,1.00,1.00",,0.00,0.00,,
sqft calculator google maps,,20,"1.00,0.00,0.36,0.81,0.00,0.00,0.36,0.00,0.00,0.00,0.00,0.00",,0.41,0.02,,
squad map calculator,,20,"1.00,1.00,1.00,1.00,1.00,1.00,1.00,1.00,1.00,1.00,1.00,1.00",,0.00,0.00,,
square feet map calculator,,20,"0.00,0.00,0.00,0.28,0.14,0.28,0.42,0.28,0.14,0.14,0.28,1.00",,0.00,0.02,,
square footage calculator maps,,20,"0.50,1.00,1.00,1.00,1.00,1.00",,0.00,0.02,,
square mile calculator map,,20,"1.00,1.00,1.00,1.00,1.00,1.00,1.00,1.00,1.00,1.00,1.00,1.00",,0.00,0.01,,
square mile map calculator,,20,"0.33,1.00,0.67,0.33,0.67,0.67,0.67,0.67,0.67,0.67,0.67,0.67",,0.00,0.00,,
square mileage calculator map,,20,"1.00,1.00,1.00,0.00,1.00,1.00,1.00,1.00,1.00,1.00,1.00,1.00",,0.00,0.01,,
star map calculator,,20,"1.00,1.00,1.00,1.00,1.00,1.00,1.00,1.00,1.00,1.00,1.00,1.00",,0.00,0.10,,
star sign map calculator,,20,"1.00,1.00,1.00,1.00,1.00,1.00,1.00,1.00,0.00,1.00,1.00,1.00",,0.00,0.14,,
step calculator map,,20,"1.00,1.00,1.00,1.00,1.00,1.00,1.00,1.00,1.00,1.00,1.00,1.00",,0.00,0.05,,
step map calculator,,20,"1.00,1.00,1.00,1.00,1.00,1.00,1.00,1.00,1.00,1.00,1.00,1.00",,0.00,0.00,,
steps calculator map,,20,"1.00,0.00,1.00,1.00,1.00,1.00,1.00,1.00,1.00,1.00,1.00,1.00",,0.00,0.05,,
straight line calculator map,,20,"1.00,1.00,1.00,1.00,1.00,1.00,1.00,1.00,1.00,1.00,1.00,1.00",,0.00,0.00,,
straight line distance calculator map,,20,"1.00,1.00,1.00,1.00,1.00,1.00,1.00,1.00,1.00,1.00,1.00,1.00",,0.00,0.00,,
straight line distance map calculator,,20,"1.00,1.00,1.00,1.00,1.00,1.00,1.00,1.00,1.00,1.00,1.00,1.00",,0.00,0.00,,
straight line map calculator,,20,"1.00,1.00,1.00,1.00,1.00,1.00,1.00,1.00,1.00,1.00,1.00,1.00",,0.00,0.00,,
straight line map distance calculator,,20,"1.00,1.00,1.00,1.00,1.00,1.00,1.00,1.00,1.00,1.00,1.00,1.00",,0.00,0.00,,
street map distance calculator,,20,"1.00,1.00,1.00,1.00,1.00,1.00,1.00,1.00,1.00,1.00,1.00,1.00",,0.00,0.00,,
sum of products k map calculator,,20,"1.00,1.00,1.00,1.00,1.00,1.00,1.00,1.00,0.00,0.00,1.00,1.00",,0.00,0.00,,
sun angle calculator map,,20,"1.00,1.00,1.00,1.00,1.00,1.00,1.00,1.00,1.00,1.00,1.00,1.00",,0.00,0.00,,
sun calculator google maps,,20,"1.00,1.00,1.00,1.00,1.00,1.00,1.00,1.00,1.00,1.00,1.00,1.00",,0.00,0.00,,
sun calculator map,,20,"1.00,1.00,1.00,1.00,1.00,1.00,1.00,1.00,1.00,1.00,1.00,1.00",,0.00,0.00,,
sun position calculator google maps,,20,"1.00,1.00,1.00,1.00,1.00,1.00,1.00,1.00,1.00,1.00,1.00,1.00",,0.00,0.00,,
sun position calculator map,,20,"1.00,1.00,1.00,1.00,0.00,1.00,1.00,1.00,1.00,1.00,1.00,1.00",,0.00,0.00,,
sunrise calculator map,,20,"1.00,1.00,1.00,1.00,1.00,1.00,1.00,1.00,1.00,1.00,1.00,1.00",,0.00,0.00,,
sunset calculator map,,20,"1.00,1.00,1.00,1.00,1.00,1.00,1.00,1.00,1.00,1.00,1.00,1.00",,0.00,0.00,,
surface area calculator google maps,,20,"1.00,1.00,1.00,1.00,1.00,1.00,1.00,1.00,1.00,1.00,1.00,0.00",,0.00,0.00,,
swim distance calculator map,,20,"1.00,1.00,1.00,1.00,1.00,1.00,1.00,1.00,1.00,1.00,1.00,1.00",,0.00,0.00,,
tarkov map distance calculator,,20,"1.00,1.00,1.00,1.00,1.00,1.00,1.00,1.00,1.00,1.00,1.00,1.00",,0.00,0.00,,
tesla map calculator,,20,"1.00,1.00,1.00,1.00,1.00,1.00,1.00,1.00,1.00,1.00,1.00,1.00",,0.00,0.00,,
tesla range calculator map,,20,"1.00,1.00,1.00,1.00,1.00,1.00,1.00,1.00,1.00,1.00,1.00,1.00",,0.00,0.00,,
time and distance calculator map,,20,"1.00,1.00,1.00,1.00,1.00,1.00,1.00,1.00,1.00,1.00,1.00,1.00",,0.00,0.00,,
time zone calculator map,,20,"1.00,1.00,1.00,1.00,1.00,1.00,1.00,1.00,1.00,1.00,1.00,1.00",,0.00,0.00,,
time zone map calculator,,20,"1.00,1.00,1.00,1.00,1.00,1.00,1.00,1.00,1.00,1.00,1.00,1.00",,0.00,0.00,,
to calculate map,,20,"0.00,1.00,1.00,1.00,1.00,1.00,1.00,1.00,1.00,1.00,1.00,1.00",,0.00,0.00,,
topographic map calculator,,20,"1.00,1.00,1.00,1.00,1.00,1.00,1.00,1.00,1.00,1.00,1.00,1.00",,0.00,0.00,,
topographic map scale calculator,,20,"1.00,1.00,1.00,1.00,1.00,1.00,1.00,1.00,1.00,0.00,1.00,1.00",,0.00,0.00,,
trail map distance calculator,,20,"1.00,1.00,1.00,1.00,1.00,1.00,1.00,1.00,1.00,1.00,1.00,1.00",,0.00,0.09,,
travel distance calculator google maps,,20,"1.00,1.00,1.00,1.00,1.00,1.00,1.00,1.00,1.00,1.00,1.00,1.00",,0.00,0.00,,
travel distance calculator map,,20,"1.00,1.00,1.00,1.00,1.00,1.00,1.00,1.00,1.00,1.00,1.00,1.00",,0.00,0.03,,
travel distance map calculator,,20,"1.00,1.00,1.00,1.00,1.00,1.00,1.00,1.00,1.00,1.00,1.00,1.00",,0.00,0.06,,
travel map calculator,,20,"1.00,1.00,1.00,1.00,1.00,1.00,1.00,1.00,1.00,1.00,1.00,1.00",,0.00,0.00,,
travel map distance calculator,,20,"1.00,1.00,1.00,1.00,1.00,1.00,1.00,1.00,1.00,1.00,1.00,1.00",,0.00,0.01,,
travel time map calculator,,20,"1.00,1.00,1.00,1.00,1.00,1.00,1.00,1.00,1.00,1.00,1.00,1.00",,0.00,0.00,,
triangulation calculator map,,20,"1.00,1.00,1.00,1.00,1.00,1.00,1.00,1.00,1.00,1.00,1.00,1.00",,0.00,0.00,,
trip calculator map,,20,"1.00,1.00,1.00,1.00,1.00,1.00,1.00,1.00,1.00,1.00,1.00,1.00",,0.00,0.00,,
trip distance calculator google maps,,20,"0.14,0.14,1.00,0.71,0.14,0.14,0.14,0.14,0.28,0.28,0.28,0.28",,0.00,0.02,,
trip fuel calculator google maps,,20,"1.00,1.00,1.00,1.00,1.00,1.00,1.00,1.00,1.00,1.00,1.00,1.00",,0.00,0.02,,
trip gas calculator google maps,,20,"1.00,1.00,1.00,1.00,1.00,1.00,1.00,1.00,1.00,1.00,1.00,1.00",,0.00,0.06,,
trip gas cost calculator google maps,,20,"1.00,1.00,1.00,1.00,1.00,1.00,1.00,1.00,1.00,1.00,1.00,1.00",,0.00,0.02,,
truth table to karnaugh map calculator,,20,"1.00,1.00,1.00,0.00,1.00,1.00,1.00,1.00,1.00,1.00,0.00,1.00",,0.00,0.00,,
tsunami calculator map,,20,"1.00,1.00,1.00,1.00,1.00,1.00,1.00,1.00,1.00,1.00,1.00,1.00",,0.00,0.00,,
turbo compressor map calculator,,20,"1.00,1.00,1.00,1.00,1.00,1.00,1.00,1.00,1.00,1.00,1.00,1.00",,0.00,0.00,,
turbo map calculator,,20,"1.00,1.00,1.00,1.00,1.00,1.00,1.00,1.00,1.00,1.00,1.00,1.00",,0.00,0.00,,
uk map distance calculator,,20,"1.00,1.00,1.00,1.00,1.00,1.00,1.00,1.00,1.00,0.00,1.00,1.00",,0.00,0.00,,
ups shipping calculator map,,20,"1.00,1.00,1.00,1.00,1.00,1.00,1.00,1.00,1.00,1.00,1.00,1.00",,0.00,0.00,,
us map distance calculator,,20,"1.00,1.00,1.00,1.00,1.00,1.00,1.00,1.00,1.00,1.00,1.00,1.00",,0.00,0.00,,
usa map distance calculator,,20,"1.00,1.00,1.00,1.00,1.00,1.00,1.00,1.00,1.00,1.00,1.00,1.00",,0.00,0.00,,
use google maps api to calculate distance,,20,"1.00,1.00,0.00,1.00,1.00,1.00,1.00,1.00,1.00,1.00,1.00,1.00",,0.00,0.05,,
use google maps to calculate area,,20,"1.00,1.00,1.00,1.00,1.00,1.00,1.00,1.00,1.00,1.00,1.00,1.00",,0.00,0.06,,
using google maps to calculate area,,20,"1.00,1.00,1.00,1.00,1.00,1.00,1.00,1.00,1.00,1.00,1.00,1.00",,0.00,0.06,,
using map scale to calculate distance,,20,"1.00,1.00,0.00,1.00,1.00,1.00,1.00,1.00,1.00,1.00,1.00,1.00",,0.00,0.00,,
using map scale to calculate distances,,20,"1.00,1.00,0.00,1.00,1.00,1.00,1.00,1.00,1.00,1.00,1.00,1.00",,0.00,0.00,,
value stream mapping calculations,,20,"1.00,1.00,1.00,1.00,1.00,1.00,1.00,1.00,1.00,1.00,1.00,1.00",,7.78,0.32,,
value stream mapping examples with calculations,,20,"1.00,0.50,0.50,0.50,0.75,0.50,0.50,0.50,0.50,0.50,0.50,0.50",,4.52,0.34,,
value stream mapping examples with calculations excel,,20,"1.00,1.00,1.00,1.00,1.00,1.00,1.00,1.00,1.00,1.00,1.00,1.00",,3.45,0.46,,
value stream mapping examples with calculations pdf,,20,"1.00,0.50,0.50,0.50,0.50,0.50,0.50,0.50,0.50,0.00,0.50,0.50",,0.00,0.29,,
value stream mapping involves calculating which metric,,20,"1.00,1.00,1.00,1.00,1.00,1.00,1.00,1.00,1.00,1.00,1.00,1.00",,0.00,0.04,,
value stream mapping lead time calculation,,20,"1.00,1.00,1.00,1.00,1.00,1.00,1.00,1.00,1.00,1.00,1.00,0.00",,0.00,0.00,,
walk time calculator map,,20,"1.00,1.00,1.00,1.00,1.00,1.00,1.00,1.00,1.00,1.00,1.00,1.00",,0.00,0.01,,
walking distance calculator google maps free,,20,"1.00,1.00,1.00,1.00,1.00,1.00,1.00,1.00,1.00,1.00,1.00,1.00",,0.00,0.00,,
walking route calculator map,,20,"1.00,1.00,1.00,1.00,1.00,1.00,1.00,1.00,1.00,1.00,1.00,1.00",,0.00,0.00,,
walking time calculator map,,20,"1.00,1.00,1.00,1.00,1.00,1.00,1.00,1.00,1.00,1.00,1.00,1.00",,0.00,0.01,,
weighted mape calculation,,20,"1.00,1.00,1.00,1.00,1.00,1.00,1.00,1.00,1.00,1.00,1.00,1.00",,0.00,0.00,,
what is map and how is it calculated,,20,"1.00,1.00,1.00,1.00,1.00,1.00,1.00,1.00,1.00,1.00,1.00,1.00",,0.00,0.00,,
what is map calculation,,20,"1.00,1.00,1.00,1.00,1.00,1.00,1.00,1.00,1.00,1.00,1.00,1.00",,0.00,0.00,,
what is the formula to calculate map,,20,"1.00,1.00,1.00,1.00,1.00,1.00,1.00,1.00,1.00,1.00,1.00,1.00",,0.00,0.00,,
what speed does google maps use to calculate travel time,,20,"1.00,1.00,1.00,1.00,1.00,1.00,1.00,1.00,1.00,1.00,1.00,1.00",,0.00,0.00,,
why can't google maps calculate directions,,20,"1.00,1.00,1.00,1.00,1.00,0.50,1.00,0.50,0.50,1.00,0.50,0.50",,0.00,0.00,,
wind calculator map,,20,"1.00,1.00,1.00,1.00,1.00,1.00,1.00,1.00,1.00,0.00,0.00,1.00",,0.00,0.02,,
world distance calculator google maps,,20,"1.00,1.00,0.00,1.00,1.00,1.00,1.00,1.00,1.00,0.00,0.00,1.00",,0.00,0.00,,
world map area calculator,,20,"1.00,1.00,1.00,1.00,1.00,1.00,1.00,0.00,1.00,1.00,0.00,0.00",,0.00,0.00,,
world map calculator,,20,"1.00,1.00,1.00,1.00,0.00,1.00,1.00,1.00,1.00,1.00,1.00,1.00",,0.00,0.00,,
world time zone map calculator,,20,"1.00,0.00,1.00,1.00,1.00,1.00,1.00,1.00,1.00,1.00,1.00,1.00",,0.00,0.00,,
yahoo maps mileage calculator,,20,"1.00,1.00,1.00,1.00,1.00,1.00,0.00,1.00,1.00,1.00,0.00,1.00",,0.00,0.00,,
yard area calculator google maps,,20,"1.00,1.00,1.00,1.00,1.00,1.00,1.00,1.00,1.00,1.00,1.00,1.00",,0.00,0.01,,
yard square footage calculator google maps,,20,"1.00,1.00,1.00,1.00,1.00,1.00,1.00,1.00,1.00,1.00,1.00,1.00",,0.00,0.04,,
zodiac map calculator,,20,"1.00,1.00,1.00,1.00,1.00,1.00,1.00,1.00,1.00,1.00,1.00,1.00",,0.66,0.16,,
4 input karnaugh map calculator,,10,"0.00,0.00,1.00,1.00,1.00,1.00,0.00,1.00,0.00,0.00,0.00,1.00",,0.00,0.00,,
a que velocidad calcula google maps,,10,"0.00,1.00,0.00,0.00,0.00,0.00,0.00,1.00,1.00,0.00,1.00,0.00",,0.00,0.00,,
aa road map distance calculator,,10,"0.00,0.00,0.00,1.00,0.00,1.00,0.00,1.00,0.00,0.00,1.00,1.00",,0.00,0.00,,
acres map calculator,,10,"0.25,0.00,0.00,0.00,1.00,0.00,0.00,0.00,0.00,0.00,0.00,0.50",,0.45,0.05,,
adc map calculation,,10,"0.00,1.00,1.00,0.00,0.00,1.00,0.00,1.00,1.00,0.00,1.00,1.00",,0.00,0.00,,
air mile map calculator,,10,"0.00,0.00,0.00,1.00,0.00,0.00,0.14,0.00,0.00,0.28,0.00,0.00",,0.00,0.00,,
air mileage calculator map,,10,"0.00,0.00,0.00,0.25,1.00,0.00,0.25,0.00,0.00,0.75,0.50,0.00",,0.00,0.00,,
air miles distance calculator map,,10,"1.00,0.00,0.00,0.00,1.00,0.00,0.00,0.00,1.00,0.00,0.00,0.00",,0.00,0.00,,
airport distance calculator map,,10,"1.00,1.00,0.00,1.00,0.00,1.00,0.00,0.00,0.00,0.00,0.00,0.00",,0.00,0.00,,
android google map calculate distance between two points,,10,"0.00,0.00,0.00,1.00,0.00,0.00,1.00,1.00,0.00,0.00,0.00,0.00",,0.00,0.00,,
arduino map calculator,,10,"1.00,0.00,0.00,1.00,1.00,1.00,1.00,0.00,1.00,1.00,0.00,0.00",,0.00,0.00,,
area calculation in google maps,,10,"0.47,0.47,0.00,0.47,0.47,0.47,0.47,0.00,0.20,0.00,0.00,1.00",,0.40,0.03,,
area calculator by map,,10,"0.00,0.00,0.00,0.00,1.00,1.00,1.00,1.00,0.00,1.00,1.00,1.00",,0.00,0.05,,
area calculator for google maps,,10,"0.00,0.00,0.00,0.00,0.00,0.00,0.00,1.00,0.00,0.00,0.00,0.00",,0.40,0.03,,
area calculator in google maps,,10,"0.00,0.00,0.00,1.00,0.00,1.00,1.00,0.00,0.00,0.40,0.00,0.00",,0.40,0.03,,
area calculator map app download,,10,"1.00,1.00,1.00,0.00,0.00,0.00,0.00,0.00,1.00,0.00,1.00,0.00",,0.00,0.00,,
area calculator map online,,10,"1.00,0.00,1.00,0.00,0.00,1.00,1.00,1.00,0.00,0.00,1.00,1.00",,0.00,0.00,,
area calculator on maps,,10,"0.00,0.00,0.00,0.00,0.00,0.00,0.00,0.00,1.00,1.00,1.00,1.00",,1.21,0.11,,
area calculator online map,,10,"0.00,0.00,1.00,1.00,1.00,1.00,0.00,1.00,1.00,0.00,1.00,1.00",,0.00,0.00,,
area maps calculator,,10,"0.00,0.00,0.00,0.00,0.17,0.00,0.00,0.00,1.00,0.00,0.79,0.59",,0.45,0.05,,
astro map calculator,,10,"0.00,0.00,0.47,0.00,0.00,0.47,0.00,0.00,0.00,0.00,0.00,1.00",,0.66,0.13,,
astro mapping calculator,,10,"0.00,0.00,0.50,0.00,0.00,0.50,0.00,0.00,0.00,0.00,0.00,1.00",,0.66,0.13,,
astrological map calculator,,10,"0.00,0.00,0.48,0.00,0.00,0.48,0.00,0.00,0.48,0.00,0.22,1.00",,0.66,0.13,,
astrology map lines calculator,,10,"1.00,1.00,1.00,1.00,0.00,0.00,0.00,0.00,1.00,0.00,1.00,0.00",,0.00,0.00,,
at what speed does google maps calculate,,10,"1.00,1.00,1.00,0.00,0.00,0.00,0.00,1.00,1.00,0.00,0.00,1.00",,0.00,0.00,,
atomic bomb map calculator,,10,"0.00,0.00,0.00,0.00,0.00,0.00,0.00,0.00,1.00,1.00,0.00,1.00",,0.00,0.00,,
average speed calculated by google maps,,10,"1.00,0.00,0.00,0.00,0.00,0.00,0.00,0.00,1.00,1.00,0.00,0.00",,0.00,0.00,,
bazi hour pillar calculation day stem mapping,,10,"1.00,0.50",,0.00,0.00,,
bazi hour pillar calculation table day stem mapping,,10,1.00,,0.00,0.00,,
bearing map calculator,,10,"1.00,1.00,0.00,1.00,0.00,1.00,1.00,0.00,1.00,1.00,0.00,1.00",,0.00,0.00,,
bike calorie calculator map,,10,"1.00,0.00,1.00,0.00,0.00,1.00,0.00,1.00,0.00,1.00,0.00,1.00",,0.00,0.00,,
bike distance calculator google maps,,10,"1.00,0.00,0.00,0.00,0.00,1.00,0.00,0.00,1.00,0.00,0.00,0.00",,0.00,0.00,,
bing maps distance calculator api excel,,10,"1.00,1.00,1.00,0.00,0.00,0.00,1.00,0.00,0.00,1.00,0.00,0.00",,0.00,0.00,,
bing maps pricing calculator,,10,"0.00,0.00,1.00,0.00,0.00,0.00,1.00,0.00,1.00,1.00,0.00,0.00",,0.00,0.00,,
bp map.calculator,,10,"0.50,0.00,0.00,0.00,0.00,1.00,1.00,0.00,0.00,1.00,1.00,0.00",,0.00,0.00,,
bp.map calculator,,10,"0.00,0.00,0.00,0.00,0.33,1.00,1.00,1.00,0.00,0.00,0.00,0.66",,0.00,0.00,,
cache mapping calculator,,10,"1.00,1.00,1.00,0.00,0.00,1.00,1.00,1.00,0.00,0.00,0.00,0.00",,0.00,0.00,,
calcul azimut google map,,10,"0.00,1.00,1.00,0.00,0.00,1.00,0.00,0.00,0.00",,0.00,0.00,,
calcul distance entre deux points google map,,10,"0.00,0.00,0.00,0.00,1.00,1.00,1.00,1.00,0.00,0.00,0.00,1.00",,0.00,0.00,,
calcul itinéraire google map,,10,"1.00,1.00,1.00,0.00,1.00,1.00,1.00,0.00,1.00,0.00,0.00,1.00",,0.00,0.00,,
calcul superficie google map,,10,"1.00,1.00,1.00,0.00,0.00,0.00,1.00,0.00,0.00,0.00,0.00,0.00",,0.00,0.00,,
calcul superficie google maps,,10,"1.00,1.00,1.00,0.00,0.00,0.00,1.00,0.00,0.00,0.00,0.00,0.00",,0.00,0.00,,
calcul surface maps,,10,"0.66,0.66,0.00,0.00,0.33,0.66,1.00,0.66,0.66,0.66,0.00,0.00",,0.00,0.00,,
calcul vol d'oiseau google maps,,10,"1.00,1.00,1.00,1.00,0.00,0.00,0.00,0.00,0.00,0.00,0.00,0.00",,0.00,0.00,,
calculador de distancias google maps,,10,"1.00,1.00,1.00,1.00,1.00,1.00,0.00,0.00,0.00,1.00,0.00,0.00",,0.00,0.00,,
calculadora de prestaciones laborales map,,10,"1.00,0.00,1.00,0.00,1.00,1.00,1.00,1.00,1.00,0.00,1.00,0.00",,0.00,0.00,,
calculadora mapas de karnaugh,,10,"1.00,0.00,1.00,0.00,1.00,1.00,0.00,1.00,1.00,0.00,0.00,1.00",,0.00,0.00,,
calcular area google maps,,10,"0.00,0.00,1.00,1.00,1.00,1.00,1.00,0.00,1.00,0.00,0.00,0.00",,0.00,0.00,,
calcular distancia en google maps,,10,"0.00,0.00,0.28,0.28,1.00,0.00,0.00,0.00,0.00,0.28,0.00,0.00",,0.00,0.00,,
calcular distancia en maps,,10,"0.00,1.00,0.00,0.00,0.00,0.00,0.00,0.00,1.00,1.00,1.00,1.00",,0.00,0.00,,
calcular distancia entre ciudades google maps,,10,"0.00,1.00,0.00,0.00,0.00,1.00,0.00,1.00,0.00,0.00,0.00,0.00",,0.00,0.00,,
calcular distancia entre dois lugares google maps,,10,"0.00,0.00,1.00,0.00,1.00,1.00,0.00,0.00,0.00,0.00,0.00,0.00",,0.00,0.00,,
calcular distancia entre dois pontos google maps,,10,"0.00,1.00,1.00,0.00,1.00,1.00,0.00,0.00,0.00,0.00,1.00,0.00",,0.00,0.00,,
calcular distancia entre dos direcciones google maps,,10,"1.00,1.00,0.00,1.00,0.00,0.00,0.00,0.00,1.00,1.00,1.00,1.00",,0.00,0.00,,
calcular distancia entre dos lugares google maps,,10,"0.00,1.00,1.00,0.00,0.00,1.00,0.00,1.00,1.00,0.00,1.00,1.00",,0.00,0.00,,
calcular distancia entre dos puntos en google maps,,10,"1.00,1.00,1.00,0.00,0.00,0.00,1.00,1.00,0.00,1.00,0.00,0.00",,0.00,0.00,,
calcular distancia mapa google,,10,"1.00,1.00,0.00,0.00,1.00,0.00,1.00,1.00,0.00,0.00,0.00,0.00",,0.00,0.00,,
calcular distancia no mapa,,10,"0.00,0.00,1.00,0.00,1.00,1.00,0.00,0.00,0.00,0.00,0.00,0.00",,0.00,0.00,,
calcular distancia no maps,,10,"0.00,1.00,1.00,0.00,1.00,1.00,0.00,1.00,0.00,0.00,0.00,0.00",,0.00,0.00,,
calcular distancia ruta google maps,,10,"0.00,0.00,0.00,0.00,1.00,1.00,0.00,1.00,0.00,0.00,0.00,0.00",,0.00,0.00,,
calcular distancias en google maps,,10,"0.00,0.00,1.00,0.00,0.00,1.00,0.00,1.00,0.00,1.00,0.00,0.00",,0.00,0.00,,
calcular distancias en maps,,10,"0.00,0.00,1.00,1.00,1.00,1.00,0.00,1.00,0.00,0.00,0.00,0.00",,0.00,0.00,,
calcular distância entre dois endereços google maps,,10,"1.00,0.00,0.00,0.00,0.00,1.00,0.00,0.00,0.00,1.00,0.00,0.00",,0.00,0.00,,
calcular distância entre dois pontos google maps,,10,"0.00,1.00,1.00,0.00,1.00,1.00,0.00,0.00,0.00,0.00,1.00,0.00",,0.00,0.00,,
calcular distância maps,,10,"0.00,1.00,0.00,1.00,0.00,0.00,0.00,0.00,1.00,1.00,0.00,0.00",,0.00,0.00,,
calcular gasolina google maps,,10,"0.00,0.00,0.00,0.00,0.00,1.00,1.00,0.00,1.00,0.00,0.00,1.00",,0.00,0.00,,
calcular km en google maps,,10,"0.00,0.00,0.00,0.00,0.00,0.00,0.00,1.00,0.00,1.00,1.00,1.00",,0.00,0.00,,
calcular km google maps,,10,"0.00,0.00,1.00,0.00,1.00,1.00,1.00,0.00,1.00,0.00,0.00,1.00",,0.00,0.00,,
calcular la escala de un mapa,,10,"1.00,1.00,0.00,0.00,0.00,0.00,0.00,0.00,0.00,1.00,0.00,0.00",,0.00,0.00,,
calcular latitud y longitud en un mapa,,10,"1.00,0.00,1.00,0.00,1.00,1.00,0.00,0.00,0.00,1.00,0.00,0.00",,0.00,0.00,,
calcular mapa astral gratis,,10,"0.00,0.00,1.00,0.00,1.00,1.00,0.00,0.00,1.00,1.00,1.00,1.00",,0.00,0.00,,
calcular mapa astral gratuito,,10,"0.00,0.00,0.00,1.00,1.00,1.00,0.00,0.00,0.00,1.00,1.00,0.00",,0.00,0.00,,
calcular mapa astral online,,10,"0.00,1.00,0.00,0.00,0.00,0.00,0.00,0.00,0.00,1.00,1.00,1.00",,0.00,0.00,,
calcular mapa natal,,10,"0.00,0.00,0.00,0.00,1.00,1.00,0.00,0.00,0.00,0.00,0.00,1.00",,0.00,0.71,,
calcular mapa numerologico,,10,"1.00,0.00,1.00,0.00,0.00,1.00,1.00,0.00,0.00,0.00,0.00,1.00",,0.00,0.14,,
calcular mapa vedico,,10,"0.00,1.00,0.00,0.00,0.00,0.00,1.00,0.00,0.00,1.00,0.00,0.00",,0.00,0.00,,
calcular metros cuadrados en google maps,,10,"0.00,0.00,0.00,1.00,0.00,1.00,0.00,1.00,0.00,0.00,0.00,0.00",,0.00,0.00,,
calcular millaje con google map,,10,"1.00,0.00,1.00,1.00,1.00,1.00,1.00,0.00,1.00,1.00,0.00,0.00",,0.00,0.00,,
calcular o mapa astral,,10,"0.00,0.00,1.00,1.00,0.00,1.00,0.00,0.00,0.00,0.00,1.00,0.00",,0.00,0.00,,
calcular recorrido maps,,10,"1.00,0.00,0.00,1.00,1.00,1.00,1.00,0.00,0.00,0.00,0.00,0.00",,0.00,0.00,,
calcular ruta andando google maps,,10,"0.00,0.00,1.00,0.00,1.00,1.00,0.00,0.00,0.00,0.00,0.00,0.00",,0.00,0.00,,
calcular ruta entre dos puntos google maps,,10,"1.00,0.00,1.00,0.00,1.00,1.00,0.00,0.00,0.00,0.00,0.00,0.00",,0.00,0.00,,
calcular ruta maps,,10,"0.00,0.00,0.00,1.00,1.00,1.00,1.00,0.00,1.00,1.00,1.00,0.00",,0.00,0.00,,
calcular trajeto maps,,10,"0.00,0.00,0.00,0.00,0.00,0.00,1.00,0.00,1.00,0.00,0.00,1.00",,0.00,0.57,,
calcular trayecto google maps,,10,"0.00,1.00,1.00,1.00,0.00,0.00,0.00,0.00,0.00",,0.00,0.00,,
calcular una ruta en google maps,,10,"1.00,1.00,0.00,0.00,0.00,1.00,1.00,1.00,1.00,0.00,0.00,0.00",,0.00,0.00,,
calcular viaje google maps,,10,"0.20,0.00,1.00,0.00,0.20,0.40,0.00,0.00,0.40,0.00,0.00,0.00",,0.00,0.00,,
calculate acreage on google maps,,10,"0.00,0.00,0.00,0.00,0.00,1.00,1.00,1.00,0.50,1.00,0.00,0.50",,0.40,0.03,,
calculate area by google maps,,10,"1.00,1.00,0.00,1.00,1.00,1.00,0.00,1.00,1.00,0.00,1.00,0.00",,0.00,0.00,,
calculate area in map,,10,"0.00,0.00,0.00,1.00,1.00,1.00,1.00,0.00,1.00,1.00,0.00,0.00",,0.00,0.00,,
calculate area of map,,10,"0.00,1.00,0.00,1.00,1.00,1.00,1.00,1.00,1.00,1.00,0.00,0.00",,0.00,0.00,,
calculate area with google maps,,10,"0.00,0.00,0.00,0.00,1.00,0.00,0.00,0.00,1.00,0.00,0.00,0.00",,0.40,0.03,,
calculate bearing between two points google maps,,10,"1.00,1.00,1.00,0.00,1.00,0.00,0.00,0.00,1.00,1.00,0.00,0.00",,0.00,0.00,,
calculate cpp icp map,,10,"0.00,1.00,1.00,1.00,1.00,0.00,1.00,0.00,0.00,1.00,0.00,1.00",,0.00,0.00,,
calculate distance between cities google maps,,10,"0.00,0.00,1.00,0.00,1.00,1.00,0.00,0.00,0.00,1.00,0.00,0.00",,0.00,0.00,,
calculate distance between two addresses using google maps in excel,,10,"1.00,1.00,0.00,1.00,0.00,0.00,1.00,1.00,0.00,0.00,0.00,1.00",,0.00,0.00,,
calculate distance between two cities google maps,,10,"1.00,0.00,1.00,0.00,1.00,1.00,0.00,1.00,0.00,1.00,0.00,0.00",,0.00,0.00,,
calculate distance between two coordinates google maps api,,10,"0.00,0.00,0.00,0.00,0.00,1.00,1.00,1.00,0.00,0.00,0.00,0.00",,0.00,0.00,,
calculate distance between two locations google maps,,10,"1.00,1.00,0.00,0.00,0.00,1.00,1.00,1.00,1.00,0.00,1.00,0.00",,0.00,0.00,,
calculate distance between two points using google maps api,,10,"0.00,0.00,0.50,1.00,0.00,0.50,0.00,1.00,1.00,0.00,0.00,0.00",,0.00,0.00,,
calculate distance from latitude and longitude google map api,,10,"0.00,0.00,1.00,0.00,0.00,1.00,0.50,0.50,1.00,1.00,1.00,0.00",,0.00,0.00,,
calculate distance google maps app,,10,"0.00,0.00,1.00,0.00,1.00,1.00,1.00,1.00,0.00,1.00,1.00,1.00",,0.00,0.00,,
calculate distance google maps iphone,,10,"0.00,0.00,1.00,0.00,0.00,1.00,0.00,0.00,1.00,1.00,0.00,0.00",,0.00,0.00,,
calculate distance google maps javascript,,10,"1.00,1.00,0.00,0.00,1.00,1.00,0.00,0.00,0.00,0.00,0.00,1.00",,0.00,0.00,,
calculate distance on google maps between two points,,10,"0.00,0.00,0.00,1.00,0.00,0.00,0.00,0.00,0.00,0.00,0.00,0.00",,0.00,0.00,,
calculate distance with google maps,,10,"1.00,0.00,0.55,0.00,0.00,0.00,0.00,0.00,0.00,0.00,0.00,0.00",,0.43,0.00,,
calculate driving distance between two points google maps,,10,"0.00,1.00,1.00,0.00,0.00,1.00,1.00,1.00,0.00,0.00,0.00,0.00",,0.00,0.00,,
calculate elevation google maps,,10,"1.00,0.00,1.00,0.00,0.00,1.00,1.00,0.00,1.00,1.00,1.00,1.00",,0.00,0.00,,
calculate from isochronous is no google maps,,10,"0.66,0.33,0.66,1.00,0.33,0.00,0.00,0.00,0.00,0.00,0.00,0.00",,0.43,0.00,,
calculate google maps area,,10,"0.00,1.00,1.00,0.00,0.00,0.00,1.00,0.00,1.00,0.00,1.00,1.00",,0.00,0.00,,
calculate halfway point google maps,,10,"0.00,0.00,1.00,1.00,0.00,1.00,0.00,0.00,1.00,1.00,1.00,0.00",,0.00,0.00,,
calculate km distance map,,10,"0.00,0.00,1.00,0.00,0.00,1.00,1.00,1.00,0.00,0.00,0.00,0.00",,0.00,0.00,,
calculate land area in google maps,,10,"0.00,0.00,0.00,0.00,0.00,0.00,1.00,0.00,0.00,1.00,1.00,1.00",,0.00,0.00,,
calculate land area using google maps,,10,"1.00,1.00,1.00,0.00,1.00,0.00,1.00,0.00,0.00,1.00,1.00,0.00",,0.00,0.00,,
calculate lawn size google maps app,,10,"0.00,0.00,0.00,0.00,0.00,0.00,0.00,0.00,1.00,1.00,1.00,1.00",,0.00,0.06,,
calculate map distance genetics,,10,"1.00,0.00,0.00,0.00,1.00,0.67,0.67,0.00,0.00,0.00,0.00,0.00",,0.00,0.00,,
calculate map for object detection,,10,"1.00,1.00,0.00,1.00,1.00,0.00,0.00,0.00,0.00,1.00,0.00,0.00",,0.00,0.00,,
calculate map scale,,10,"1.00,0.00,0.00,0.00,0.00,0.00,0.50,1.00,0.00,0.00,0.50,0.50",,0.00,0.00,,
calculate maps,,10,"0.07,0.07,0.00,0.00,1.00,0.00,0.00,0.00,0.00,0.00,0.00,0.00",,0.00,0.00,,
calculate mileage on map,,10,"0.73,0.73,1.00,0.73,0.00,0.00,0.47,0.00,0.00,0.20,0.00,0.00",,0.72,0.01,,
calculate miles map,,10,"0.44,0.00,0.00,0.00,0.00,0.00,0.00,0.00,1.00,0.09,0.00,0.00",,0.93,0.02,,
calculate miles walked google maps,,10,"0.00,0.00,0.00,0.00,1.00,1.00,0.00,1.00,0.00,0.00,0.00,0.00",,0.00,0.00,,
calculate my run google maps,,10,"1.00,0.00,1.00,0.00,0.00,0.00,0.00,1.00,0.00,1.00,0.00,1.00",,0.00,0.00,,
calculate nautical miles map,,10,"1.00,0.00,0.00,0.00,1.00,0.00,1.00,1.00,1.00,0.00,0.00,0.00",,0.00,0.00,,
calculate normal map,,10,"0.00,1.00,1.00,0.00,0.00,0.00,1.00,0.00,0.00,1.00,0.00,0.00",,0.00,0.00,,
calculate optimal route google maps,,10,"0.00,0.00,1.00,0.00,1.00,1.00,0.00,0.00,0.00,0.00,0.00,0.00",,0.00,0.00,,
calculate radius google maps,,10,"1.00,0.00,1.00,0.00,0.00,0.00,1.00,1.00,0.00,1.00,1.00,0.00",,0.00,0.00,,
calculate radius in google maps,,10,"0.00,1.00,1.00,0.00,0.00,1.00,1.00,1.00,1.00,1.00,1.00,0.00",,0.00,0.00,,
calculate roof area google maps,,10,"0.00,0.00,0.00,0.00,0.00,0.25,0.00,0.00,0.00,0.50,0.00,1.00",,2.84,0.63,,
calculate roof size from google maps,,10,"0.00,0.00,0.00,0.00,0.00,0.00,0.00,0.00,1.00,1.00,1.00,1.00",,4.19,0.65,,
calculate route distance google maps api,,10,"1.00,0.00,0.00,0.00,0.00,0.00,0.00,0.00,1.00,1.00,0.00,0.00",,0.00,0.00,,
calculate route google maps,,10,"0.00,0.00,0.00,0.00,0.00,0.25,0.50,0.00,0.75,0.50,0.00,1.00",,0.00,0.01,,
calculate run distance google maps,,10,"0.00,0.00,0.00,0.00,0.00,0.00,0.33,1.00,1.00,0.66,1.00,0.00",,0.00,0.01,,
calculate running distance google maps,,10,"0.00,0.00,0.00,0.00,0.00,0.20,0.00,0.60,0.60,0.40,0.40,1.00",,0.00,0.01,,
calculate shortest route between multiple points google maps,,10,"0.00,0.00,0.00,0.00,1.00,0.00,1.00,0.00,1.00,0.00,0.00,0.00",,0.00,0.00,,
calculate square feet on google maps,,10,"1.00,0.00,0.00,0.00,0.17,0.00,0.00,0.00,0.00,0.00,0.00,0.17",,0.00,0.03,,
calculate square meters on google maps,,10,"0.00,0.28,0.00,0.00,0.00,1.00,0.00,0.28,0.00,0.28,0.28,0.00",,0.00,0.00,,
calculate straight line distance google maps,,10,"1.00,0.66,0.66,0.66,1.00,0.33,0.33,0.00,0.00,0.00,0.00,0.00",,0.00,0.00,,
calculate the map for a blood pressure of 130/85,,10,"1.00,1.00,0.00,1.00,1.00,1.00,1.00,1.00,1.00,0.00,0.00,0.00",,0.00,0.00,,
calculate the miles google maps between many places,,10,1.00,,0.00,0.00,,
calculate time between two points google maps,,10,"1.00,0.00,0.00,0.00,0.00,1.00,1.00,1.00,1.00,0.00,0.00,1.00",,0.00,0.00,,
calculate traffic google maps,,10,"0.00,1.00,0.00,0.00,0.00,0.00,1.00,0.00,0.00,1.00,1.00,0.00",,0.00,0.00,,
calculate walking distance from map,,10,"0.00,0.00,0.00,0.00,1.00,1.00,1.00,1.00,1.00,1.00,1.00,0.00",,0.00,0.00,,
calculate walking time google maps,,10,"0.00,0.00,0.00,0.00,0.00,1.00,0.00,1.00,0.00,1.00,0.00,1.00",,0.00,0.00,,
calculate yard size google maps,,10,"0.00,0.00,0.00,0.00,0.00,0.00,0.00,0.00,0.00,1.00,1.00,1.00",,0.00,0.00,,
calculate your running distance google maps,,10,"1.00,1.00,0.00,0.00,0.00,0.00,1.00,0.00,0.00,0.00,0.00,0.00",,0.00,0.00,,
calculating acreage from google maps,,10,"1.00,0.00,0.00,0.00,1.00,1.00,1.00,1.00,1.00,1.00,1.00,0.00",,0.40,0.03,,
calculating acreage on google maps,,10,"0.00,0.00,0.00,0.00,0.00,1.00,0.00,0.00,0.00,0.00,0.00,0.00",,0.40,0.03,,
calculating area on a topographic map,,10,"1.00,0.00,0.00,1.00,0.00,0.00,1.00,0.00,0.00,0.00,0.00,0.00",,0.00,0.00,,
calculating bp map,,10,"0.33,0.00,0.00,0.33,0.00,1.00,0.33,1.00,1.00,0.33,1.00,0.33",,1.52,0.00,,
calculating distance on a map geography,,10,"1.00,0.00,0.00,0.00,0.00,1.00,1.00,0.00,0.00,0.00,0.00,1.00",,0.00,0.00,,
calculating distance using map scale,,10,"1.00,0.00,1.00,0.00,1.00,1.00,0.00,1.00,0.00,1.00,0.00,0.00",,0.00,0.00,,
calculating distance walked google maps,,10,"0.00,1.00,1.00,1.00,0.00,1.00,0.00,0.00,1.00,0.00,1.00,1.00",,0.00,0.00,,
calculating map bp,,10,"0.00,0.00,0.00,0.00,1.00,1.00,0.00,0.00,0.00,0.00,0.00,0.00",,1.52,0.00,,
calculating map of bp,,10,"0.00,0.00,0.00,0.00,0.00,0.00,0.00,0.00,1.00,1.00,1.00,1.00",,0.00,0.00,,
calculating recombination frequency from map units,,10,"0.00,0.00,1.00,0.00,0.00,0.00,1.00,0.00,1.00,0.00,0.00,0.00",,0.00,0.00,,
calculating running distance on google maps,,10,"0.00,0.00,0.00,0.00,0.00,0.00,0.00,1.00,1.00,0.66,0.00,0.00",,0.00,0.01,,
calculating the map,,10,"0.00,0.00,0.00,0.00,0.00,0.00,0.33,0.00,0.00,0.00,1.00,0.00",,0.00,0.00,,
calculation of map distance,,10,"1.00,0.00,0.00,0.00,1.00,1.00,0.00,0.00,0.00,0.00,0.00,0.00",,0.00,0.00,,
calculator map area,,10,"0.00,0.00,0.00,0.00,1.00,1.00,1.00,1.00,1.00,1.00,1.00,1.00",,0.00,0.00,,
calculator map distance,,10,"0.00,1.00,0.00,1.00,1.00,0.00,0.00,1.00,1.00,1.00,1.00,1.00",,0.00,0.00,,
calculator maps,,10,"0.00,0.00,0.00,0.00,0.00,0.00,0.00,1.00,0.00,1.00,1.00,1.00",,0.00,0.00,,
calculer distance entre deux points google maps,,10,"0.00,0.00,0.00,0.00,1.00,1.00,1.00,1.00,0.00,0.00,0.00,1.00",,0.00,0.00,,
calculer distance google map,,10,"1.00,1.00,0.00,1.00,0.00,1.00,1.00,0.00,0.00,1.00,1.00,0.00",,0.00,0.00,,
calculer distance parcourue google map,,10,"1.00,0.00,0.00,1.00,0.00,0.00,1.00,0.00,0.00,0.00,0.00,0.00",,0.00,0.00,,
calculer distance sur google map,,10,"0.00,0.00,0.00,0.00,0.00,1.00,0.00,0.00,1.00,1.00,0.00,1.00",,0.00,0.00,,
calculer distance sur google maps,,10,"0.00,0.00,0.00,0.00,0.00,1.00,0.00,0.00,1.00,1.00,0.00,1.00",,0.00,0.00,,
calculer distance sur maps,,10,"0.00,1.00,0.00,0.00",,0.00,0.00,,
calculer superficie google maps,,10,"1.00,1.00,1.00,0.00,0.00,0.00,1.00,0.00,0.00,0.00,0.00,0.00",,0.00,0.00,,
calculer surface sur google maps,,10,"0.00,0.00,1.00,0.00,0.00,0.00,1.00",,0.00,0.14,,
calculer surface terrain google maps,,10,"0.00,0.00,1.00,0.00,0.00,1.00,0.00,1.00,1.00,0.00,0.00,1.00",,0.00,0.00,,
calculer un itinéraire google maps,,10,"0.50,0.50,1.00,0.00,0.50,0.50,0.50,0.00,1.00,0.00,0.00,1.00",,0.00,0.00,,
calculer un itinéraire sur google maps,,10,"1.00,1.00,1.00,0.00,1.00,1.00,1.00,0.00,1.00,0.00,0.00,1.00",,0.00,0.00,,
calculer une superficie sur google maps,,10,"1.00,1.00,1.00,0.00,0.00,0.00,1.00,0.00,0.00,0.00,0.00,0.00",,0.00,0.00,,
calculer une surface sur google maps,,10,"0.00,0.00,0.00,0.00,1.00,0.00,0.00,0.00,1.00,0.00,1.00,1.00",,0.00,0.00,,
calculer vol d'oiseau google map,,10,"1.00,1.00,1.00,1.00,0.00,0.00,0.00,0.00,0.00,0.00,0.00,0.00",,0.00,0.00,,
calculo de ruta google maps,,10,"1.00,1.00,0.00,0.00,1.00,1.00,0.00,0.00,1.00,0.00,0.00,0.00",,0.00,0.00,,
calculo mapa astral online,,10,"0.00,1.00,0.00,0.00,0.00,0.00,0.00,0.00,0.00,1.00,1.00,1.00",,0.00,0.00,,
calculo mape,,10,"1.00,1.00,1.00,0.00,1.00,0.00,0.00,0.00,0.00,0.00,1.00,0.00",,0.00,0.00,,
canada road map distance calculator,,10,"0.00,0.00,1.00,1.00,0.00,1.00,0.00,0.00,0.00,0.00,0.00,0.00",,0.00,0.00,,
canal distance calculator google maps,,10,"0.22,0.00,0.00,0.22,0.00,0.00,0.00,0.00,0.00,1.00,0.22,0.22",,0.00,0.00,,
cardiac map calculator,,10,"0.00,1.00,0.00,0.50,0.00,1.00,0.50,0.50,1.00,1.00,0.00,0.00",,0.00,0.00,,
cnn feature map calculation,,10,"1.00,0.00,1.00,1.00,1.00,1.00,0.00,0.00,0.00,0.00,0.00,0.00",,0.00,0.00,,
comment calculer la distance entre deux points sur google maps,,10,"0.00,0.00,1.00,1.00,0.00,0.00,0.00,1.00,0.00,1.00,0.00,0.00",,0.00,0.00,,
como calcular a distância entre dois pontos no google maps,,10,"1.00,0.00,1.00,0.00,0.00,0.00,0.00,0.00,1.00,0.00,0.00,0.00",,0.00,0.00,,
como calcular a escala de um mapa,,10,"0.00,1.00,0.00,1.00,1.00,0.00,1.00,0.00,0.00,0.00,0.00,0.00",,0.00,0.00,,
como calcular distancias en google maps,,10,"0.00,0.00,0.00,0.00,1.00,1.00,1.00,1.00,1.00,1.00,1.00,1.00",,0.00,0.03,,
como calcular distancias en un mapa,,10,"1.00,0.00,0.50,0.00,0.50,0.50,0.00,0.50,0.00,0.00,0.50,0.00",,0.00,0.00,,
como calcular el tiempo de viaje google maps,,10,"1.00,0.00,0.00,1.00,0.00,0.00,1.00,1.00,0.00,0.00,0.00,1.00",,0.00,0.00,,
como calcular la distancia en un mapa,,10,"1.00,1.00,1.00,0.00,0.00,1.00,1.00,1.00,1.00,0.00,1.00,0.00",,0.00,0.00,,
como calcular mapa astral,,10,"0.00,1.00,1.00,0.00,0.00,1.00,1.00,1.00,1.00,1.00,0.00,1.00",,0.00,0.00,,
como calcular mape,,10,"0.00,1.00,0.00,1.00,0.00,1.00,0.00,0.00,0.00,0.00,0.00,0.00",,0.00,0.00,,
como calcular peajes en google maps,,10,"0.00,0.00,1.00,0.00,1.00,0.00,0.00,0.00,1.00,0.00,1.00,0.00",,0.00,0.00,,
como calcular área no google maps,,10,"1.00,1.00,0.00,1.00,0.00,0.00,0.00,0.00,0.00,0.00,0.00,0.00",,0.00,0.00,,
como o google maps calcula o tempo de viagem,,10,"0.00,0.00,1.00,1.00,0.00,0.00,0.00,0.00,0.00,0.00,0.00,1.00",,0.00,0.00,,
compressor flow map calculator,,10,"1.00,0.00,0.00,0.00,1.00,0.00,1.00,0.00,0.00,0.00,0.00,0.00",,0.00,0.00,,
contour map calculus calculator,,10,"1.00,0.00,1.00,1.00,1.00,0.00,0.00,0.00,0.00,0.00,0.00,1.00",,0.00,0.00,,
daft logic google maps area calculator,,10,"0.00,0.00,0.00,0.00,1.00,1.00,0.00,1.00,1.00,1.00,1.00,1.00",,0.00,0.00,,
diameter calculator map,,10,1.00,,0.00,0.00,,
direct mapping cache calculator,,10,"1.00,1.00,0.00,0.00,1.00,0.00,0.00,0.00,0.00,0.00,0.00,0.00",,0.00,0.00,,
direct mapping calculator,,10,"0.00,1.00,1.00,0.00,1.00,1.00,1.00,1.00,0.00,1.00,0.00,0.00",,0.00,0.00,,
dish alignment calculator with google maps,,10,"0.00,0.00,0.00,0.00,0.00,1.00,0.00,0.00,1.00,1.00,0.00,0.00",,0.00,0.00,,
distance between cities places on map distance calculator,,10,"1.00,1.00,0.00,0.00,0.00,1.00,0.00,1.00,1.00,1.00,1.00,1.00",,0.00,0.00,,
distance calculator api google maps,,10,"0.00,0.00,0.00,0.00,1.00,0.00,0.00,1.00,0.00,0.00,0.00,0.00",,0.00,0.00,,
distance calculator from google maps,,10,"0.00,0.00,0.00,0.00,1.00,0.00,0.00,0.00,0.00,0.00,0.00,0.00",,0.43,0.00,,
distance calculator google maps api javascript,,10,"1.00,1.00,0.00,0.00,1.00,1.00,0.50,0.00,0.50,0.00,0.00,1.00",,0.00,0.00,,
distance calculator ireland map,,10,"0.00,0.00,0.00,1.00,0.00,1.00,1.00,1.00,0.00,0.00,0.00,1.00",,0.00,0.00,,
distance calculator online map,,10,"0.00,1.00,1.00,1.00,0.00,1.00,0.00,1.00,1.00,0.00,0.00,0.00",,0.00,0.00,,
distance on google map calculator,,10,"1.00,0.00,1.00,0.00,0.00,1.00,0.00,0.00,0.00,0.00,1.00,1.00",,0.00,0.00,,
does apple maps calculate time based on speed limit,,10,"0.00,0.00,0.00,0.00,0.00,1.00,1.00,1.00,1.00,1.00,1.00,1.00",,0.00,0.00,,
does google maps calculate time zones,,10,"0.00,1.00,1.00,1.00,0.00,1.00,0.00,1.00,1.00,1.00,0.00,1.00",,0.00,0.00,,
does maps on iphone calculate traffic,,10,"1.00,1.00,0.00,0.00,0.00,0.00,0.00,1.00,0.00,0.00,0.00,0.00",,0.00,0.00,,
dot map calculation,,10,"0.00,0.00,1.00,0.00,1.00,0.00,0.00,1.00,0.00,0.00,0.00,0.00",,0.00,0.00,,
draw map calculate distance,,10,"0.00,0.00,0.00,0.00,1.00,1.00,0.00,0.00,1.00,0.00,1.00,1.00",,0.00,0.00,,
driving distance calculator map,,10,"0.00,0.00,0.00,0.00,0.00,0.14,0.00,0.00,0.00,0.00,1.00,0.00",,0.00,0.00,,
drop map calculator fortnite,,10,"0.66,0.33,0.33,1.00,0.33,0.33,0.33,0.33,0.33,0.33,0.66,0.66",,0.00,0.00,,
ebike map calculator,,10,"0.00,0.00,0.00,1.00,1.00,1.00,1.00,1.00,1.00,1.00",,0.00,0.01,,
end of a google maps route calculation,,10,"0.00,1.00,0.00,1.00,0.00,1.00,0.00,0.00,0.00,0.00,0.00,0.00",,0.00,0.00,,
end of google maps route calculation,,10,"0.00,1.00,0.00,1.00,0.00,0.00,0.00,0.00,1.00,0.00,0.00,0.00",,0.00,0.00,,
excel api google maps distance calculator,,10,"1.00,0.00,0.00,1.00,0.00,1.00,0.00,0.00,1.00,0.00,0.00,0.00",,0.00,0.00,,
excel driving distance calculator for google maps,,10,"0.00,0.00,0.00,0.00,0.00,0.00,0.33,0.33,1.00,0.33,0.33,0.66",,0.00,0.00,,
feature map calculator,,10,"1.00,0.00,1.00,1.00,1.00,1.00,1.00,1.00,0.00,0.00,0.00,1.00",,0.00,0.00,,
fence map calculator,,10,"0.00,0.00,0.00,0.00,0.00,1.00,1.00,1.00,1.00,1.00,1.00,1.00",,0.00,0.22,,
fertility map calculator,,10,"0.00,1.00,0.00,0.00,1.00,1.00,0.00,1.00,1.00,0.00,1.00,0.00",,0.00,0.00,,
field maps calculated expressions,,10,"1.00,0.00,0.00,0.00,1.00,0.00,0.00,1.00,0.00,1.00,0.00,0.00",,0.00,0.00,,
field maps calculated fields,,10,"0.00,1.00,0.00,0.00,0.00,0.00,0.00,0.00,1.00,1.00,0.00,0.00",,0.00,0.00,,
fisch treasure map calculator,,10,"0.00,1.00,1.00,1.00,1.00,1.00,0.00,0.00,0.00,0.00,1.00,1.00",,0.00,0.00,,
flutter google maps calculate distance,,10,"1.00,0.00,0.00,1.00,0.00,0.00,0.00,0.00,0.00,1.00,0.00,0.00",,0.00,0.00,,
formula to calculate map blood pressure,,10,"0.00,0.00,0.00,0.00,1.00,1.00,1.00,1.00,1.00,1.00,1.00,1.00",,0.00,0.00,,
fortnite map distance calculator,,10,"0.00,0.00,0.00,0.00,0.00,1.00,1.00,0.00,1.00,0.00,0.00,1.00",,0.00,0.00,,
free air miles calculator map,,10,"0.00,0.00,0.00,0.00,0.00,0.00,0.00,0.00,0.00,1.00,1.00,1.00",,0.00,0.00,,
free google map area calculator,,10,"0.00,0.00,1.00,0.00,0.00,1.00,1.00,1.00,1.00,1.00,1.00,1.00",,0.00,0.48,,
free mileage calculator map,,10,"0.00,0.00,0.00,0.00,0.00,1.00,1.00,1.00,1.00,1.00,1.00,1.00",,0.00,0.10,,
genetic map distance calculation,,10,"1.00,0.00,0.00,0.00,1.00,0.00,0.66,0.00,0.00,0.00,0.00,0.00",,0.00,0.00,,
genetic mapping calculation,,10,"0.00,1.00,1.00,1.00,1.00,1.00,1.00,1.00,1.00,0.00,0.00,0.00",,0.00,0.00,,
given a blood pressure of 100 70 mmhg calculate map,,10,"0.50,0.50,0.00,0.00,0.00,0.00,1.00,1.00,0.00,1.00,1.00,1.00",,0.00,0.00,,
given a blood pressure of 100/70 mmhg calculate map,,10,"1.00,1.00,0.00,1.00,1.00,1.00,0.00,0.00,0.00,0.00,0.00,0.00",,0.00,0.00,,
golden hour calculator google maps,,10,"0.00,1.00,0.00,0.00,1.00,1.00,1.00,1.00,0.00,1.00,0.00,1.00",,0.00,0.00,,
google map api calculate distance,,10,"0.00,0.00,0.00,1.00,0.00,0.00,1.00,0.00,1.00,0.00,0.00,0.00",,0.00,0.02,,
google map area calculator online,,10,"0.00,0.00,0.00,0.00,0.00,1.00,0.00,0.00,0.00,0.66,0.66,0.00",,0.00,0.00,,
google map calcul itineraire,,10,"1.00,1.00,1.00,0.00,1.00,1.00,1.00,0.00,1.00,0.00,0.00,1.00",,0.00,0.00,,
google map calcular distancia,,10,"0.00,1.00,0.00,0.00,0.00,1.00,0.00,0.00,0.00,0.00,0.00,1.00",,0.00,0.00,,
google map developer area calculator,,10,"0.00,1.00,0.00,0.00,0.00,1.00,0.00,0.00,1.00,0.00,0.00,0.00",,0.00,0.00,,
google map distance calculator api,,10,"0.00,0.29,0.29,0.29,0.29,0.00,0.00,0.00,0.00,0.29,1.00,0.00",,0.00,0.02,,
google map distance calculator javascript,,10,"1.00,1.00,0.00,0.00,1.00,1.00,0.00,0.50,0.00,0.00,0.00,1.00",,0.00,0.00,,
google map distance calculator malaysia,,10,"0.00,1.00,0.00,0.00,0.00,1.00,0.00,0.00,0.00,1.00,1.00,1.00",,0.00,0.00,,
google map distance calculator singapore,,10,"0.00,1.00,0.00,0.00,1.00,1.00,1.00,1.00,1.00,0.00,0.00,0.00",,0.00,0.00,,
google map distance calculator wordpress plugin,,10,"0.00,1.00,0.00,1.00,0.00,0.00,0.00,1.00,0.00,0.00,0.00,0.00",,0.00,0.00,,
google map kilometer calculator,,10,"1.00,0.00,0.00,0.00,0.00,1.00,1.00,1.00,1.00,1.00,1.00,1.00",,0.00,0.00,,
google map malaysia distance calculator,,10,"0.00,1.00,0.00,0.00,0.00,1.00,0.00,0.00,0.00,1.00,1.00,1.00",,0.00,0.00,,
google map midpoint calculator,,10,"0.00,0.00,0.67,0.67,1.00,0.33,0.00,0.00,0.00,0.00,0.00,0.00",,0.00,0.00,,
google map radius calculator,,10,"0.00,0.00,0.00,0.33,1.00,0.33,0.67,1.00,1.00,0.00,0.00,0.00",,0.00,0.00,,
google map scale calculator,,10,"1.00,0.00,1.00,0.00,0.00,0.00,1.00,1.00,1.00,1.00,1.00,0.00",,0.00,0.00,,
google map travel time calculations,,10,"0.00,0.00,1.00,0.00,1.00,1.00,0.00,0.00,1.00,0.00,0.00,1.00",,0.00,0.00,,
google map trip calculator,,10,"0.00,0.00,0.00,0.00,0.00,0.00,0.00,0.00,0.75,0.50,0.00,1.00",,0.00,0.01,,
google maps api calculate distance between multiple points,,10,"0.00,0.00,1.00,0.00,1.00,1.00,1.00,0.00,1.00,0.00,1.00,1.00",,0.00,0.07,,
google maps api calculate distance between two lat long,,10,"0.33,0.00,0.33,0.66,1.00,1.00,0.66,0.66,0.66,0.00,0.00,0.00",,0.00,0.00,,
google maps api calculate distance between two points javascript,,10,"0.00,1.00,0.50,1.00,0.00,1.00,0.50,1.00,1.00,0.00,1.00,0.00",,0.00,0.00,,
google maps api calculate distance between two points php,,10,"0.00,0.50,0.00,0.00,0.00,0.00,0.50,0.50,1.00,0.50,0.00,0.00",,0.00,0.00,,
google maps api calculate distance between two points python,,10,"0.00,1.00,1.00,1.00,1.00,1.00,0.00,0.00,1.00,0.00,0.00,0.00",,0.00,0.00,,
google maps api calculate polygon area,,10,"0.00,1.00,1.00,0.00,0.00,0.00,0.00,0.00,1.00,0.00,0.00,0.00",,0.00,0.00,,
google maps api price calculator,,10,"0.00,1.00,0.00,1.00,1.00,0.50,0.50,0.00,1.00,0.00,0.00,0.00",,2.17,0.09,,
google maps billing calculator,,10,"0.00,0.00,0.00,1.00,1.00,1.00,0.00,0.00,0.00,0.00,0.00,0.00",,0.00,0.00,,
google maps calcul distance entre 2 points,,10,"0.00,0.00,0.00,0.00,1.00,1.00,0.00,1.00,0.00,0.00,0.00,0.00",,0.00,0.00,,
google maps calcular area,,10,"1.00,0.00,1.00,0.00,1.00,0.00,0.00,1.00,0.00,0.00,1.00,1.00",,0.00,0.00,,
google maps calcular distancia,,10,"0.00,1.00,0.00,0.00,0.00,1.00,0.00,0.00,1.00,0.00,0.00,0.00",,0.00,0.00,,
google maps calculate acreage,,10,"0.00,0.00,0.00,0.00,0.00,0.67,0.67,0.67,1.00,0.67,0.00,0.33",,0.40,0.03,,
google maps calculate area polygon,,10,"0.00,0.00,0.00,0.00,1.00,1.00,0.00,1.00,0.00,0.00,0.00,0.00",,0.00,0.00,,
google maps calculate center of markers,,10,"1.00,1.00,0.00,1.00,0.00,1.00,1.00,0.00,0.00,0.00,0.00,0.00",,0.00,0.00,,
google maps calculate distance between two lat long,,10,"0.00,1.00,1.00,1.00,0.00,1.00,1.00,0.00,1.00,1.00,0.00,1.00",,0.00,0.00,,
google maps calculate distance between two points,,10,"0.00,0.00,1.00,0.40,0.00,0.00,0.00,0.00,0.00,0.00,0.00,0.00",,0.00,0.00,,
google maps calculate radius,,10,"1.00,0.00,0.00,1.00,1.00,1.00,1.00,1.00,1.00,0.00,0.00,0.00",,0.00,0.00,,
google maps calculate route,,10,"0.00,0.00,0.00,0.00,0.00,0.25,0.50,0.00,0.75,0.50,0.00,1.00",,0.00,0.01,,
google maps calculate zoom level,,10,"1.00,1.00,0.00,1.00,0.00,0.00,0.00,1.00,1.00,0.00,0.00,0.00",,0.00,0.00,,
google maps calculate zoom level from bounds,,10,"1.00,1.00,0.00,1.00,1.00,1.00,0.00,1.00,1.00,0.00,0.00,1.00",,0.00,0.00,,
google maps calculation crossword,,10,"0.00,0.00,0.00,0.00,0.00,0.00,1.00,0.40,0.40,0.40,0.00,0.00",,0.00,0.00,,
google maps calculator tool,,10,"0.00,1.00,1.00,0.00,0.00,1.00,1.00,1.00,1.00,0.00,1.00,1.00",,0.00,0.00,,
google maps distance calculator canada,,10,"1.00,0.00,0.00,0.00,0.00,0.00,0.00,0.00,0.00,1.00,1.00,0.00",,0.00,0.00,,
google maps distance calculator driving directions,,10,"0.00,1.00,0.00,1.00,1.00,0.00,0.00,1.00,1.00,0.00,1.00,1.00",,0.00,0.00,,
google maps distance calculator ipad,,10,"1.00,0.00,0.00,0.00,0.00,1.00,0.00,0.00,1.00,0.00,1.00,0.00",,0.00,0.00,,
google maps distance calculator km,,10,"0.00,1.00,1.00,0.00,0.00,0.00,0.00,0.00,0.00,0.00,1.00,0.00",,0.00,0.00,,
google maps distance calculator nautical miles,,10,"1.00,0.00,0.00,0.00,1.00,1.00,1.00,0.00,0.00,0.00,0.00,0.00",,0.00,0.00,,
google maps driving times calculated,,10,"0.00,0.00,0.00,0.00,0.00,0.00,0.57,0.14,1.00,0.42,0.00,0.00",,0.00,0.00,,
google maps excel distance calculator,,10,"1.00,0.00,0.00,1.00,1.00,1.00,1.00,1.00,1.00,0.00,1.00,0.00",,0.00,0.00,,
google maps fuel cost calculator uk,,10,"1.00,0.00,0.00,1.00,1.00,0.00,0.00,0.00,0.00,0.00,1.00,0.00",,0.00,0.00,,
google maps gas price calculator,,10,"0.00,0.00,0.00,0.00,1.00,0.00,1.00,1.00,1.00,0.00,1.00,1.00",,0.00,0.00,,
google maps javascript api calculate distance,,10,"0.50,0.00,0.50,0.00,1.00,0.50,0.00,0.00,0.50,0.00,0.00,0.00",,0.00,0.00,,
google maps km calculator,,10,"1.00,0.00,0.00,0.00,0.00,1.00,1.00,1.00,1.00,1.00,1.00,1.00",,0.00,0.00,,
google maps line of sight calculator,,10,"1.00,0.00,0.00,0.00,1.00,1.00,1.00,0.00,1.00,0.00,1.00,0.00",,0.00,0.00,,
google maps mileage calculator uk,,10,"0.00,1.00,1.00,1.00,0.00,1.00,1.00,0.00,0.00,0.00,0.00,0.00",,0.00,0.00,,
google maps miles calculator,,10,"0.14,0.14,0.00,0.00,0.00,0.00,0.00,0.00,0.00,1.00,0.57,0.00",,0.71,0.00,,
google maps mulch calculator,,10,"0.00,0.00,0.00,0.00,0.00,0.00,0.00,1.00,0.50,0.50,0.50,0.50",,0.00,0.02,,
google maps path distance calculator,,10,"0.00,1.00,0.00,0.00,0.00,1.00,0.00,0.00,1.00,1.00,0.00,0.00",,0.00,0.00,,
google maps petrol cost calculator,,10,"0.00,0.00,1.00,0.00,1.00,1.00,0.00,0.00,0.00,0.00,0.00,0.00",,0.00,0.00,,
google maps point to point distance calculator,,10,"0.00,0.00,0.00,0.00,1.00,0.00,1.00,0.00,1.00,1.00,0.00,1.00",,0.00,0.00,,
google maps range calculator,,10,"0.00,0.00,0.00,1.00,1.00,1.00,0.00,1.00,0.00,1.00,0.00,0.00",,0.00,0.00,,
google maps route calculator,,10,"0.00,0.00,0.00,0.00,0.00,0.25,0.50,0.00,0.75,0.50,0.00,1.00",,0.00,0.01,,
google maps run distance calculator,,10,"0.00,0.00,0.00,0.00,0.00,0.00,0.00,1.00,1.00,0.66,0.00,0.00",,0.00,0.01,,
google maps south africa distance calculator,,10,"1.00,0.00,0.00,0.00,0.00,1.00,1.00,0.00,1.00,0.00,0.00,0.00",,0.00,0.00,,
google maps sqft calculator,,10,"0.00,0.00,0.00,0.00,0.00,0.33,0.67,1.00,1.00,0.00,0.00,0.00",,0.00,0.00,,
google maps square feet calculator,,10,"0.00,0.67,0.00,0.00,0.00,0.33,0.67,1.00,1.00,0.00,0.00,0.00",,0.00,0.00,,
google mileage map calculator,,10,"1.00,0.00,1.00,0.00,0.00,1.00,1.00,0.00,1.00,0.00,0.00,1.00",,0.00,0.00,,
google running map distance calculator,,10,"0.00,0.00,1.00,0.00,1.00,1.00,0.00,0.00,0.00,0.00,0.00,0.00",,0.00,0.00,,
google solar map calculator,,10,"0.00,0.00,1.00,0.00,0.00,1.00,1.00,1.00,0.00,1.00,1.00,1.00",,0.00,0.14,,
gps map with calculations math,,10,"1.00,0.00",,0.00,0.00,,
great circle calculator google maps,,10,"1.00,0.00,1.00,0.00,1.00,1.00,1.00,0.00,0.00,0.00,0.00,0.00",,0.00,0.00,,
great circle distance calculator google maps,,10,"1.00,1.00,1.00,1.00,1.00,0.00,0.00,1.00,0.00,1.00,0.00,0.00",,0.00,0.00,,
gujarat road map with distance calculator,,10,"0.00,0.00,1.00,0.00,0.00,1.00,0.00,0.00,1.00,0.00,0.00,0.00",,0.00,0.00,,
halfway point between two places calculator google maps free,,10,"0.00,0.00,0.00,0.00,0.66,0.66,0.66,0.66,0.66,0.66,0.66,1.00",,0.00,0.00,,
heat map calculation for wifi,,10,"1.00,0.00,0.00,1.00,0.00,1.00,1.00,1.00,0.00,0.00,1.00,0.00",,0.00,0.00,,
helium map calculator,,10,"0.50,0.00,0.50,0.50,0.00,1.00,1.00,0.00,0.00,0.00,0.00,1.00",,0.00,0.00,,
here maps calculate route,,10,"1.00,0.00,0.00,1.00,1.00,0.00,1.00,0.00,1.00,0.00,1.00,0.00",,0.00,0.00,,
hiw to calculate map,,10,"1.00,0.00,0.00,0.75,0.00,0.00,0.00,0.00,0.00,0.00,0.00,0.00",,0.00,0.00,,
hour pillar calculation table day stem to hour stem mapping,,10,1.00,,0.00,0.00,,
how calculate distance in google map,,10,"1.00,1.00,1.00,1.00,0.00,1.00,0.00,0.00,0.00,1.00,0.00,1.00",,0.00,0.00,,
how calculate map,,10,"0.00,1.00,0.00,0.67,0.00,1.00,0.33,0.33,0.00,0.00,0.67,0.33",,0.00,0.00,,
how can i calculate miles on gg maps,,10,"1.00,0.00",,0.00,0.00,,
how do u calculate map,,10,"0.00,0.00,0.00,0.00,1.00,1.00,1.00,1.00,1.00,1.00,1.00,1.00",,0.00,0.00,,
how do you calculate map for bp,,10,"1.00,1.00,1.00,0.00,0.00,1.00,0.00,0.00,1.00,1.00,1.00,0.00",,0.00,0.00,,
how do you calculate map of bp,,10,"1.00,0.00,0.00,1.00,1.00,1.00,1.00,1.00,0.00,1.00,0.00,1.00",,0.00,0.00,,
how does apple maps calculate traffic,,10,"0.00,0.00,0.00,0.00,0.00,0.00,0.00,0.00,0.00,1.00,1.00,1.00",,0.00,0.00,,
how does google map calculate time,,10,"0.00,0.00,1.00,0.00,0.00,0.00,0.00,0.00,1.00,1.00,0.00,0.00",,0.00,0.00,,
how does google map calculate traffic,,10,"0.00,0.00,1.00,1.00,1.00,1.00,0.00,0.00,0.00,0.00,0.00,1.00",,0.00,0.00,,
how google map calculate speed,,10,"0.00,0.00,0.00,1.00,0.00,1.00,0.00,1.00,0.00,0.00,1.00,1.00",,0.00,0.00,,
how google map calculate time,,10,"0.00,0.00,0.00,0.00,1.00,1.00,1.00,1.00,1.00,1.00,1.00,1.00",,0.00,0.00,,
how google map calculate traffic,,10,"1.00,0.00,1.00,0.00,0.00,0.00,0.00,0.00,0.00,1.00,0.00,0.00",,0.00,0.00,,
how google maps calculate distance,,10,"1.00,0.00,0.00,0.00,0.00,0.00,0.00,0.00,0.00,0.00,1.00,1.00",,0.00,0.00,,
how google maps calculate speed,,10,"1.00,0.00,1.00,0.00,1.00,0.00,0.00,1.00,1.00,1.00,0.00,1.00",,0.00,0.00,,
how google maps calculate time between two points,,10,"1.00,0.00,1.00,0.00,1.00,1.00,0.00,0.00,0.00,0.00,1.00,1.00",,0.00,0.00,,
how is a map unit calculated,,10,"0.00,1.00,0.00,0.00,1.00,1.00,0.00,1.00,0.00,0.00,0.00,0.00",,0.00,0.00,,
how is map distance calculated,,10,"0.00,0.00,0.00,1.00,1.00,1.00,1.00,1.00,0.00,0.00,1.00,1.00",,0.00,0.00,,
how is time calculated in google maps,,10,"1.00,1.00,0.00,1.00,1.00,1.00,1.00,1.00,0.00,1.00,0.00,0.00",,0.00,0.00,,
how to calculate a map for blood pressure,,10,"0.00,0.00,0.00,0.00,0.00,0.00,0.00,1.00,1.00,0.66,0.66,0.66",,0.00,0.00,,
how to calculate absolute location on a map,,10,"0.00,0.00,1.00,0.00,1.00,1.00,0.00,0.00,0.00,0.00,0.00,0.00",,0.00,0.00,,
how to calculate air miles on a map,,10,"0.00,1.00,1.00,0.00,1.00,1.00,1.00,0.00,0.00,0.00,1.00,0.00",,0.00,0.00,,
how to calculate area of contour map,,10,"1.00,0.00,0.00,0.00,0.00,0.00,0.00,1.00,0.00,0.00,0.00,1.00",,0.00,0.00,,
how to calculate area of land in google map,,10,"0.00,1.00,1.00,0.00,1.00,1.00,0.00,1.00,1.00,0.00,0.00,0.00",,0.00,0.00,,
how to calculate area on a topographic map,,10,"1.00,0.00,1.00,1.00,1.00,1.00,1.00,0.00,0.00,0.00,0.00,0.00",,0.00,0.00,,
how to calculate area on topographic map,,10,"0.00,1.00,1.00,0.00,0.00,0.00,0.00,0.00,0.00,1.00,0.00,1.00",,0.00,0.00,,
how to calculate area size in google maps,,10,"1.00,0.00,1.00,1.00,1.00,1.00,1.00,1.00,0.00,0.00,1.00,0.00",,0.00,0.00,,
how to calculate bearing on a topographic map,,10,"1.00,1.00,0.00,0.00,0.00,1.00,0.00,1.00,0.00,1.00,0.00,1.00",,0.00,0.00,,
how to calculate compass bearing on a map,,10,"0.00,0.00,0.00,0.00,0.00,0.00,1.00,1.00,0.00,0.00,0.00,1.00",,0.00,0.00,,
how to calculate coordinates on a topographic map,,10,"0.00,1.00,1.00,0.00,0.00,0.00,1.00,0.00,0.00,0.00,0.00,0.00",,0.00,0.00,,
how to calculate cpp icp and map,,10,"0.00,0.00,1.00,0.00,1.00,1.00,0.00,1.00,0.00,0.00,0.00,0.00",,0.00,0.00,,
how to calculate degrees and minutes on a map,,10,"1.00,1.00,1.00,1.00,1.00,1.00,1.00,0.00,0.00,0.00,0.00,0.00",,0.00,0.00,,
how to calculate distance google maps api,,10,"0.00,1.00,0.00,0.00,0.00,0.50,0.50,0.50,0.50,0.00,1.00,0.00",,0.00,0.00,,
how to calculate distance in a map,,10,"1.00,1.00,0.00,0.00,0.00,0.00,0.00,1.00,0.00,0.00,1.00,1.00",,0.00,0.00,,
how to calculate distance in google maps android,,10,"0.00,1.00,0.00,0.00,0.00,1.00,0.00,0.00,0.00,1.00,1.00,0.00",,0.00,0.00,,
how to calculate distance on a map in km,,10,"0.00,0.00,0.00,0.00,1.00,1.00,0.00,0.00,0.00,0.00,0.00,1.00",,0.00,0.00,,
how to calculate distance on a map using a scale,,10,"0.00,1.00,1.00,0.00,1.00,0.00,0.00,0.00,0.00,0.00,0.00,0.00",,0.00,0.00,,
how to calculate distance on google maps ipad,,10,"0.00,0.00,1.00,0.00,1.00,1.00,0.00,1.00,0.00,0.00,0.00,0.00",,0.00,0.00,,
how to calculate distance on map scale,,10,"0.00,1.00,0.00,1.00,1.00,1.00,1.00,1.00,0.00,0.00,0.00,1.00",,0.00,0.00,,
how to calculate distance travelled on google maps,,10,"1.00,0.00,0.00,0.00,1.00,1.00,0.00,1.00,0.00,0.00,1.00,0.00",,0.00,0.00,,
how to calculate feature maps in cnn,,10,"1.00,1.00,0.00,0.00,1.00,1.00,0.00,0.00,0.00,0.00,0.00,0.00",,0.00,0.00,,
how to calculate gas cost on google maps,,10,"0.00,0.00,0.00,1.00,1.00,0.00,0.00,0.00,1.00,1.00,0.00,0.00",,0.00,0.00,,
how to calculate genetic map distance,,10,"1.00,0.00,1.00,1.00,1.00,1.00,0.00,0.00,0.00,0.00,0.00,0.00",,0.00,0.00,,
how to calculate gradient on a contour map,,10,"1.00,1.00,1.00,1.00,1.00,0.00,1.00,0.00,1.00,0.00,0.00,0.00",,0.00,0.00,,
how to calculate gradient on map,,10,"1.00,1.00,0.00,1.00,0.00,1.00,1.00,1.00,0.00,0.00,0.00,0.00",,0.00,0.00,,
how to calculate ground distance on a map,,10,"1.00,0.00,1.00,1.00,0.00,1.00,1.00,0.00,0.00,0.00,1.00,1.00",,0.00,0.00,,
how to calculate kilometers in google maps,,10,"0.00,1.00,0.00,0.00,0.00,1.00,0.00,0.00,1.00,0.00,0.00,1.00",,0.00,0.00,,
how to calculate km in google maps,,10,"0.00,1.00,0.00,0.00,0.00,1.00,0.00,0.00,1.00,0.00,1.00,0.00",,0.00,0.00,,
how to calculate land area from map,,10,"0.00,0.00,0.00,0.20,0.00,1.00,0.00,0.00,0.20,0.00,0.40,0.00",,0.00,0.00,,
how to calculate land area in google maps,,10,"1.00,0.00,0.00,1.00,1.00,0.00,1.00,1.00,1.00,1.00,1.00,0.00",,0.00,0.00,,
how to calculate land area using google maps,,10,"0.00,1.00,0.00,1.00,1.00,0.00,1.00,1.00,0.00,0.00,0.00,1.00",,0.00,0.25,,
how to calculate magnetic bearing on a map,,10,"1.00,1.00,0.00,0.00,0.00,0.00,0.00,0.00,0.00,0.00,1.00,0.00",,0.00,0.00,,
how to calculate magnetic declination on a map,,10,"1.00,1.00,1.00,1.00,1.00,1.00,0.00,1.00,0.00,0.00,0.00,0.00",,0.00,0.00,,
how to calculate map area,,10,"1.00,0.00,0.00,1.00,0.00,0.00,0.00,0.00,0.00,0.00,0.00,1.00",,0.00,0.00,,
how to calculate map distance between 3 genes,,10,"1.00,0.00,0.00,0.00,1.00,1.00,1.00,0.00,0.00,0.00,0.00,0.00",,0.00,0.00,,
how to calculate map scale factor,,10,"1.00,0.00,1.00,0.00,0.00,1.00,0.00,0.00,0.00,0.00,0.00,0.00",,0.00,0.00,,
how to calculate mape example,,10,"1.00,0.00,1.00,0.00,1.00,1.00,0.00,1.00,0.00,0.00,0.00,0.00",,0.00,0.00,,
how to calculate mape forecast accuracy,,10,"0.00,0.00,0.00,0.00,0.00,0.00,1.00,1.00,1.00,1.00,1.00,1.00",,0.00,0.01,,
how to calculate mean map distance,,10,"0.00,0.00,0.00,0.00,1.00,1.00,1.00,1.00,1.00,0.00,1.00,1.00",,0.00,0.00,,
how to calculate miles walked on map,,10,"0.00,0.00,0.00,0.00,0.00,0.00,1.00,1.00,0.00,0.00,1.00,1.00",,0.00,0.86,,
how to calculate miss rate of direct-mapped cache,,10,"0.00,1.00,1.00,0.00,1.00,0.50,0.50,0.50,0.00,0.00,0.00,0.00",,0.00,0.00,,
how to calculate real distance on a map,,10,"1.00,1.00,0.00,1.00,1.00,0.00,0.00,1.00,1.00,0.00,1.00,1.00",,0.00,0.00,,
how to calculate road distance in google maps,,10,"1.00,1.00,1.00,0.00,1.00,1.00,0.00,1.00,1.00,1.00,0.00,0.00",,0.00,0.00,,
how to calculate running distance with google maps,,10,"0.00,0.00,0.00,0.00,1.00,1.00,0.00,1.00,0.00,0.00,0.00,0.00",,0.00,0.00,,
how to calculate square footage from google maps,,10,"0.00,0.00,0.00,0.00,0.00,0.00,0.00,0.00,1.00,0.50,1.00,1.00",,0.00,0.00,,
how to calculate straight line distance on a map,,10,"1.00,0.00,0.00,0.00,0.00,0.00,0.00,1.00,1.00,0.00,0.00,0.00",,0.00,0.00,,
how to calculate surface area on google maps,,10,"0.00,0.00,1.00,1.00,1.00,1.00,1.00,0.00,1.00,0.00,0.00,1.00",,0.00,0.00,,
how to calculate the actual distance on a map,,10,"1.00,0.00,0.00,0.00,0.00,1.00,1.00,0.00,0.00,0.00,1.00,1.00",,0.00,0.00,,
how to calculate the distance in google map,,10,"1.00,0.00,0.00,0.00,1.00,0.00,0.00,1.00,1.00,1.00,1.00,1.00",,0.00,0.00,,
how to calculate the gradient on a topographic map,,10,"0.25,0.00,0.00,0.00,0.00,0.00,0.75,0.50,0.00,0.00,0.00,1.00",,0.00,0.00,,
how to calculate uptime in value stream mapping,,10,"1.00,0.00,0.00,1.00,0.00,1.00,1.00,1.00,1.00,1.00,1.00,0.00",,0.00,0.00,,
how to calculate vertical exaggeration on a map,,10,"1.00,0.00,1.00,0.00,1.00,1.00,1.00,1.00,0.00,0.00,0.00,0.00",,0.00,0.00,,
how to calculate volume from contour map,,10,"1.00,0.00,1.00,1.00,0.00,0.00,1.00,0.00,1.00,0.00,0.00,0.00",,0.00,0.00,,
how.to calculate map,,10,"1.00,0.75,0.00,1.00,0.00,0.00,0.00,0.00,0.00,0.00,0.00,0.75",,0.00,0.00,,
how.to.calculate map,,10,"1.00,0.00,0.00,0.00,0.00,0.00,0.00,0.00,0.00,0.00,0.00,1.00",,0.00,0.00,,
hunt showdown map distance calculator,,10,"1.00,1.00,1.00,1.00,0.00,1.00,0.00,1.00,0.00,1.00,0.00,0.00",,0.00,0.00,,
ignition map calculator,,10,"1.00,0.00,0.00,0.00,1.00,0.00,1.00,1.00,0.00,1.00,0.00,0.00",,0.00,0.00,,
ireland map distance calculator,,10,"0.00,0.00,0.00,1.00,0.00,1.00,1.00,1.00,0.00,0.00,0.00,1.00",,0.00,0.00,,
jamin map calculator,,10,"0.00,0.00,0.00,1.00,0.00,0.00,0.00,0.00,0.00,0.00,1.00,1.00",,0.00,0.00,,
jogging distance calculator google maps,,10,"0.00,0.00,0.00,0.00,0.00,0.00,0.00,1.00,1.00,0.66,0.00,0.00",,0.00,0.01,,
jomir map calculator,,10,"1.00,0.00,1.00,0.00,0.00,1.00,0.00,0.00,0.00,0.00,0.00,0.00",,0.00,0.00,,
k map calculator 5 variable,,10,"1.00,0.00,1.00,0.00,1.00,1.00,1.00,0.00,1.00,0.00,0.00,1.00",,0.00,0.00,,
k map calculator pos,,10,"1.00,1.00,0.00,0.00,1.00,1.00,1.00,0.00,1.00,0.00,0.00,1.00",,0.00,0.00,,
k map calculator with don't care,,10,"1.00,1.00,1.00,0.00,1.00,0.00,0.00,0.00,0.00,0.00,0.00,0.00",,0.00,0.00,,
k map calculator with steps,,10,"1.00,1.00,1.00,0.00,1.00,1.00,0.00,0.00,0.00,0.00,0.00,0.00",,0.00,0.00,,
k map don't care calculator,,10,"1.00,1.00,0.00,0.00,1.00,0.00,0.00,0.00,0.00,0.00,0.00,0.00",,0.00,0.00,,
k map to boolean algebra calculator,,10,"0.00,1.00,0.00,1.00,0.00,1.00,1.00,1.00,1.00,0.00,0.00,0.00",,0.00,0.00,,
k map with don't care calculator,,10,"1.00,1.00,1.00,1.00,1.00,0.00,0.00,0.00,0.00,0.00,0.00,0.00",,0.00,0.00,,
k-map simplification calculator,,10,"1.00,1.00,1.00,1.00,1.00,0.00,0.00,0.00,0.00,0.00,0.00,0.00",,0.00,0.00,,
k-map solver calculator,,10,"1.00,1.00,0.00,0.00,1.00,0.00,0.00,0.00,0.00,0.00,0.00,0.00",,0.00,0.00,,
k-maps calculator,,10,"0.00,1.00,0.00,0.00,0.00,0.00,0.00,0.00,0.00,0.00,0.00,0.00",,0.00,0.00,,
karnaugh map 3 variables calculator,,10,"1.00,1.00,0.00,0.00,0.00,1.00,1.00,1.00,0.00,0.00,0.00,0.00",,0.00,0.00,,
karnaugh map 4 variables calculator,,10,"1.00,0.00,1.00,0.00,1.00,0.00,1.00,0.00,0.00,0.00,0.00,0.00",,0.00,0.00,,
latitude and longitude distance calculator map,,10,"1.00,0.00,0.00,0.00,1.00,1.00,0.00,0.00,0.00,0.00,0.00,0.00",,0.00,0.00,,
latitude calculator map,,10,"1.00,1.00,1.00,0.00,0.00,1.00,1.00,0.00,1.00,0.00,1.00,0.00",,0.00,0.00,,
linear map matrix calculator,,10,"1.00,0.00,0.00,0.00,0.00,1.00,1.00,0.00,0.00,0.00,0.00,0.00",,0.00,0.00,,
map algebra raster calculator,,10,"1.00,1.00,1.00,0.00,1.00,1.00,1.00,1.00,0.00,0.00,0.00,1.00",,0.00,0.00,,
map bo calculator,,10,"0.00,0.50,0.00,0.25,0.00,0.00,0.00,0.25,0.75,0.50,1.00,0.75",,0.00,0.00,,
map bp.calculator,,10,1.00,,0.00,0.00,,
map calcula,,10,"0.00,0.50,0.50,0.00,0.00,0.00,0.00,0.50,0.50,0.00,0.00,1.00",,0.00,0.00,,
map calculate distance,,10,"1.00,0.00,0.00,0.00,0.00,0.00,0.00,0.00,0.00,0.00,0.00,0.00",,0.00,0.01,,
map calculations and techniques,,10,"1.00,0.00,0.00,1.00,1.00,1.00,1.00,0.00,0.00,0.00,0.00,0.00",,0.00,0.00,,
map calculator distance,,10,"0.07,0.00,0.07,0.00,0.00,0.00,0.00,0.00,0.00,1.00,0.00,0.00",,0.72,0.01,,
map calculator minecraft,,10,"0.50,0.00,0.00,0.00,0.00,0.00,1.00,1.00,1.00,1.00,1.00,1.00",,0.00,0.00,,
map calculator.,,10,"0.67,0.00,0.00,1.00,1.00,0.67,0.00,0.00,0.67,1.00,0.00,0.00",,0.00,0.00,,
map circle calculator,,10,"0.00,0.00,0.00,0.00,0.00,1.00,1.00,1.00,1.00,1.00,1.00,1.00",,0.00,0.00,,
map cuff calculator,,10,"1.00,0.50,0.50,0.50,0.50,0.00,1.00,0.50,0.00,0.00,0.00",,0.00,0.00,,
map developer distance calculator,,10,"0.00,0.00,0.00,0.00,0.00,0.33,0.66,1.00,1.00,0.00,0.00,0.00",,0.00,0.00,,
map distance calculator pen,,10,"0.00,0.00,0.00,0.00,1.00,1.00,1.00,0.00,0.00,0.00,0.00,1.00",,0.00,0.00,,
map distance calculator run,,10,"0.00,0.00,1.00,0.00,0.78,0.11,0.00,0.00,0.00,0.00,0.00,0.00",,1.22,0.02,,
map distance calculator wheel,,10,"1.00,0.00,1.00,0.00,0.00,1.00,0.00,0.00,0.00,0.00,0.00,0.00",,0.00,0.00,,
map distance of genes on chromosome is calculated by,,10,"0.00,1.00,1.00,1.00,1.00,1.00,1.00,1.00,1.00,0.00,0.00,0.00",,0.00,0.00,,
map draw route calculate distance,,10,"1.00,0.00,0.00,0.00,0.00,1.00,0.00,0.00,1.00,1.00,1.00,1.00",,0.00,0.00,,
map driving distance calculator,,10,"0.00,0.00,0.00,0.00,0.14,0.28,0.14,0.00,0.14,0.00,1.00,0.00",,0.00,0.00,,
map kpa to psi calculator,,10,"0.00,0.00,0.00,0.00,0.00,0.00,0.00,0.00,0.00,1.00,1.00,1.00",,0.00,0.00,,
map mileage calculator running,,10,"0.00,0.00,0.00,0.00,0.00,1.00,1.00,1.00,1.00,1.00,1.00,1.00",,0.00,0.10,,
map mmhg calculation,,10,"1.00,0.00,1.00,1.00,1.00,1.00,1.00,1.00,0.00,1.00,0.00,0.00",,0.00,0.00,,
map mmhg calculator,,10,"0.00,0.00,0.50,0.00,0.50,1.00,1.00,1.00,1.00,1.00,1.00,1.00",,0.00,0.00,,
map my run pace calculator,,10,"0.00,0.00,0.00,0.00,0.00,1.00,1.00,1.00,0.00,1.00,0.00,1.00",,0.00,0.00,,
map my walk calculator,,10,"1.00,1.00,0.00,1.00,0.00,1.00,0.00,1.00,0.00,1.00,0.00,1.00",,0.00,0.00,,
map my walk calorie calculator,,10,"0.00,0.00,0.00,0.00,1.00,0.00,1.00,0.00,1.00,1.00,1.00,1.00",,0.00,0.00,,
map route calculator,,10,"0.33,0.00,0.33,0.00,0.00,0.33,0.66,1.00,1.00,0.00,0.00,0.00",,1.55,0.14,,
map scale area calculator,,10,"1.00,0.00,0.00,0.00,1.00,1.00,0.00,1.00,0.00,0.00,0.00,0.00",,0.00,0.00,,
map scale calculation example,,10,1.00,,0.00,0.00,,
map scale calculator area,,10,"1.00,1.00,1.00,1.00,1.00,0.00,1.00,0.00,0.00,0.00,0.00,0.00",,0.00,0.00,,
map score percentile calculator 2022,,10,"0.00,0.00,0.00,1.00,1.00,0.00,1.00,1.00,0.00,1.00,0.00,0.00",,0.00,0.00,,
map square meter calculator,,10,"1.00,0.00,0.00,1.00,1.00,1.00,0.00,0.00,1.00,1.00,0.00,1.00",,0.00,0.29,,
map steps calculator,,10,"0.00,0.00,0.00,0.00,0.00,0.00,0.00,1.00,1.00,1.00,1.00,1.00",,0.00,0.04,,
map test score calculator,,10,"0.00,0.00,0.00,0.00,0.00,0.00,0.25,1.00,0.50,0.50,0.50,0.50",,0.00,0.00,,
map testing calculator,,10,"0.00,0.00,0.00,0.00,0.00,0.00,0.00,1.00,1.00,1.00,1.00,1.00",,0.00,0.01,,
map tile calculator,,10,"1.00,1.00,0.00,1.00,0.00,1.00,1.00,1.00,1.00,0.00,0.00,1.00",,0.00,0.00,,
map time distance calculator,,10,"0.00,0.00,0.00,0.00,1.00,1.00,1.00,1.00,1.00,1.00,1.00,1.00",,0.00,0.00,,
map unit calculation,,10,"1.00,0.50,0.00,0.50,0.00,0.00,0.00,1.00,0.00,0.00,0.00,0.00",,0.00,0.00,,
map units calculator,,10,"0.00,1.00,1.00,1.00,1.00,1.00,1.00,1.00,1.00,0.00,0.00,0.00",,0.00,0.00,,
map walking distance calculator,,10,"0.00,0.00,0.00,0.49,0.00,0.00,1.00,0.00,0.00,0.00,0.00,0.00",,0.74,0.06,,
map.calculator bp,,10,"1.00,0.00",,0.00,0.00,,
mapa astral calculadora,,10,"0.00,1.00,1.00,1.00,1.00,0.00,0.00,0.00,1.00,1.00,1.00,1.00",,0.00,0.00,,
mapa calcular distancia,,10,"1.00,1.00,1.00,1.00,1.00,1.00,1.00,1.00,0.00,0.00,0.00,0.00",,0.00,0.00,,
mapa conceptual de calculo diferencial,,10,"1.00,0.00,0.00,0.00,0.00,0.00,0.00,0.00,0.00,0.00,1.00,1.00",,0.00,0.00,,
mapa mental de hoja de cálculo,,10,"1.00,0.00,0.00,0.00,0.00,0.00,0.00,1.00,0.00,0.00,0.00,1.00",,0.00,0.00,,
mape calculation in python,,10,"1.00,0.00,0.00,1.00,0.00,1.00,1.00,0.00,0.00,0.00,1.00,0.00",,0.00,0.00,,
mape excel calculation,,10,"0.00,1.00,0.00,0.55,0.00,0.00,0.00,0.00,0.00,0.00,0.00,0.00",,0.00,0.00,,
mapquest mileage calculator google maps,,10,"0.00,0.00,0.50,0.00,0.50,1.00,1.00,1.00,1.00,1.00,1.00,1.00",,0.00,0.02,,
maps api pricing calculator,,10,"1.00,0.00,1.00,0.00,0.00,0.00,0.00,0.00,0.00,0.00,1.00,1.00",,0.00,0.43,,
maps driving distance calculator,,10,"0.00,0.00,0.00,0.00,0.00,0.14,0.00,0.00,0.00,0.00,1.00,0.00",,0.00,0.00,,
maps macro calculator free,,10,"0.50,1.00",,0.87,0.32,,
maps radius calculator,,10,"0.00,0.00,0.00,0.00,0.67,0.00,0.33,1.00,0.67,0.33,0.67,0.00",,0.00,0.00,,
maps scale calculator,,10,"0.00,0.00,0.00,0.00,1.00,0.00,0.00,0.00,0.00,0.00,0.00,0.00",,0.00,0.00,,
maps sq ft calculator,,10,"0.00,0.00,0.00,0.00,0.00,0.00,1.00,1.00,1.00,1.00,1.00,1.00",,0.00,0.08,,
maps square footage calculator,,10,"0.00,0.00,0.00,0.50,1.00",,0.00,0.01,,
maps square meter calculator,,10,"0.00,0.00,0.00,0.00,0.00,0.00,1.00,1.00,0.00,1.00,1.00,0.00",,0.00,0.00,,
maps.randmcnally.com/mileage calculator,,10,"1.00,1.00,1.00,1.00,1.00,1.00,0.00,0.00,0.00,0.00,0.00,0.00",,0.00,0.00,,
matrix map calculator,,10,"0.00,0.00,0.00,0.00,1.00,1.00,1.00,1.00,0.00,0.00,0.00,0.00",,0.00,0.00,,
matrix mapping calculator,,10,"1.00,1.00,1.00,0.00,1.00,1.00,1.00,0.00,0.00,0.00,0.00,0.00",,0.00,0.00,,
mileage calculator maps,,10,"0.00,0.00,0.00,1.00,0.00,0.00,0.00,0.00,0.00,0.00,0.00,0.00",,0.93,0.02,,
mileage calculator using google maps,,10,"1.00,0.00,0.00,0.00,1.00,1.00,0.00,0.00,1.00,1.00,1.00,0.00",,0.00,0.00,,
minecraft calculator map download,,10,"0.00,0.00,1.00,0.25,0.00,0.50,0.25,0.25,0.00,0.00,0.50,0.50",,0.00,0.00,,
mit living wage calculator map,,10,"1.00,0.00,1.00,0.00,1.00,0.00,1.00,0.00,1.00,0.00,1.00,1.00",,0.00,0.00,,
moonrise calculator map,,10,"0.00,0.00,1.00,0.00,1.00,0.00,0.00,0.00,0.00,0.00,1.00,1.00",,0.00,0.00,,
motion map calculator,,10,"1.00,1.00,1.00,1.00,0.00,1.00,0.00,0.00,0.00,0.00,0.00,1.00",,0.00,0.00,,
muke calculator map,,10,"1.00,0.00",,0.00,0.00,,
natal map calculator,,10,"0.00,1.00,0.00,1.00,0.00,0.00,0.00,0.00,1.00,0.00,0.00,0.00",,0.00,0.00,,
nautical mile calculator google maps,,10,"0.00,0.00,0.00,0.00,1.00,1.00,1.00,1.00,1.00,1.00,1.00,1.00",,0.00,0.04,,
nautical mile distance calculator map,,10,"0.00,1.00,0.00,1.00,0.00,1.00,0.00,0.00,0.00,0.00,0.00,0.00",,0.00,0.00,,
nautical miles distance calculator map,,10,"0.00,1.00,1.00,1.00,0.00,0.00,0.00,0.00,0.00,1.00,0.00,1.00",,0.00,0.00,,
nuclear bomb blast radius map calculator,,10,"0.00,1.00,0.00,1.00,0.00,1.00,0.00,0.00,0.00,0.00,1.00,1.00",,0.00,0.00,,
nuclear bomb radius calculator map,,10,"1.00,0.00,0.00,0.00",,0.00,0.00,,
online bp map calculator,,10,"1.00,0.00,0.00,0.00,0.00,1.00,1.00,0.00,1.00,1.00,1.00,0.00",,0.00,0.00,,
online distance calculator google maps,,10,"0.00,0.00,1.00,1.00,1.00,1.00,1.00,1.00,0.00,0.00,1.00,0.00",,0.00,0.00,,
pfas calculator map,,10,"0.00,0.00,0.00,0.00,0.00,0.00,0.00,0.66,0.66,0.66,0.66,1.00",,0.00,0.02,,
plasmid mapping calculator,,10,"1.00,1.00,0.00,1.00,0.00,1.00,1.00,0.00,0.00,0.00,0.00,0.00",,0.00,0.00,,
presidential map calculator,,10,"0.50,1.00,0.00,0.00,0.00,0.00,1.00,0.00,0.00,1.00,0.00,0.00",,0.00,0.00,,
pubg map distance calculator,,10,"1.00,0.00,1.00,1.00,1.00,0.00,1.00,1.00,1.00,1.00,0.00,0.00",,0.00,0.00,,
radius calculator circle map,,10,"1.00,1.00,1.00,1.00,1.00,1.00,1.00,0.00,0.00,1.00,0.00,0.00",,0.00,0.00,,
react native maps calculate distance,,10,"1.00,0.00,0.00,0.00,1.00,1.00,0.00,1.00,1.00,0.00,1.00,1.00",,0.00,0.00,,
representative fraction map scale calculator,,10,"1.00,0.00,0.00,1.00,1.00,1.00,0.00,1.00,0.00,0.00,0.00,1.00",,0.00,0.00,,
restriction map calculator,,10,"1.00,1.00,0.00,1.00,1.00,1.00,1.00,1.00,0.00,0.00,1.00,0.00",,0.00,0.00,,
restriction mapping calculator,,10,"1.00,1.00,1.00,1.00,1.00,1.00,1.00,0.00,0.00,0.00,0.00,1.00",,0.00,0.00,,
road map distance calculator sri lanka,,10,"1.00,1.00,1.00,1.00,0.00,1.00,0.00,0.00,0.00,1.00,1.00,1.00",,0.00,0.00,,
road map of tamilnadu with distance calculator,,10,"0.00,1.00,0.00,0.00,0.00,1.00,0.00,1.00,0.00,1.00,0.00,0.00",,0.00,0.00,,
roof area calculator using google maps,,10,"0.00,0.00,0.00,1.00,0.00,0.00,1.00,0.00,0.00,0.00,0.00,1.00",,0.00,0.50,,
roof size calculator map,,10,"1.00,0.00,0.00,1.00,0.00,0.00,1.00,0.00,1.00,1.00,1.00,0.00",,0.00,0.00,,
route distance calculator google maps,,10,"0.00,0.00,0.00,0.00,1.00,0.00,0.00,0.00,0.00,1.00,0.00,1.00",,0.00,0.00,,
route map calculator,,10,"0.00,0.00,0.00,0.00,0.00,0.33,0.66,1.00,1.00,0.00,0.00,0.00",,1.55,0.14,,
run distance calculator using google maps,,10,"0.00,0.00,1.00,1.00,1.00,1.00,0.00,1.00,0.00,0.00,0.00,0.00",,0.00,0.00,,
running distance calculator using google maps,,10,"0.00,0.00,1.00,1.00,1.00,1.00,0.00,1.00,0.00,0.00,0.00,0.00",,0.00,0.00,,
running map distance calculator australia,,10,"0.00,1.00,1.00,1.00,1.00,1.00,1.00,1.00,0.00,0.00,0.00,0.00",,0.00,0.00,,
running map distance calculator google,,10,"0.00,0.00,1.00,0.00,1.00,1.00,0.00,0.00,0.00,0.00,0.00,0.00",,0.00,0.00,,
satellite angle calculator with google maps,,10,"0.00,1.00,1.00,0.00,1.00,1.00,1.00,1.00,0.00,0.00,0.00,1.00",,0.00,0.00,,
scale of map calculator,,10,"1.00,1.00,1.00,1.00,0.00,0.00,1.00,1.00,1.00,0.00,1.00,0.00",,0.00,0.00,,
scribble maps distance calculator,,10,"0.00,0.00,0.00,1.00,0.00,0.00,1.00,1.00,0.00,0.00,1.00,1.00",,0.00,0.00,,
shade calculator map,,10,"0.00,0.00,0.00,0.00,0.00,0.00,0.00,0.00,1.00,1.00,1.00,1.00",,0.00,0.00,,
shadow calculator google maps,,10,"1.00,0.00,0.00,1.00,1.00,1.00,0.00,1.00,1.00,0.00,0.00,1.00",,0.00,0.00,,
shadow map calculator,,10,"0.00,0.00,0.00,0.00,0.00,0.00,0.00,1.00,1.00,1.00,1.00,1.00",,0.00,0.00,,
shortest distance calculator map,,10,"0.00,0.00,0.00,0.00,1.00,1.00,1.00,1.00,1.00,1.00,1.00,1.00",,0.00,0.00,,
simplify boolean expression using k-map calculator,,10,"1.00,1.00,0.00,1.00,1.00,0.00,0.00,0.00,0.00,0.00,0.00,0.00",,0.00,0.00,,
simplify boolean function using k map calculator,,10,"1.00,0.00,1.00,1.00,0.00,1.00,0.00,1.00,0.00,0.00,0.00,0.00",,0.00,0.00,,
simplify using k map calculator,,10,"1.00,1.00,1.00,1.00,1.00,1.00,0.00,0.00,0.00,0.00,0.00,0.00",,0.00,0.00,,
solar calculator google maps,,10,"1.00,1.00,1.00,1.00,1.00,1.00,1.00,0.00,0.00,0.00,0.00,1.00",,0.00,0.22,,
solar energy calculator map,,10,"1.00,1.00,1.00,1.00,1.00,1.00,1.00,0.00,1.00,0.00,0.00,0.00",,0.00,0.00,,
solar map calculator,,10,"0.00,0.14,0.00,0.00,0.28,0.00,0.00,0.28,0.00,0.00,1.00,0.00",,2.98,0.46,,
sop karnaugh map calculator,,10,"1.00,0.00,1.00,1.00,0.00,1.00,0.00,1.00,0.00,0.00,0.00,0.00",,0.00,0.00,,
sq footage map calculator,,10,"1.00,1.00,1.00,0.00,0.00",,0.00,0.00,,
squad mortar calculator map,,10,"1.00,1.00,1.00,0.00,0.00,0.00,0.00,0.00,0.00,1.00,1.00,0.00",,0.00,0.00,,
square feet area calculator map,,10,"0.00,1.00,0.00,0.00,1.00,1.00,1.00,1.00,1.00,1.00,1.00,0.00",,0.00,0.00,,
square feet calculator google maps,,10,"0.00,0.00,0.00,0.00,0.00,0.00,0.00,0.00,1.00,0.00,0.00,0.00",,0.41,0.02,,
square footage calculator on map,,10,"0.00,0.00,0.00,0.00,0.00,0.00,1.00,1.00,1.00,1.00,1.00,1.00",,0.00,0.00,,
square meter calculator google maps,,10,"0.00,1.00,0.00,1.00,0.00,1.00,0.00,0.00,0.00,1.00,1.00,1.00",,0.00,0.00,,
square meter calculator map,,10,"1.00,0.00,0.00,0.00,1.00,0.00,1.00,0.00,0.00,0.00,0.00,1.00",,0.00,0.14,,
sun angle calculator google maps,,10,"1.00,1.00,1.00,0.00,1.00,0.00,1.00,1.00,1.00,0.00,0.00,0.00",,0.00,0.00,,
sun path calculator google maps,,10,"0.00,0.00,1.00,1.00,1.00,1.00,1.00,1.00,1.00,0.00,0.00,1.00",,0.00,0.00,,
surface calculator google maps,,10,"1.00,0.00,0.00,1.00,0.00,0.00,0.00,0.00,0.00,0.00,0.00,1.00",,0.00,0.00,,
tamil nadu road map with distance calculator,,10,"0.00,1.00,0.00,0.00,0.00,1.00,0.00,1.00,0.00,1.00,0.00,0.00",,0.00,0.00,,
tesla map calculating,,10,"1.00,1.00,1.00,0.00,0.00,1.00,0.00,0.00,0.00,0.00,0.00,0.00",,0.00,0.00,,
topo map distance calculator,,10,"1.00,0.00,1.00,1.00,1.00,1.00,0.00,0.00,1.00,0.00,1.00,0.00",,0.00,0.00,,
traffic calculator map,,10,"0.00,0.00,0.00,0.00,0.00,0.00,1.00,1.00,1.00,1.00,1.00,1.00",,0.00,0.00,,
trail distance calculator map,,10,"1.00,0.00,0.00,1.00,0.00,0.00,1.00,0.00,1.00,0.00,0.00,0.00",,0.00,0.00,,
travel time calculator google maps app,,10,"1.00,0.00,0.00,0.00,0.00,1.00,1.00,1.00,0.00,1.00,0.00,0.00",,0.00,0.00,,
trip cost calculator google maps,,10,"1.00,0.00,0.00,0.00,1.00,0.00,0.00,0.00,0.00,1.00,0.00,0.00",,0.00,0.00,,
tube map calculator,,10,"0.00,0.00,0.00,0.00,1.00,0.00,0.00,0.00,1.00,0.00,1.00,0.00",,0.00,0.00,,
ubiquiti map calculator,,10,"0.00,0.00,1.00,0.00,1.00,1.00,0.00,0.00,0.00,0.00,0.00,0.00",,0.00,0.00,,
volume calculation from contour map,,10,"1.00,0.00,1.00,0.00,1.00,1.00,1.00,0.00,0.00,1.00,0.00,0.00",,0.00,0.00,,
walk distance calculator map,,10,"0.22,0.22,0.22,0.74,1.00,0.00,0.22,1.00,0.00,0.00,0.00,0.48",,0.74,0.06,,
walking distance calculator google maps,,10,"0.00,0.00,0.00,0.12,0.58,0.00,0.00,0.00,0.00,0.00,0.00,1.00",,0.62,0.01,,
walking map calculator,,10,"0.20,0.00,0.00,0.47,0.00,1.00,0.73,0.00,0.47,0.00,0.20,0.00",,0.82,0.12,,
what drop map calculator does clix use fortnite,,10,"1.00,0.00",,0.00,0.00,,
world map radius calculator,,10,"0.20,0.20,1.00,0.40,0.20,0.20,0.20,0.20,0.40,0.40,0.40,0.00",,0.00,0.00,,
wsdot travel time calculator map,,10,"0.00,0.00,0.00,0.00,0.00,0.00,0.00,1.00,0.22,0.22,0.22,0.22",,0.00,0.00,,
www google maps distance calculator,,10,"0.00,0.00,1.00,0.00,1.00,1.00,0.00,0.00,0.00,0.00,0.00,1.00",,0.00,0.14,,
yahoo maps distance calculator,,10,"0.00,1.00,0.00,0.00,0.00,1.00,1.00,0.00,0.00,0.00,0.00,0.00",,0.00,0.00,,
yard calculator map,,10,"0.00,0.00,0.00,0.00,0.00,0.00,1.00,1.00,1.00,1.00,1.00,1.00",,0.00,0.00,,
yolo map calculation,,10,"1.00,0.00,0.00,0.00,0.00,1.00,0.00,1.00,0.00,0.00,0.00,0.00",,0.00,0.00,,
zap map calculator,,10,"1.00,0.00,1.00,1.00,0.00,1.00,0.00,0.00,0.00,0.00,1.00,1.00",,0.00,0.00,,
10000 square feet around a house map calculator,,0,"0.00,0.00,0.00,0.00,0.00,0.00,0.00,0.00,0.00,0.00,0.00,0.00",,0.00,0.00,,
116 65 map calculator,,0,"0.00,0.00,0.00,0.00,0.00,0.00,0.00,0.00,0.00,0.00,0.00,0.00",,0.00,0.00,,
120 60 bp map calculator,,0,"0.00,0.00,0.00,0.00,0.00,0.00,0.00,0.00,0.00,0.00,0.00,0.00",,0.00,0.00,,
15 minute map longitude increaes calculator,,0,"0.00,0.00,0.00,0.00,0.00,0.00,0.00,0.00,0.00,0.00,0.00,0.00",,0.00,0.00,,
150 air mile radius map calculator,,0,"0.00,0.00,0.00,0.00,0.00,0.00,0.00,0.00,0.00,0.00,0.00,0.00",,0.00,0.00,,
1979 eclipse map calculator,,0,"0.00,0.00,0.00,0.00,0.00,0.00,0.00,0.00,0.00,0.00,0.00,0.00",,0.00,0.00,,
2 how do you calculate map,,0,"0.00,0.00,0.00,0.00,0.00,0.00,0.00,0.00,0.00,0.00,0.00,0.00",,0.00,0.00,,
2 input function contour map calculator,,0,"0.00,0.00,0.00,0.00,0.00,0.00,0.00,0.00,0.00,0.00,0.00,0.00",,0.00,0.00,,
2008 electoral map calculator,,0,"0.00,0.00,0.00,0.00,0.00,0.00,0.00,0.00,0.00,0.00,0.00,0.00",,0.00,0.00,,
2012 election map blank calculator,,0,"0.00,0.00,0.00,0.00,0.00,0.00,0.00,0.00,0.00,0.00,0.00,0.00",,0.00,0.00,,
2016 electoral map calculator,,0,"0.00,0.00,0.00,0.00,0.00,0.00,0.00,0.00,0.00,0.00,0.00,0.00",,0.00,0.00,,
2020 election map calculator,,0,"0.00,0.00,0.00,0.00,0.00,0.00,0.00,0.00,0.00,0.00,0.00,0.00",,0.00,0.00,,
2020 electoral map calculator,,0,"0.00,0.00,0.00,0.00,0.00,0.00,0.00,0.00,0.00,0.00,0.00,0.00",,0.00,0.00,,
2024 electoral map calculator,,0,"0.00,1.00,0.00,0.00,0.00,0.00,0.00,0.00,0.00,0.00,0.00,0.00",,0.00,0.00,,
25 year storm calculation map,,0,"0.00,0.00,0.00,0.00,0.00,0.00,0.00,0.00,0.00,0.00,0.00,0.00",,0.00,0.00,,
3 point gene mapping calculation example,,0,"0.00,0.00,0.00,0.00,0.00,0.00,0.00,0.00,0.00,0.00,0.00,0.00",,0.00,0.00,,
3 variable k-map calculator,,0,"0.00,0.00,0.00,0.00,0.00,0.00,0.00,0.00,0.00,0.00,0.00,0.00",,0.00,0.00,,
3 variable karnaugh map calculator,,0,"0.00,0.00,0.00,0.00,0.00,0.00,0.00,0.00,0.00,0.00,0.00,0.00",,0.00,0.00,,
3planeta google maps area calculator,,0,"0.00,0.00,0.00,0.00,0.00,0.00,0.00,0.00,0.00,0.00,0.00,0.00",,0.00,0.00,,
4 input 4 output k map calculator,,0,"0.00,0.00,0.00,0.00,0.00,0.00,0.00,0.00,0.00,0.00,0.00,0.00",,0.00,0.00,,
4x4 karnaugh map calculator,,0,"0.00,0.00,0.00,0.00,0.00,0.00,0.00,0.00,0.00,0.00,0.00,0.00",,0.00,0.00,,
5 gps with lifetime map updates and speeds calculator,,0,"0.00,0.00,0.00,0.00,0.00,0.00,0.00,0.00,0.00,0.00,0.00,0.00",,0.00,0.00,,
5 input karnaugh map calculator,,0,"0.00,0.00,0.00,0.00,0.00,0.00,0.00,0.00,0.00,0.00,0.00,0.00",,0.00,0.00,,
5 variable k map calculator online,,0,"0.00,0.00,0.00,0.00,0.00,0.00,0.00,0.00,0.00,0.00,0.00,0.00",,0.00,0.00,,
5 variable karnaugh map calculator online,,0,"0.00,0.00,0.00,0.00,0.00,0.00,0.00,0.00,0.00,0.00,0.00,0.00",,0.00,0.00,,
50 mile radius calculator map,,0,"1.00,0.00,0.00,0.00,0.00,0.00",,0.00,0.00,,
500 miles map calculator,,0,"0.00,0.00,0.00,0.00,0.00,0.00,0.00,0.00,0.00,0.00,0.00,0.00",,0.00,0.00,,
6 input k map calculator,,0,"0.00,0.00,0.00,0.00,0.00,0.00,0.00,0.00,0.00,0.00,0.00,0.00",,0.00,0.00,,
70752 feet to meters map calculator,,0,"0.00,0.00,0.00,0.00,0.00,0.00,0.00,0.00,0.00,0.00,0.00,0.00",,0.00,0.00,,
93 50 bp map calculator,,0,"0.00,0.00,0.00,0.00,0.00,0.00,0.00,0.00,0.00,0.00,0.00,0.00",,0.00,0.00,,
a linkage map is calculated based on,,0,"0.00,0.00,0.00,0.00,0.00,0.00,0.00,0.00,0.00,0.00,0.00,0.00",,0.00,0.00,,
a que velocidad calcula google maps a pie,,0,"0.00,0.00,0.00,0.00,0.00,0.00,0.00,0.00,0.00,0.00,0.00,0.00",,0.00,0.00,,
a que velocidad calcula google maps las distancias,,0,"0.00,0.00,0.00,1.00,0.00,0.00,0.00,0.00,0.00,0.00,0.00,0.00",,0.00,0.00,,
a triangle draw on a map calculator,,0,"0.00,0.00,0.00,0.00,0.00,0.00,0.00,0.00,0.00,0.00,0.00,0.00",,0.00,0.00,,
aa distance calculator google maps,,0,"0.00,0.00,0.00,0.00,0.00,0.00,0.00,0.00,0.00,0.00,0.00,0.00",,0.00,0.00,,
aa maps distance calculator,,0,"0.00,0.00,0.00,0.00,0.00,0.00,0.00,0.00,0.00,0.00,0.00,0.00",,0.00,0.00,,
aa maps distance calculator uk,,0,"0.00,0.00,0.00,0.00,0.00,0.00,0.00,0.00,0.00,0.00,0.00,0.00",,0.00,0.00,,
aa maps petrol calculator,,0,"0.00,0.00,0.00,0.00,0.00,0.00,0.00,0.00,0.00,0.00,0.00,0.00",,0.00,0.00,,
aa road map calculator,,0,"0.00,0.00,0.00,0.00,0.00,0.00,0.00,0.00,0.00,0.00,0.00,0.00",,0.00,0.00,,
aa route map mileage calculator,,0,"0.00,0.00,0.00,0.00,0.00,0.00,0.00,0.00,0.00,0.00,0.00,0.00",,0.00,0.00,,
abeir toril map distance calculator,,0,"0.00,0.00,0.00,0.00,0.00,0.00,0.00,0.00,0.00,0.00,0.00,0.00",,0.00,0.00,,
accessing the field calculator on arcgis map,,0,"0.00,0.00,0.00,0.00,0.00,0.00,0.00,0.00,0.00,0.00,0.00,0.00",,0.00,0.00,,
acerage calculator map,,0,"0.00,0.00,0.00,0.00,0.00,0.00,0.00,0.00",,0.00,0.00,,
acrage calculator map,,0,"0.00,0.00,0.00,0.00,0.00,0.00,0.00,0.00,0.00,0.00,0.00,0.00",,0.00,0.00,,
acre area calculator map,,0,"0.00,0.00,0.00,0.00,0.00,0.00,0.00,0.00,0.00,0.00,0.00,0.00",,0.00,0.00,,
acre calculator map google,,0,"0.00,0.00,0.00,0.00,0.00,0.00,0.00,0.00,0.00,0.00,0.00,0.00",,0.00,0.00,,
acre calculator using google maps,,0,"0.00,0.00,0.00,0.00,0.00,0.00,0.00,0.00,0.00,0.00,0.00,0.00",,0.00,0.00,,
acreage calculator by map,,0,"0.00,0.00,0.00,0.00,0.00,0.00,0.00,0.00,0.00,0.00,0.00,0.00",,0.00,0.00,,
acreage calculator free map tools,,0,"0.00,0.00,0.00,0.00,0.00,0.00,0.00,0.00,0.00,0.00,0.00,0.00",,0.00,0.00,,
acreage calculator map google,,0,"0.00,0.00,0.00,0.00,0.00,0.00,0.00,0.00,0.00,0.00,0.00,0.00",,0.40,0.03,,
acreage calculator maps,,0,"0.00,0.00,0.00,0.00,0.00,0.00,0.00,0.00,0.00,0.00,0.00,0.00",,0.00,0.00,,
acreage calculator using maps,,0,"0.00,0.00,0.00,0.00,0.00,0.00,0.00,0.00,0.00,0.00,0.00,0.00",,0.00,0.00,,
acreage calculator with google maps,,0,"0.00,0.00,0.00,0.00,0.00,0.00,0.00,0.00,0.00,0.00,0.00,0.00",,0.00,0.00,,
acrege calculator map,,0,"0.00,0.00,0.00,0.00,0.00,0.00,0.00,0.00,0.00,0.00,0.00,0.00",,0.00,0.00,,
add field to database that calculates mileage using google maps,,0,"0.00,0.00,0.00,0.00,0.00,0.00,0.00,0.00,0.00,0.00,0.00,0.00",,0.00,0.00,,
add sum calculation to labels tableau map,,0,"0.00,0.00,0.00,0.00,0.00,0.00,0.00,0.00,0.00,0.00,0.00,0.00",,0.00,0.00,,
address map calculator,,0,"0.00,0.00,0.00,0.00,0.00,0.00,0.00,0.00,0.00,0.00,0.00,0.00",,0.00,0.00,,
advanced google distance map calculator,,0,"0.00,0.00,0.00,0.00,0.00,0.00,0.00,0.00,0.00,0.00,0.00,0.00",,0.00,0.00,,
aerial map calculator,,0,"1.00,0.00,0.00,0.00,0.00,0.00,0.00,0.00",,0.00,0.00,,
aerial maps distance calculator,,0,"0.00,0.00,0.00,0.00,0.00,0.00,0.00,0.00,0.00,0.00,0.00,0.00",,0.00,0.00,,
affine map calculator,,0,"0.00,0.00,0.00,0.00,0.00,0.00,0.00,0.00,0.00,0.00,0.00,0.00",,0.00,0.00,,
afr map calculator,,0,"0.00,0.00,0.00,0.00,0.00,0.00,0.00,0.00,0.00,0.00,0.00,0.00",,0.00,0.00,,
aggregate mape calculation,,0,"0.00,0.00,0.00,0.00,0.00,0.00,0.00,0.00,0.00,0.00,0.00,0.00",,0.00,0.00,,
air distance calculator between to locations on a map,,0,"0.00,0.00,0.00,0.00,0.00,0.00,0.00,0.00,0.00,0.00,0.00,0.00",,0.00,0.00,,
air distance calculator google map philippines,,0,"0.00,0.00,0.00,0.00,0.00,0.00,0.00,0.00,0.00,0.00,0.00,0.00",,0.00,0.00,,
air distance map calculator,,0,"0.00,0.00,0.00,0.00,0.00,0.00,0.00,0.00,0.00,0.00,0.00,0.00",,0.00,0.00,,
air distance range calculator google map,,0,"0.00,0.00,0.00,0.00,0.00,0.00,0.00,0.00,0.00,0.00,0.00,0.00",,0.00,0.00,,
air milage calculator google map,,0,"0.00,0.00,0.00,0.00,0.00,0.00,0.00,0.00,0.00,0.00,0.00,0.00",,0.00,0.00,,
air mile calculator google maps,,0,"0.00,0.00,0.00,0.00,0.00,0.00,0.00,0.00",,0.00,0.00,,
air mileage calculator maps,,0,"0.00,0.00,0.00,0.00,0.00,0.00,0.00,0.00,0.00,0.00,0.00,0.00",,0.00,0.00,,
air miles calculator trucking map,,0,"0.00,0.00,0.00,0.00,0.00,0.00,0.00,0.00,0.00,0.00,0.00,0.00",,0.00,0.00,,
air miles calculator zone map,,0,"0.00,0.00,0.00,0.00,0.00,0.00,0.00,0.00,0.00,0.00,0.00,0.00",,0.00,0.00,,
air miles map calculator,,0,"0.00,0.00,0.00,0.33,0.00,0.00,0.00,0.00,0.00,0.00,1.00,0.00",,0.00,0.00,,
air miles travel calculator or zone map,,0,"0.00,0.00,0.00,0.00,0.00,0.00,0.00,0.00,0.00,0.00,0.00,0.00",,0.00,0.00,,
air miles travel calculator zone map,,0,"0.00,0.00,1.00,0.00,0.00,0.00,1.00,0.00,0.00,0.00,0.00,0.00",,0.00,0.00,,
air miles travel calculator zone map alberta,,0,"0.00,0.00,0.00,0.00,0.00,0.00,0.00,0.00,0.00,0.00,0.00,0.00",,0.00,0.00,,
aircraft cost calculator acc range map,,0,"0.00,0.00,0.00,0.00,0.00,0.00,0.00,0.00,0.00,0.00,0.00,0.00",,0.00,0.00,,
aircraft cost calculator acc range map dassult 7x,,0,"0.00,0.00,0.00,0.00,0.00,0.00,0.00,0.00,0.00,0.00,0.00,0.00",,0.00,0.00,,
airmiles travel calculator or zone map,,0,"0.00,0.00,0.00,0.00,0.00,0.00,0.00,0.00,0.00,0.00,0.00,0.00",,0.00,0.00,,
airmiles travel calculator zone map,,0,"0.00,0.00,0.00,0.00,0.00,0.00,0.00,0.00,0.00,0.00,0.00,0.00",,0.00,0.00,,
airmiles travel calculator zone map ontario,,0,"0.00,0.00,0.00,0.00,0.00,0.00,0.00,0.00,0.00,0.00,0.00,0.00",,0.00,0.00,,
alameda county drainage area map and calculations,,0,"0.00,0.00,0.00,0.00,0.00,0.00,0.00,0.00,0.00,0.00,0.00,0.00",,0.00,0.00,,
alfheim online map calculated size,,0,"0.00,0.00,0.00,0.00,0.00,0.00,0.00,0.00,0.00,0.00,0.00,0.00",,0.00,0.00,,
alfheim online map calculated size sao,,0,"0.00,0.00,0.00,0.00,0.00,0.00,0.00,0.00,0.00,0.00,0.00,0.00",,0.00,0.00,,
allintitle:fuel consumption calculator google maps,,0,"0.00,0.00,0.00,0.00,0.00,0.00,0.00,0.00,0.00,0.00,0.00,0.00",,0.00,0.00,,
amateur radio great circle map calculator,,0,"0.00,0.00,0.00,0.00,0.00,0.00,0.00,0.00,0.00,0.00,0.00,0.00",,0.00,0.00,,
american flag map calculator,,0,"0.00,0.00,0.00,0.00,0.00,0.00,0.00,0.00,0.00,0.00,0.00,0.00",,0.00,0.00,,
andhra pradesh road map distance calculator,,0,"0.00,0.00,0.00,0.00,0.00,0.00,0.00,0.00,0.00,0.00,0.00,0.00",,0.00,0.00,,
android calculate map distance between points,,0,"0.00,0.00,0.00,0.00,0.00,0.00,0.00,0.00,0.00,0.00,0.00,0.00",,0.00,0.00,,
android google maps calculate area,,0,"0.00,0.00,0.00,0.00,0.00,0.00,0.00,0.00,0.00,0.00,0.00,0.00",,0.00,0.00,,
android google maps calculate zoom level,,0,"0.00,0.00,0.00,0.00,0.00,0.00,0.00,0.00,0.00,0.00,0.00,0.00",,0.00,0.00,,
android google maps distance calculator,,0,"0.00,0.00,0.00,0.00,0.00,0.00,0.00,0.00,0.00,0.00,0.00,0.00",,0.00,0.00,,
android maps calculate distance with list of points,,0,"0.00,0.00,0.00,0.00,0.00,0.00,0.00,0.00,0.00,0.00,0.00,0.00",,0.00,0.00,,
android maps show total trip mileage calculator,,0,"0.00,0.00,0.00,0.00,0.00,0.00,0.00,0.00,0.00,0.00,0.00,0.00",,0.00,0.00,,
angle between two points on a map calculator,,0,"0.00,0.00,0.00,0.00,0.00,0.00,0.00,0.00,0.00,0.00,0.00,0.00",,0.00,0.00,,
angle calculator map,,0,"0.00,0.00,0.00,0.00,0.00,0.00,0.00,0.00,0.00,0.00,0.00,0.00",,0.00,0.00,,
angle distance map calculations,,0,"0.00,0.00,0.00,0.00,0.00,0.00,0.00,0.00,0.00,0.00,0.00,0.00",,0.00,0.00,,
angle distance map calculations polar,,0,"0.00,0.00,0.00,0.00,0.00,0.00,0.00,0.00,0.00,0.00,0.00,0.00",,0.00,0.00,,
anglebetween two points on a map calculator,,0,"0.00,0.00,0.00,0.00,0.00,0.00,0.00,0.00,0.00,0.00,0.00,0.00",,0.00,0.00,,
antenna coverage map calculator,,0,"0.00,0.00,0.00,0.00,0.00,0.00,0.00,0.00,0.00,0.00,0.00,0.00",,0.00,0.00,,
antenna height calculator map,,0,"0.00,0.00,0.00,0.00,0.00,0.00,0.00,0.00,0.00,0.00,0.00,0.00",,0.00,0.00,,
api de google maps para calcular distancias,,0,"0.00,0.00,0.00,0.00,0.00,0.00,1.00,0.00,0.00,0.00,0.00,0.00",,0.00,0.00,,
api google maps calculate distance,,0,"0.00,0.00,0.00,0.00,0.00,0.00,0.00,0.00,0.00,0.00,0.00,0.00",,0.00,0.00,,
api google maps distance calculator,,0,"0.00,0.00,0.00,0.00,0.00,0.00,0.00,0.00,0.00,0.00,0.00,0.00",,0.00,0.00,,
app to calculate distance between two points on map,,0,"0.00,0.00,0.00,0.00,0.00,0.00,0.00,0.00,0.00,0.00,0.00,0.00",,0.00,0.00,,
appalachian trail map calculator,,0,"0.00,0.00,0.00,0.00,0.00,0.00,0.00,0.00,0.00,0.00,0.00,0.00",,0.00,0.00,,
apple maps calculate distance,,0,"0.00,0.00,0.00,0.00,0.00,0.00,0.00,0.00,0.00,0.00,0.00,0.00",,0.00,0.00,,
apple maps toll calculator,,0,"0.00,0.00,0.00,0.00,0.00,0.00,0.00,0.00,0.00,0.00,0.00,0.00",,0.00,0.00,,
applied surface geological mapping calculating true stratographic thickness,,0,"0.00,0.00,0.00,0.00,0.00,0.00,0.00,0.00,0.00,0.00,0.00,0.00",,0.00,0.00,,
arc map calculating elevation of polyline features using dem,,0,"0.00,0.00,0.00,0.00,0.00,0.00,0.00,0.00,0.00,0.00,0.00,0.00",,0.00,0.00,,
arc map field calculator text,,0,"0.00,0.00,0.00,0.00,0.00,0.00,0.00,0.00,0.00,0.00,0.00,0.00",,0.00,0.00,,
arcgis field maps calculate field,,0,"0.00,0.00,0.00,0.00,0.00,0.00,0.00,0.00,0.00,0.00,0.00,0.00",,0.00,0.00,,
arcgis field maps calculated expressions,,0,"1.00,0.00,0.00,0.00,0.00,0.00,0.00,0.00,0.00,0.00,0.00,0.00",,0.00,0.00,,
arcgis land cover differences map calculator,,0,"0.00,0.00,0.00,0.00,0.00,0.00,0.00,0.00,0.00,0.00,0.00,0.00",,0.00,0.00,,
arcgis map algebra raster calculator,,0,"0.00,0.00,0.00,0.00,0.00,0.00,0.00,0.00,0.00,0.00,0.00,0.00",,0.00,0.00,,
arches map calculator,,0,"0.00,0.00,0.00,0.00,0.00,0.00,0.00,0.00,0.00,0.00,0.00,0.00",,0.00,0.00,,
arcmap raster calculator exercise example map,,0,"0.00,0.00,0.00,0.00,0.00,0.00,0.00,0.00,0.00,0.00,0.00,0.00",,0.00,0.00,,
arcpro map calculate distance in attribute table,,0,"0.00,0.00,0.00,0.00,0.00,0.00,0.00,0.00,0.00,0.00,0.00,0.00",,0.00,0.00,,
arcpro map how to calculate distance in attribute table,,0,"0.00,0.00,0.00,0.00,0.00,0.00,0.00,0.00,0.00,0.00,0.00,0.00",,0.00,0.00,,
area and distance calculator google maps download,,0,"0.00,0.00,0.00,0.00,0.00,0.00,0.00,0.00,0.00,0.00,0.00,0.00",,0.00,0.00,,
area and distance calculator tool by google maps,,0,"0.00,0.00,0.00,0.00,0.00,0.00,0.00,0.00,0.00,0.00,0.00,0.00",,0.00,0.00,,
area calculation google maps,,0,"0.00,0.00,0.00,0.00,0.00,0.00,0.00,0.00,0.00,0.00,0.00,0.00",,0.40,0.03,,
area calculation tool google maps,,0,"0.00,0.00,0.00,0.00,0.00,0.00,0.00,0.00,0.00,0.00,0.00,0.00",,0.00,0.00,,
area calculator 4 minecraft map,,0,"0.00,0.00,0.00,0.00,0.00,0.00,0.00,0.00,0.00,0.00,0.00,0.00",,0.00,0.00,,
area calculator bing maps,,0,"0.00,0.00,0.00,0.00,0.00,0.00,0.00,0.00,0.00,0.00,0.00,0.00",,0.00,0.00,,
area calculator from google maps,,0,"0.00,0.00,0.00,0.00,0.00,0.00,0.00,0.00,0.00,0.00,0.00,0.00",,0.40,0.03,,
area calculator from map coordinates,,0,"0.00,0.00,0.00,0.00,0.00,0.00,0.00,0.00,0.00,0.00,0.00,0.00",,0.00,0.00,,
area calculator google maps mashup,,0,"0.00,0.00,0.00,0.00,0.00,0.00,0.00,0.00,0.00,0.00,0.00,0.00",,0.00,0.00,,
area calculator in map,,0,"0.00,0.00,0.00,0.00,0.00,0.00,1.00,0.00,0.00,1.00,0.00,0.00",,0.00,0.00,,
area calculator map google,,0,"0.00,0.00,0.00,0.00,0.00,0.00,0.00,0.00,0.00,0.00,0.00,0.00",,0.40,0.03,,
area calculator map using latitude and longitude,,0,"0.00,0.00,0.00,0.00,0.00,0.00,0.00,0.00,0.00,0.00,0.00,0.00",,0.00,0.00,,
area calculator maps google,,0,"0.00,0.00,0.00,0.00,0.00,0.00,0.00,0.00,0.00,0.00,0.00,0.00",,0.40,0.03,,
area calculator on google maps,,0,"0.00,0.00,0.00,0.00,0.00,0.00,0.00,0.00,0.00,0.00,0.00,0.00",,0.40,0.03,,
area calculator tool google maps,,0,"0.00,0.00,0.00,0.00,0.00,0.00,0.00,0.00,0.00,0.00,0.00,0.00",,0.40,0.03,,
area calculator using map,,0,"0.00,0.00,0.00,0.00,0.00,0.00,0.00,0.00,0.00,0.00,0.00,0.00",,0.00,0.00,,
area calculator using maps free map tools,,0,"0.00,0.00,0.00,0.00,0.00,0.00,0.00,0.00,0.00,0.00,0.00,0.00",,0.00,0.00,,
area calculator via google maps,,0,"0.00,0.00,0.00,0.00,0.00,0.00,0.00,0.00,0.00,0.00",,0.00,0.00,,
area calculator with lat and long in google maps api,,0,"0.00,0.00,0.00,0.00,0.00,0.00,0.00,0.00,0.00,0.00,0.00,0.00",,0.00,0.00,,
area calculator with maps,,0,"0.00,0.00,0.00,0.00,0.00,0.00,0.00,0.00,0.00,0.00,0.00,0.00",,0.00,0.00,,
area calculator with maps api,,0,"0.00,0.00,0.00,0.00,0.00,0.00,0.00,0.00,0.00,0.00,0.00,0.00",,0.00,0.00,,
area calculator world map,,0,"0.00,0.00,0.00,0.00,0.00,0.00,0.00,0.00,0.00,0.00,0.00,0.00",,0.00,0.00,,
area google map calculator,,0,"0.00,0.00,0.00,0.00,0.00,0.00,0.00,0.00,0.00,0.00,0.00,0.00",,0.40,0.03,,
area land calculator map google,,0,"0.00,0.00,0.00,0.00,0.00,0.00,0.00,0.00,0.00,0.00,0.00,0.00",,0.00,0.00,,
area land calculator tool google maps,,0,"0.00,0.00,0.00,0.00,0.00,0.00,0.00,0.00,0.00,0.00,0.00,0.00",,0.00,0.00,,
area map calculator daft logic,,0,"0.00,0.00,0.00,0.00,0.00,0.00,0.00,0.00,0.00,0.00,0.00,0.00",,0.00,0.00,,
area map calculator google,,0,"0.00,0.00,0.00,0.00,0.00,0.00,0.00,0.00,0.00,0.00,0.00,0.00",,0.00,0.00,,
area on a map calculator,,0,"0.00,0.00,0.00,0.00,0.00,0.00,0.00,0.00,0.00,0.00,0.00,0.00",,0.00,0.00,,
area radius calculator map,,0,"0.00,0.00,0.00,0.00,0.00,0.00,0.00,0.00,0.00,0.00,0.00,0.00",,0.00,0.00,,
arena calculator google maps,,0,"0.00,0.00,0.00,0.00,0.00,0.00,0.00,0.00,0.00,0.00,0.00,0.00",,0.00,0.00,,
areo brake map calculator ksp,,0,"0.00,0.00,0.00,0.00,0.00,0.00,0.00,0.00,0.00,0.00,0.00,0.00",,0.00,0.00,,
areo brake map calculator mod ksp,,0,"0.00,0.00,0.00,0.00,0.00,0.00,0.00,0.00,0.00,0.00,0.00,0.00",,0.00,0.00,,
array.map density calculation,,0,"0.00,0.00,0.00,0.00,0.00,0.00,0.00,0.00,0.00,0.00,0.00,0.00",,0.00,0.00,,
arterial line map calculation,,0,"0.00,0.00,0.00,0.00,0.00,0.00,0.00,0.00,0.00,0.00,0.00,0.00",,0.00,0.00,,
as the crow flies distance calculator map,,0,"0.00,0.00,0.00,0.00,0.00,0.00,0.00,0.00,0.00,0.00,0.00,0.00",,0.00,0.00,,
as the crow flies map distance calculator,,0,"0.00,0.00,0.00,0.00,0.00,0.00,0.00,0.00,0.00,0.00,0.00,0.00",,0.00,0.00,,
asi fare map calculator,,0,"0.00,0.00,0.00,0.00,0.00,0.00,0.00,0.00,0.00,0.00,0.00,0.00",,0.00,0.00,,
assetto corsa map calculator,,0,"1.00,0.00,0.00",,0.00,0.00,,
astrolink calcular mapa astral,,0,"0.00,0.00,0.00,0.00,0.00,0.00,0.00,0.00,0.00,0.00,0.00,0.00",,0.00,0.00,,
astronomical calculation sanson maps,,0,"0.00,0.00,0.00,0.00,0.00,0.00,0.00,0.00,0.00,0.00,0.00,0.00",,0.00,0.00,,
at what speed are routes calculated on google maps,,0,"0.00,0.00,0.00,0.00,0.00,0.00,0.00,0.00,0.00,0.00,0.00,0.00",,0.00,0.00,,
at what speed does google maps calculate distance,,0,"0.00,0.00,0.00,0.00,0.00,0.00,0.00,0.00,0.00,0.00,0.00,0.00",,0.00,0.00,,
atterbury area map calculator,,0,"0.00,0.00,0.00,0.00,0.00,0.00,0.00,0.00,0.00,0.00,0.00,0.00",,0.00,0.00,,
australian road map distance calculator,,0,"0.00,0.00,0.00,0.00,0.00,0.00,0.00,0.00,0.00,0.00,0.00,0.00",,0.00,0.00,,
autocalculate vs calculate map my run,,0,"0.00,0.00,0.00,0.00,0.00,0.00,0.00,0.00,0.00,0.00,0.00,0.00",,0.00,0.00,,
avalara sales tax calculations map,,0,"0.00,0.00,0.00,0.00,0.00,0.00,0.00,0.00,0.00,0.00,0.00,0.00",,0.00,0.00,,
avalara sales tax calculator map,,0,"0.00,0.00,0.00,0.00,0.00,0.00,0.00,0.00,0.00,0.00,0.00,0.00",,0.00,0.00,,
avalara sales tax free sales tax map and calculator,,0,"0.00,0.00,0.00,0.00,0.00,0.00,0.00,0.00,0.00,0.00,0.00,0.00",,0.00,0.00,,
average calculation speed google maps,,0,"0.00,0.00,0.00,0.00,0.00,0.00,0.00,0.00,0.00,0.00,0.00,0.00",,0.00,0.00,,
average eta calculator maps,,0,"0.00,0.00,0.00,0.00,0.00,0.00,0.00,0.00,0.00,0.00,0.00,0.00",,0.00,0.00,,
average wind speed calculator map,,0,"0.00,0.00,0.00,0.00,0.00,0.00,0.00,0.00,0.00,0.00,0.00,0.00",,0.00,0.00,,
aviation map distance calculator,,0,"0.00,0.00,0.00,0.00,0.00,0.00,0.00,0.00,0.00,0.00,0.00,0.00",,0.00,0.00,,
avios flight calculator map,,0,"0.00,0.00,0.00,0.00,0.00,0.00,0.00,0.00,0.00,0.00,0.00,0.00",,0.00,0.00,,
avios map calculator,,0,"0.00,1.00,0.00,0.00,1.00,0.00,0.00,0.00,0.00,0.00,0.00,0.00",,0.00,0.00,,
aws availability zones map and region calculator,,0,"0.00,0.00,0.00,0.00,0.00,0.00,0.00,0.00,0.00,0.00,0.00,0.00",,0.00,0.00,,
aws calculating the size of array map,,0,"0.00,0.00,0.00,0.00,0.00,0.00,0.00,0.00,0.00,0.00,0.00,0.00",,0.00,0.00,,
azure maps distance calculation,,0,"0.00,0.00,0.00,0.00,0.00,0.00,0.00,0.00,0.00,0.00,0.00,0.00",,0.00,0.00,,
azure maps mileage calculation,,0,"0.00,0.00,0.00,0.00,0.00,0.00,0.00,0.00,0.00,0.00,0.00,0.00",,0.00,0.00,,
azure maps pricing calculator,,0,"0.00,0.00,0.00,0.00,0.00,1.00,0.00,0.00,0.00,0.00,0.00,0.00",,0.00,0.00,,
b1 map calculation,,0,"0.00,0.00,0.00,0.00,0.00,0.00,0.00,0.00,0.00,0.00,0.00,0.00",,0.00,0.00,,
ba avios calculator map,,0,"0.00,0.00,1.00,1.00,0.00,0.00,0.00,0.00,0.00,0.00,0.00,0.00",,0.00,0.00,,
bangalore city map with distance calculator,,0,"0.00,0.00,0.00,0.00,0.00,0.00,0.00,0.00,0.00,0.00,0.00,0.00",,0.00,0.00,,
bangalore map distance calculator,,0,"0.00,0.00,0.00,0.00,0.00,0.00,0.00,0.00,0.00,0.00,0.00,0.00",,0.00,0.00,,
bangalore map with distance calculator,,0,"0.00,0.00,0.00,0.00,0.00,0.00,0.00,0.00,0.00,0.00,0.00,0.00",,0.00,0.00,,
bangalore maps with distance calculator,,0,"0.00,0.00,0.00,0.00,0.00,0.00,0.00,0.00,0.00,0.00,0.00,0.00",,0.00,0.00,,
bangalore road map distance calculator,,0,"0.00,0.00,0.00,0.00,0.00,0.00,0.00,0.00,0.00,0.00,0.00,0.00",,0.00,0.00,,
bangalore road map with distance calculator,,0,"0.00,0.00,0.00,0.00,0.00,0.00,0.00,0.00,0.00,0.00,0.00,0.00",,0.00,0.00,,
bart bus map calculator,,0,"0.00,0.00,0.00,0.00,0.00,0.00,0.00,0.00,0.00,0.00,0.00,0.00",,0.00,0.00,,
bart calculator google maps accurate,,0,"0.00,0.00,0.00,0.00,0.00,0.00,0.00,0.00,0.00,0.00,0.00,0.00",,0.00,0.00,,
base map calculator,,0,"0.00,0.00,0.00,0.00,0.00,0.00,0.00,0.00,0.00,0.00,0.00,0.00",,0.00,0.00,,
bazi hour pillar calculation day stem mapping table,,0,0.00,,0.00,0.00,,
bazi hour pillar calculation rule day stem mapping,,0,0.00,,0.00,0.00,,
bazi hour pillar calculation table day stem hour stem mapping,,0,"1.00,0.00",,0.00,0.00,,
bazi hour stem calculation day stem mapping,,0,0.00,,0.00,0.00,,
bc map distance calculator,,0,"0.00,0.00,0.00,0.00,0.00,0.00,0.00,0.00,0.00,0.00,0.00,0.00",,0.00,0.00,,
bc road map distance calculator,,0,"0.00,0.00,0.00,0.00,0.00,0.00,0.00,0.00,0.00,0.00,0.00,0.00",,0.00,0.00,,
bdo map node calculator,,0,"0.00,0.00,0.00,0.00,0.00,0.00,0.00,0.00,0.00,0.00,0.00,0.00",,0.00,0.00,,
bearing between two points on a map calculator,,0,"0.00,0.00,0.00,0.00,0.00,0.00,0.00,0.00,0.00,0.00,0.00,0.00",,0.00,0.00,,
best maps to calculate area worldbuilding,,0,"1.00,0.00,0.00,0.00,0.00,0.00,0.00",,0.00,0.00,,
best maps to calculate distance,,0,"0.00,0.00,0.00,0.00,0.00,0.00,0.00,0.00,0.00,0.00,0.00,0.00",,0.00,0.00,,
best toll calculator to use with google maps,,0,"0.00,0.00,0.00,0.00,0.00,0.00,0.00,0.00,0.00,0.00,0.00,0.00",,0.00,0.00,,
best walking distance calculator map,,0,"0.00,0.00,0.00,0.00,0.00,0.00,0.00,0.00,0.00,0.00,0.00,0.00",,0.00,0.00,,
bicycle distance map calculator,,0,"0.00,0.00,0.00,0.00,0.00,0.00,0.00,0.00,0.00,0.00,0.00,0.00",,0.00,0.00,,
bicycle eta calculation google maps,,0,"0.00,0.00,0.00,0.00,0.00,0.00,0.00,0.00,0.00,0.00,0.00,0.00",,0.00,0.00,,
bihar road map distance calculator,,0,"0.00,0.00,0.00,0.00,0.00,0.00,0.00,0.00,0.00,0.00,0.00,0.00",,0.00,0.00,,
bike map time calculator,,0,"0.00,0.00,0.00,0.00,0.00,0.00,0.00,0.00,0.00,0.00,0.00,0.00",,0.00,0.00,,
bike mileage calculator map,,0,"0.00,0.00,0.00,0.00,0.00,0.00,0.00,0.00,0.00,0.00,0.00,0.00",,0.00,0.00,,
bike path google maps distance calculator,,0,"0.00,0.00,0.00,0.00,0.00,0.00,0.00,0.00,0.00,0.00,0.00,0.00",,0.00,0.00,,
bike route map mileage calculator,,0,"0.00,0.00,0.00,0.00,0.00,0.00,0.00,0.00,0.00,0.00,0.00,0.00",,0.00,0.00,,
bike speed google maps calculate,,0,"0.00,0.00,0.00,0.00,0.00,0.00,0.00,0.00,0.00,0.00,0.00,0.00",,0.00,0.00,,
bike time distance calculator maps,,0,"0.00,0.00,0.00,0.00,0.00,0.00,0.00,0.00,0.00,0.00,0.00,0.00",,0.00,0.00,,
biking calculator map,,0,"0.00,0.00,0.00,0.00,0.00,0.00,0.00,0.00,0.00,0.00,0.00,0.00",,0.00,0.00,,
biking map distance calculator,,0,"0.00,0.00,0.00,0.00,0.00,0.00,0.00,0.00,0.00,0.00,0.00,0.00",,0.00,0.00,,
binary mapping calculator,,0,"0.00,0.00,0.00,0.00,0.00,0.00,0.00,0.00,0.00,0.00,0.00,0.00",,0.00,0.00,,
binary mlm map calculator,,0,"0.00,0.00,0.00,0.00,0.00,0.00,0.00,0.00,0.00,0.00,0.00,0.00",,0.00,0.00,,
bing map apps distance calculator,,0,"0.00,0.00,0.00,0.00,0.00,0.00,0.00,0.00,0.00,0.00,0.00,0.00",,0.00,0.00,,
bing maps api calculate distance,,0,"0.00,0.00,0.00,0.00,0.00,0.00,0.00,0.00,0.00,0.00,0.00,0.00",,0.00,0.00,,
bing maps api distance calculator,,0,"0.00,0.00,0.00,0.00,0.00,0.00,0.00,0.00,0.00,0.00,0.00,0.00",,0.00,0.00,,
bing maps area calculator tool,,0,"0.00,0.00,0.00,0.00,0.00,0.00,0.00,0.00,0.00,0.00,0.00,0.00",,0.00,0.00,,
bing maps calculate distance between two points,,0,"0.00,0.00,0.00,0.00,0.00,0.00,0.00,0.00,0.00,0.00,0.00,0.00",,0.00,0.00,,
bing maps calculate zoom level,,0,"0.00,0.00,0.00,0.00,0.00,0.00,0.00,0.00,0.00,0.00,0.00,0.00",,0.00,0.00,,
bing maps distance calculator api,,0,"0.00,0.00,0.00,0.00,0.00,0.00,0.00,1.00,0.00,0.00,0.00,0.00",,0.00,0.00,,
bing maps distance calculator app,,0,"0.00,0.00,0.00,0.00,0.00,0.00,0.00,0.00,0.00,0.00,0.00,0.00",,0.00,0.00,,
bing maps distance calculator excel,,0,"0.00,0.00,0.00,0.00,0.00,0.00,0.00,0.00,0.00,0.00,0.00,0.00",,0.00,0.00,,
bing maps price calculator,,0,"0.00,0.00,0.00,0.00,0.00,0.00,0.00,0.00,0.00,0.00,0.00,0.00",,0.00,0.00,,
bing maps taxi fare calculator,,0,"0.00,0.00,0.00,0.00,0.00,0.00,0.00,0.00,0.00,0.00,0.00,0.00",,0.00,0.00,,
bing maps toll calculator,,0,"0.00,0.00,0.00,0.00,0.00,0.00,0.00,0.00,0.00,0.00,0.00,0.00",,0.00,0.00,,
birth map calculation,,0,"0.00,0.00,0.00,0.00,0.00,0.00,0.00,0.00,0.00,0.00,0.00,0.00",,0.00,0.00,,
bitwise mapping calculator,,0,"0.00,0.00,0.00,0.00,0.00,0.00,0.00,0.00,0.00,0.00,0.00,0.00",,0.00,0.00,,
black desert node map calculator,,0,"0.00,0.00,0.00,0.00,0.00,0.00,0.00,0.00,0.00,0.00,0.00,0.00",,0.00,0.00,,
black desert online cp map calculator,,0,"0.00,0.00,0.00,0.00,0.00,0.00,0.00,0.00,0.00,0.00,0.00,0.00",,0.00,0.00,,
black desert online map calculator,,0,"0.00,0.00,0.00,0.00,0.00,0.00,0.00,0.00,0.00,0.00,0.00,0.00",,0.00,0.00,,
blood pressure calculate map,,0,"0.00,0.00,0.00,0.00,0.00,0.00,0.00,0.00,0.00,0.00,0.00,0.00",,0.00,0.00,,
blood pressure calculator map,,0,"0.00,0.00,0.00,0.00,0.00,0.00,0.00,0.00,0.00,0.00,0.00,0.00",,0.00,0.00,,
blood pressure example map calculations,,0,"0.00,0.00,0.00,0.00,0.00,0.00,0.00,0.00,0.00,0.00,0.00,0.00",,0.00,0.00,,
blood.pressure map calculator,,0,"0.00,0.00",,0.00,0.00,,
boat distance calculator map,,0,"0.00,0.00,0.00,0.00,0.00,0.00,0.00,0.00,0.00,0.00,0.00,0.00",,0.00,0.00,,
body fat calculator used at maps army,,0,"0.00,0.00,0.00,0.00,0.00,0.00,0.00,0.00,0.00,0.00,0.00,0.00",,0.00,0.00,,
boise greenbelt distance map calculator,,0,"0.00,0.00,0.00,0.00,0.00,0.00,0.00,0.00,0.00,0.00,0.00,0.00",,0.00,0.00,,
bomb calculator map,,0,"0.00,0.00,0.00,0.00,0.00,0.00,0.00,0.00,0.00,0.00,0.00,0.00",,0.00,0.00,,
bomb map calculator,,0,"0.00,0.00,0.00,0.00,0.00,0.00,0.00,0.00,0.00,0.00,0.00,0.00",,0.00,0.00,,
boolean algebra calculator k map,,0,"0.00,0.00,0.00,0.00,0.00,0.00,0.00,0.00,0.00,0.00,0.00,0.00",,0.00,0.00,,
boolean expression karnaugh map calculator,,0,"0.00,0.00,0.00,0.00,0.00,0.00,0.00,0.00,0.00,0.00,0.00,0.00",,0.00,0.00,,
boston commute calculator map,,0,"0.00,0.00,0.00,0.00,0.00,0.00,0.00,0.00,0.00,0.00,0.00,0.00",,0.00,0.00,,
bp #1 map calculated,,0,"0.00,0.00,0.00,0.00,0.00,0.00,0.00,0.00,0.00,0.00,0.00,0.00",,0.00,0.00,,
bp 85 55 calculate map,,0,"0.00,0.00,0.00,0.00,0.00,0.00,0.00,0.00,0.00,0.00,0.00,0.00",,0.00,0.00,,
brabys maps distance calculator,,0,"0.00,0.00,0.00,0.00,0.00,0.00,0.00,0.00,0.00,0.00,0.00,0.00",,0.00,0.00,,
breath of the wild map size calculation,,0,"0.00,0.00,0.00,0.00,0.00,0.00,0.00,0.00,0.00,0.00,0.00,0.00",,0.00,0.00,,
btu calculation map,,0,"0.00,0.00,0.00,0.00,0.00,0.00,0.00,0.00,0.00,0.00,0.00,0.00",,0.00,0.00,,
build a k-map from a state table calculator,,0,"0.00,0.00,0.00,0.00,0.00,0.00,0.00,0.00,0.00,0.00,0.00,0.00",,0.00,0.00,,
build an android map that calculates travel time,,0,"0.00,0.00,0.00,0.00,0.00,0.00,0.00,0.00,0.00,0.00,0.00,0.00",,0.00,0.00,,
building size calculator google maps,,0,"0.00,0.00,0.00,0.00,0.00,0.00,0.00,0.00,0.00,0.00,0.00,0.00",,0.00,0.00,,
built a k-map from a state table calculator,,0,"0.00,0.00,0.00,0.00,0.00,0.00,0.00,0.00,0.00,0.00,0.00,0.00",,0.00,0.00,,
bulk calculate distance between two cities in google maps,,0,"0.00,0.00,0.00,0.00,0.00,0.00,0.00,0.00,0.00,0.00,0.00,0.00",,0.00,0.00,,
business map centre radius calculator,,0,"0.00,0.00,1.00,0.00,0.00,0.00,0.00,0.00,0.00,0.00,0.00,1.00",,0.00,0.00,,
c google maps distance calculator,,0,"0.00,0.00,0.00,0.00,0.00,0.00,0.00,0.00,0.00,0.00,0.00,0.00",,0.00,0.00,,
c++ calculate surface area from 2d height map,,0,"0.00,0.00,0.00,0.00,0.00,0.00,0.00,0.00,0.00,0.00,0.00,0.00",,0.00,0.00,,
c++ calculate surface area of cube height map,,0,"0.00,0.00,0.00,0.00,0.00,0.00,0.00,0.00,0.00,0.00,0.00,0.00",,0.00,0.00,,
cache for direct mapped calculate bits,,0,"0.00,0.00,0.00,0.00,0.00,0.00,0.00,0.00,0.00,0.00,0.00,0.00",,0.00,0.00,,
cache http www.creativemapsolutions.com extras map-scale-calculator,,0,"0.00,0.00,0.00,0.00,0.00,0.00,0.00,0.00,0.00,0.00,0.00,0.00",,0.00,0.00,,
calcul de surface sur google map,,0,"0.00,0.00,0.00,0.00,0.00,0.00,0.00,0.00,0.00",,0.00,0.00,,
calcul distance a pied maps,,0,"0.00,0.00,0.00,0.00,0.00,0.00,0.00,0.00,0.00,0.00,0.00,0.00",,0.00,0.00,,
calcul distance course à pied google maps,,0,"0.00,0.00,0.00,0.00,0.00,0.00,0.00,0.00,0.00,0.00,0.00,0.00",,0.00,0.00,,
calcul distance entre deux points google maps,,0,"0.00,0.00,0.00,0.00,0.00,0.00,0.00,0.00,0.00,0.00,0.00,0.00",,0.00,0.00,,
calcul distance google map,,0,"0.00,0.00,0.00,0.00,0.00,0.00,0.00,0.00,0.00,0.00,0.00,0.00",,0.00,0.00,,
calcul distance google map excel,,0,"0.00,0.00,0.00,0.00,0.00,0.00,0.00,0.00,0.00,0.00,0.00,0.00",,0.00,0.00,,
calcul distance map,,0,"0.00,0.00,0.00,0.00,0.00,0.00,0.00,0.00,0.00,1.00,0.00,0.00",,0.00,0.00,,
calcul distance vol d oiseau google maps,,0,"0.00,0.00,0.00,0.00,0.00,1.00,0.00,0.00,0.00,0.00,0.00,0.00",,0.00,0.00,,
calcul distance vol d'oiseau maps,,0,"0.00,0.00,1.00,1.00,0.00,0.00,0.00,0.00,0.00,0.00,0.00,0.00",,0.00,0.00,,
calcul distanta google maps,,0,"0.00,0.00,0.00,0.00,0.00,0.00,0.00,0.00,0.00,0.00,0.00,0.00",,0.00,0.00,,
calcul distante cu google maps,,0,"0.00,0.00,0.00,0.00,0.00,0.00,0.00,0.00,0.00,0.00,0.00,0.00",,0.00,0.00,,
calcul distante google maps,,0,"1.00,0.00,0.00,0.00,0.00,0.00,0.00,0.00,0.00,1.00,0.00,0.00",,0.00,0.00,,
calcul isochrone google maps,,0,"0.00,0.00,0.00,0.00,0.00,0.00,0.00,0.00,0.00",,0.00,0.00,,
calcul itineraire velo google maps,,0,"0.00,0.00,0.00,0.00,0.00,0.00,0.00",,0.00,0.00,,
calcul itinéraire maps,,0,"0.00,0.00,1.00,1.00,0.00,0.00,0.00,0.00,0.00,0.00",,0.00,0.00,,
calcul rayon google maps,,0,"0.00,0.00,0.00,0.00,0.00,0.00,0.00,0.00,0.00,0.00,0.00,0.00",,0.00,0.00,,
calcul superficie maps,,0,"0.00,0.00,0.00,0.00,0.00,0.00,0.00,0.00",,0.00,0.00,,
calcul superficie terrain map,,0,"0.00,0.00,0.00,0.00,0.00,0.00,0.00,0.00,0.00,0.00,0.00,0.00",,0.00,0.00,,
calcul surface google maps,,0,"0.00,0.00,0.00,0.00,0.00,0.00,0.00,0.00,0.00,0.00,0.00,1.00",,0.00,0.00,,
calcul surface map,,0,"0.00,0.00,0.00,0.00,0.00,0.00",,0.00,0.00,,
calcul surface mapplet google maps,,0,"0.00,0.00,0.00,0.00,0.00,0.00,0.00,0.00,0.00,0.00,0.00,0.00",,0.00,0.00,,
calcul surface terrain google maps,,0,"0.00,0.00,0.00,0.00,0.00,0.00,0.00,0.00,0.00,0.00,0.00,0.00",,0.00,0.00,,
calcul trajet google map,,0,"0.00,0.00,0.00,0.00,0.00,0.00,0.00,0.00,0.00,0.00,0.00,0.00",,0.00,0.00,,
calcul trajet velo google map,,0,"0.00,0.00,0.00,0.00,0.00,0.00,0.00,0.00,0.00,0.00,0.00,0.00",,0.00,0.00,,
calcul vol d'oiseau maps,,0,"0.00,0.00,0.00,0.00,0.00,0.00,0.00,0.00,0.00,0.00,0.00,0.00",,0.00,0.00,,
calcula map,,0,"0.00,0.00,0.00,0.00,0.00,0.00,0.00,0.00,0.00,0.00,0.00,0.00",,0.00,0.00,,
calcula ruta google maps,,0,"0.00,0.00,0.00,0.00,0.00,0.00,0.00,0.00,0.00,0.00,0.00,0.00",,0.00,0.00,,
calculador de area google maps,,0,"0.00,0.00,0.00,0.00,0.00,0.00,0.00,0.00,0.00,0.00,0.00,0.00",,0.00,0.00,,
calculador de distancia google maps,,0,"0.00,0.00,0.00,0.00,0.00,0.00,0.00,0.00,0.00,0.00,0.00,0.00",,0.00,0.00,,
calculador de distancia mapa,,0,"0.00,0.00,0.00,0.00,0.00,0.00,0.00,0.00,0.00,0.00,0.00,0.00",,0.00,0.00,,
calculador de gasolina google maps,,0,"0.00,0.00,0.00,0.00,0.00,0.00,0.00,0.00,1.00,0.00,0.00,1.00",,0.00,0.00,,
calculador de kilometros en mapa,,0,"0.00,0.00,0.00,0.00,0.00,0.00,0.00,0.00,0.00,0.00,0.00,0.00",,0.00,0.00,,
calculador de km mapa,,0,"0.00,0.00,0.00,0.00,0.00,0.00,0.00,0.00,0.00,0.00,0.00,0.00",,0.00,0.00,,
calculador de mapas de karnaugh,,0,"0.00,0.00,0.00,0.00,0.00,0.00,0.00,0.00,0.00,0.00,0.00,0.00",,0.00,0.00,,
calculador distancia mapa,,0,"0.00,0.00,0.00,0.00,0.00,0.00,0.00,0.00,0.00,0.00,0.00,0.00",,0.00,0.00,,
calculador distancias google maps,,0,"0.00,0.00,0.00,0.00,0.00,0.00,0.00,0.00,0.00,0.00,0.00,0.00",,0.00,0.00,,
calculadora de mapa astral gshow,,0,"0.00,0.00,1.00,0.00,0.00,0.00,0.00,0.00,0.00,0.00,0.00,0.00",,0.00,0.00,,
calculadora de tiempos y distancias en mapas,,0,"0.00,0.00,0.00,0.00,0.00,0.00,0.00,0.00,0.00,0.00,0.00,0.00",,0.00,0.00,,
calculadora distancias google maps excel,,0,"0.00,0.00,0.00,0.00,0.00,0.00,0.00,0.00,0.00,0.00,0.00,0.00",,0.00,0.00,,
calculadora drop map fortnite,,0,"1.00,0.00,0.00,0.00",,0.00,0.00,,
calculadora google maps,,0,"0.00,0.00,0.00,0.00,0.00,0.00",,0.00,0.00,,
calculadora mapa astral,,0,"0.00,0.00,0.00,0.00,0.00,0.00,0.00,0.00,0.00,0.00,0.00,0.00",,0.00,0.13,,
calculadora mapa astral gratis,,0,"0.00,0.00,0.00,0.00,1.00,0.00,0.00,0.00,0.00,1.00,0.00,0.00",,0.00,0.00,,
calculadora mapa de karnaugh online,,0,"0.00,1.00,0.00,0.00,0.00,0.00,0.00,0.00,0.00,0.00,0.00,0.00",,0.00,0.00,,
calculadora mapas de karnaugh 5 variables,,0,"0.00,0.00,0.00,0.00,0.00,0.00,0.00,0.00,0.00,0.00,0.00,0.00",,0.00,0.00,,
calculadora mapas de karnaugh online,,0,"0.00,0.00,0.00,0.00,0.00,0.00,0.00,0.00,0.00,0.00,0.00,0.00",,0.00,0.00,,
calcular a lua no mapa astral,,0,"0.00,0.00,0.00,0.00,0.00,0.00,0.00,0.00,0.00,0.00,0.00,0.00",,0.00,0.00,,
calcular area mapa,,0,"0.00,0.00,0.00,1.00,0.00,0.00,0.00,0.00,0.00,0.00,0.00,0.00",,0.00,0.00,,
calcular area maps,,0,"0.00,0.00,0.00,0.00,0.00,1.00,0.00,0.00,0.00,0.00,0.00,0.00",,0.00,0.00,,
calcular area no google maps,,0,"0.00,0.00,0.00,0.00,1.00,0.50,1.00,0.00,0.00,0.00,0.00,0.00",,0.00,0.00,,
calcular area no mapa,,0,"0.00,0.00,0.00,0.00,0.00,0.00,0.00,0.00,0.00,0.00,0.00,0.00",,0.00,0.00,,
calcular area pelo google maps,,0,"0.00,0.00,0.00,0.00,0.00,0.00,1.00,0.00,0.00,0.00,0.00,0.00",,0.00,0.00,,
calcular area pelo maps,,0,"0.00,0.00,0.00,0.00,0.00,0.00,0.00,0.00,0.00,0.00,0.00,0.00",,0.00,0.00,,
calcular area terreno google maps,,0,"0.00,0.00,0.00,0.00,0.00,0.00,0.00",,0.00,0.00,,
calcular areas en mapa,,0,"0.00,0.00,0.00,0.00,0.00,0.00,0.00,0.00,0.00,0.00,0.00,0.00",,0.00,0.00,,
calcular areas google maps,,0,"0.00,0.00,0.00,0.00,0.00,0.00,0.00,0.00,0.00,0.00,0.00,0.00",,0.00,0.00,,
calcular azimut google maps,,0,"0.00,0.00,0.00,0.00,0.00,0.00,0.00,0.00,0.00,1.00,0.00,0.00",,0.00,0.00,,
calcular consumo gasolina google maps,,0,"0.00,0.00,0.00,0.00,0.00,1.00,0.00,0.00,0.00,0.00,0.00,0.00",,0.00,0.00,,
calcular coste peajes google maps,,0,"0.00,0.00,0.00,0.00,1.00,1.00,0.00,0.00,0.00,0.00,0.00,0.00",,0.00,0.00,,
calcular desnivel google maps,,0,"0.00,0.00,0.00,0.00,0.00,0.00,0.00,0.00,0.00,0.00,0.00,0.00",,0.00,0.00,,
calcular desnivel ruta google maps,,0,"0.00,0.00,0.00,0.00,0.00,0.00,0.00,0.00,0.00,0.00,0.00,0.00",,0.00,0.00,,
calcular distancia andando google maps,,0,"0.00,0.00,0.00,0.00,0.00,0.00,0.00,0.00,0.00,0.00,0.00,0.00",,0.00,0.00,,
calcular distancia con google maps,,0,"0.00,0.00,0.00,0.00,0.00,0.00,0.00,0.00,0.00,0.00,0.00,0.00",,0.00,0.00,,
calcular distancia con mapa,,0,"0.00,0.00,1.00,0.00,0.00,0.00,0.00,1.00,0.00,0.00,0.00,0.00",,0.00,0.00,,
calcular distancia corrida mapa,,0,"0.00,0.00,0.00,0.00,0.00,0.00,0.00,0.00,0.00,0.00,0.00,0.00",,0.00,0.00,,
calcular distancia de una ruta en google maps,,0,"0.00,0.00,0.00,0.00,0.00,1.00,0.00,1.00,0.00,0.00,0.00,0.00",,0.00,0.00,,
calcular distancia en linea recta google maps,,0,"0.00,0.00,0.00,0.00,0.00,0.00,0.00,1.00,1.00,0.00,0.00,0.00",,0.00,0.00,,
calcular distancia en mapa,,0,"0.00,0.00,0.00,0.00,0.00,0.00,0.00,0.00,0.00,0.00,0.00,0.00",,0.00,0.00,,
calcular distancia entre cidades google maps,,0,"0.00,0.00,0.00,0.00,0.00,0.00,1.00,0.00,0.00,0.00,0.00,0.00",,0.00,0.00,,
calcular distancia entre dois pontos mapa,,0,"0.00,0.00,0.00,0.00,0.00,0.00,0.00,0.00,0.00,0.00,0.00,0.00",,0.00,0.00,,
calcular distancia entre dois pontos maps,,0,"0.00,1.00,0.00,0.00,0.00,0.00,0.00,0.00,0.00,1.00,0.00,0.00",,0.00,0.00,,
calcular distancia entre dos ciudades google maps,,0,"0.00,0.00,0.00,0.00,0.00,0.00,0.00,1.00,0.00,0.00,0.00,0.00",,0.00,0.00,,
calcular distancia entre dos coordenadas google maps,,0,"0.00,1.00,0.00,0.00,0.00,1.00,0.00,0.00,0.00,0.00,0.00,0.00",,0.00,0.00,,
calcular distancia entre dos puntos del mapa,,0,"0.00,0.00,0.00,0.00,0.00,0.00,0.00,0.00,0.00,0.00,0.00,0.00",,0.00,0.00,,
calcular distancia entre dos puntos en el mapa,,0,"0.00,0.00,0.00,0.00,0.00,0.00,0.00,0.00,0.00,0.00,0.00,0.00",,0.00,0.00,,
calcular distancia entre dos puntos en un mapa,,0,"0.00,0.00,0.00,0.00,0.00,0.00,0.00,0.00,0.00,0.00,0.00,0.00",,0.00,0.00,,
calcular distancia entre dos puntos geograficos en un mapa,,0,"0.00,0.00,0.00,0.00,0.00,0.00,0.00,0.00,0.00,0.00,0.00,0.00",,0.00,0.00,,
calcular distancia entre dos puntos geograficos google maps,,0,"0.00,0.00,0.00,0.00,0.00,0.00,0.00,0.00,0.00,0.00,0.00,0.00",,0.00,0.00,,
calcular distancia entre dos puntos geográficos google maps,,0,"0.00,0.00,0.00,0.00,0.00,0.00,0.00,0.00,0.00,0.00,0.00,0.00",,0.00,0.00,,
calcular distancia entre dos puntos google maps android,,0,"0.00,0.00,0.00,0.00,0.00,0.00,0.00,0.00,0.00,0.00,0.00,0.00",,0.00,0.00,,
calcular distancia entre dos puntos google maps android studio,,0,"0.00,0.00,0.00,0.00,0.00,0.00,0.00,0.00,0.00,0.00,0.00,0.00",,0.00,0.00,,
calcular distancia entre dos puntos google maps api,,0,"0.00,0.00,0.00,0.00,0.00,0.00,0.00,0.00,0.00,0.00,0.00,0.00",,0.00,0.00,,
calcular distancia entre endereços google maps,,0,"0.00,0.00,0.00,0.00,0.00,0.00,0.00,0.00,0.00,0.00,0.00,0.00",,0.00,0.00,,
calcular distancia google maps android,,0,"0.00,0.00,0.00,0.00,0.00,0.00,0.00,0.00,0.00,0.00,0.00,0.00",,0.00,0.00,,
calcular distancia google maps android studio,,0,"0.00,0.00,0.00,0.00,0.00,0.00,0.00,0.00,0.00,0.00,0.00,0.00",,0.00,0.00,,
calcular distancia google maps api v3,,0,"0.00,0.00,0.00,0.00,0.00,0.00,0.00,0.00,0.00,0.00,0.00,0.00",,0.00,0.00,,
calcular distancia google maps excel,,0,"0.00,0.00,0.00,0.00,0.00,0.00,0.00,0.00,0.00,0.00,0.00,0.00",,0.00,0.00,,
calcular distancia google maps ios,,0,"0.00,0.00,0.00,0.00,0.00,0.00,0.00,0.00,0.00,0.00,0.00,0.00",,0.00,0.00,,
calcular distancia google maps ipad,,0,"0.00,0.00,0.00,0.00,0.00,0.00,0.00,0.00,0.00,0.00,0.00,0.00",,0.00,0.00,,
calcular distancia google maps iphone,,0,"0.00,0.00,0.00,0.00,0.00,0.00,0.00,0.00,0.00,0.00,0.00,0.00",,0.00,0.00,,
calcular distancia google maps javascript,,0,"0.00,0.00,0.00,0.00,0.00,0.00,0.00,0.00,0.00,0.00,0.00,0.00",,0.00,0.00,,
calcular distancia google maps movil,,0,"0.00,0.00,0.00,0.00,0.00,0.00,0.00,0.00,0.00,0.00,0.00,0.00",,0.00,0.00,,
calcular distancia lineal google maps,,0,"0.00,0.00,0.00,0.00,0.00,0.00,0.00,0.00,0.00,0.00,0.00,0.00",,0.00,0.00,,
calcular distancia mapa buenos aires,,0,"0.00,0.00,0.00,0.00,0.00,0.00,0.00,0.00,0.00,0.00,0.00,0.00",,0.00,0.00,,
calcular distancia mapa correr,,0,"0.00,0.00,0.00,0.00,0.00,0.00,0.00,0.00,0.00,0.00,0.00,0.00",,0.00,0.00,,
calcular distancia mapa escala,,0,"0.00,0.00,0.00,0.00,0.00,0.00,0.00,0.00,0.00,0.00,0.00,0.00",,0.00,0.00,,
calcular distancia mapa online,,0,"0.00,0.00,0.00,0.00,0.00,0.00,0.00,0.00,0.00,0.00,0.00,0.00",,0.00,0.00,,
calcular distancia maps google,,0,"0.00,0.00,1.00,0.00,0.00,0.00,0.00,0.00,0.00,0.00,0.00,0.00",,0.00,0.00,,
calcular distancia no mapa geografia,,0,"0.00,0.00,0.00,0.00,0.00,0.00,0.00,0.00,0.00,0.00,0.00,0.00",,0.00,0.00,,
calcular distancia no mapa google,,0,"0.00,0.00,0.00,0.00,0.00,0.00,0.00,0.00,0.00,0.00,0.00,0.00",,0.00,0.00,,
calcular distancia percorrida mapa,,0,"0.00,0.00,0.00,0.00,0.00,0.00,0.00,0.00,0.00,0.00,0.00,0.00",,0.00,0.00,,
calcular distancia percorrida maps,,0,"0.00,0.00,0.00,0.00,0.00,0.00,0.00,0.00,0.00,0.00,0.00,0.00",,0.00,0.00,,
calcular distancia recorrida mapa,,0,"0.00,0.00,0.00,0.00,0.00,0.00,0.00,0.00,0.00,0.00,0.00,0.00",,0.00,0.00,,
calcular distancia sobre mapa,,0,"0.00,0.00,0.00,0.00,0.00,0.00,0.00,0.00,0.00,0.00,0.00,0.00",,0.00,0.00,,
calcular distancia y tiempo en google maps a excel,,0,"0.00,0.00,0.00,0.00,0.00,0.00,0.00,0.00,0.00,0.00,0.00,0.00",,0.00,0.00,,
calcular distancia y tiempo en google maps en forma masiva,,0,"0.00,0.00,0.00,0.00,0.00,0.00,0.00,0.00,0.00,0.00,0.00,0.00",,0.00,0.00,,
calcular distancias andando google maps,,0,"0.00,0.00,0.00,0.00,0.00,0.00,0.00,0.00,0.00,0.00,0.00,0.00",,0.00,0.00,,
calcular distancias con google maps,,0,"0.00,0.00,0.00,0.00,0.00,0.00,0.00,0.00,0.00,0.00,0.00,0.00",,0.00,0.00,,
calcular distancias con maps,,0,"0.00,0.00,0.00,0.00,0.00,0.00,0.00,0.00,0.00,0.00,0.00,0.00",,0.00,0.00,,
calcular distancias en mapa,,0,"0.00,0.00,0.00,0.00,0.00,0.00,0.00,0.00,0.00,0.00,0.00,0.00",,0.00,0.00,,
calcular distancias en un mapa,,0,"0.00,0.00,0.00,0.00,0.00,0.00,0.00,0.00,0.00,0.00,0.00,0.00",,0.00,0.00,,
calcular distancias entre dos puntos google maps,,0,"0.00,0.00,0.00,0.00,0.00,0.00,0.00,0.00,0.00,0.00,0.00,0.00",,0.00,0.00,,
calcular distancias google maps android,,0,"0.00,0.00,0.00,0.00,0.00,0.00,0.00,0.00,0.00,0.00,0.00,0.00",,0.00,0.00,,
calcular distancias google maps api,,0,"0.00,0.00,0.00,0.00,0.00,0.00,0.00,0.00,0.00,0.00,0.00,0.00",,0.00,0.00,,
calcular distancias google maps app,,0,"0.00,0.00,0.00,0.00,0.00,0.00,0.00,0.00,0.00,0.00,0.00,0.00",,0.00,0.00,,
calcular distancias google maps español,,0,"0.00,0.00,0.00,0.00,0.00,0.00,0.00,0.00,0.00,0.00,0.00,0.00",,0.00,0.00,,
calcular distancias google maps excel,,0,"0.00,0.00,0.00,0.00,0.00,0.00,0.00,0.00,0.00,0.00,0.00,0.00",,0.00,0.00,,
calcular distancias google maps iphone,,0,"0.00,0.00,0.00,0.00,0.00,0.00,0.00,0.00,0.00,0.00,0.00,0.00",,0.00,0.00,,
calcular distancias mapa,,0,"0.00,0.00,0.00,0.00,0.00,0.00,0.00,0.00,0.00,0.00,0.00,0.00",,0.00,0.00,,
calcular distancias mapa online,,0,"0.00,0.00,0.00,0.00,0.00,0.00,0.00,0.00,0.00,0.00,0.00,0.00",,0.00,0.00,,
calcular distancias no mapa,,0,"0.00,0.00,0.00,0.00,0.00,0.00,0.00,0.00,0.00,0.00,0.00,0.00",,0.00,0.00,,
calcular distância entre dois pontos maps,,0,"0.00,1.00,0.00,0.00,0.00,0.00,0.00,0.00,0.00,1.00,0.00,0.00",,0.00,0.00,,
calcular distâncias google maps,,0,"0.00,0.00,0.00,0.00,0.00,0.00,0.00,0.00,0.00,0.00,0.00,0.00",,0.00,0.05,,
calcular distâncias no mapa,,0,"0.00,0.00,1.00,0.00,0.00,0.00,0.00,1.00,0.00,0.00,0.00,0.00",,0.00,0.00,,
calcular escala de mapa,,0,"0.00,0.00,0.00,0.00,0.00,0.00,0.00,0.00,0.00,0.00,0.00,0.00",,0.00,0.00,,
calcular escala de un mapa,,0,"1.00,0.00,0.00,0.00,0.00,0.00,0.00,0.00,0.00,0.00,1.00,0.00",,0.00,0.00,,
calcular escala mapa,,0,"0.00,0.00,0.00,1.00,0.00,0.00,0.00,1.00,0.00,0.00,0.00,0.00",,0.00,0.00,,
calcular escalas de mapas,,0,"0.00,1.00,0.00,0.00,0.00,0.00,0.00,0.00,0.00,1.00,0.00,0.00",,0.00,0.00,,
calcular escalas mapa,,0,"0.00,0.00,0.00,0.00,0.00,0.00,0.00,0.00,0.00,0.00,0.00,0.00",,0.00,0.00,,
calcular gasto combustible google maps,,0,"0.00,0.00,1.00,0.00,0.00,0.00,0.00,0.00,0.00,0.00,1.00,0.00",,0.00,0.00,,
calcular gasto gasolina google maps,,0,"0.00,0.00,0.00,0.00,0.00,0.00,0.00,0.00,0.00,0.00,0.00,0.00",,0.00,0.00,,
calcular grados en maps,,0,"0.00,0.00,0.00,0.00,0.00,0.00,0.00,0.00,0.00,0.00,0.00,0.00",,0.00,0.00,,
calcular itinerario google maps,,0,"1.00,1.00,0.00,0.00,0.00,0.00,0.00,0.00,0.00,0.00,0.00,0.00",,0.00,0.00,,
calcular juno mapa astral,,0,"0.00,0.00,0.00,0.00,0.00,0.00,0.00,0.00,0.00,0.00,0.00,0.00",,0.00,0.00,,
calcular juno no mapa astral,,0,"0.00,0.00,0.00,0.00,0.00,0.00,0.00,0.00,0.00,0.00,0.00,0.00",,0.00,0.00,,
calcular kilometros en google maps,,0,"0.00,0.00,0.00,0.00,0.00,0.00,0.00,0.00,0.00,0.00,0.00,0.00",,0.00,0.00,,
calcular kilometros ruta google maps,,0,"0.00,0.00,0.00,0.00,0.00,0.00,0.00,0.00,0.00,0.00,0.00,0.00",,0.00,0.00,,
calcular km ruta google maps,,0,"0.00,0.00,0.00,0.00,0.00,0.00,0.00,0.00,0.00,0.00,0.00,0.00",,0.00,0.00,,
calcular la distancia entre dos puntos en un mapa topografico,,0,"0.00,0.00,0.00,0.00,0.00,0.00,0.00,0.00,0.00,0.00,0.00,0.00",,0.00,0.00,,
calcular la distancia real entre dos puntos en un mapa,,0,"0.00,1.00,0.00,0.00,0.00,0.00,0.00,0.00,0.00,0.00,0.00,0.00",,0.00,0.00,,
calcular la escala grafica de un mapa,,0,"0.00,0.00,0.00,0.00,0.00,0.00,0.00,0.00,0.00,0.00,0.00,0.00",,0.00,0.00,,
calcular lilith mapa astral,,0,"0.00,0.00,1.00,0.00,0.00,0.00,0.00,0.00,0.00,0.00,0.00,0.00",,0.00,0.00,,
calcular lilith no mapa astral,,0,"0.00,0.00,1.00,0.00,0.00,0.00,0.00,0.00,0.00,0.00,0.00,0.00",,0.00,0.00,,
calcular lua mapa astral,,0,"0.00,0.00,0.00,0.00,0.00,0.00,0.00,0.00,0.00,0.00,0.00,0.00",,0.00,0.00,,
calcular lua no mapa astral,,0,"0.00,0.00,0.00,0.00,0.00,0.00,0.00,0.00,0.00,0.00,0.00,0.00",,0.00,0.00,,
calcular mapa astral astro,,0,"0.00,0.00,0.00,0.00,0.00,0.00,0.00,0.00,0.00,0.00,0.00,0.00",,0.00,0.00,,
calcular mapa astral astrodienst,,0,"0.00,0.00,0.00,0.00,0.00,0.00,0.00,0.00,0.00,0.00,0.00,0.00",,0.00,0.00,,
calcular mapa astral cigano,,0,"0.00,0.00,0.00,0.00,0.00,0.00,0.00,0.00,0.00,0.00,0.00,0.00",,0.00,0.00,,
calcular mapa astral completo,,0,"0.00,0.00,0.00,0.00,0.00,0.00,0.00,0.00,0.00,0.00,0.00,0.00",,0.00,0.00,,
calcular mapa astral completo gratis,,0,"0.00,0.00,0.00,0.00,0.00,1.00,1.00,0.00,0.00,0.00,0.00,0.00",,0.00,0.00,,
calcular mapa astral gratis online,,0,"0.00,0.00,0.00,0.00,0.00,0.00,0.00,0.00,0.00,0.00,0.00,0.00",,0.00,0.00,,
calcular mapa astral gratis personare,,0,"0.00,0.00,0.00,0.00,0.00,0.00,0.00,0.00,0.00,0.00,0.00,0.00",,0.00,0.00,,
calcular mapa astral gratuito astro,,0,"0.00,0.00,0.00,0.00,0.00,0.00,0.00,0.00,0.00,0.00,0.00,0.00",,0.00,0.00,,
calcular mapa astral grátis,,0,"0.00,0.00,0.00,0.00,0.00,0.00,0.00,0.00,0.00,0.00,0.00,0.00",,0.00,0.00,,
calcular mapa astral natal gratis,,0,"0.00,0.00,0.00,0.00,0.00,0.00,0.00,0.00,0.00,0.00,0.00,0.00",,0.00,0.00,,
calcular mapa astral online gratis,,0,"1.00,0.00,0.00,0.00,0.00,0.00,0.00,0.00,0.00,1.00,0.00,0.00",,0.00,0.00,,
calcular mapa astral personare,,0,"0.00,0.00,0.00,0.00,0.00,0.00,0.00,0.00,0.00,0.00,0.00,0.00",,0.00,0.00,,
calcular mapa astral portugal,,0,"0.00,0.00,0.00,0.00,0.00,0.00,0.00,0.00,0.00,0.00,0.00,0.00",,0.00,0.00,,
calcular mapa astral sapo,,0,"0.00,0.00,0.00,0.00,0.00,0.00,0.00,0.00,0.00,0.00,0.00,0.00",,0.00,0.00,,
calcular mapa astral somos todos um,,0,"0.00,0.00,0.00,0.00,0.00,0.00,0.00,0.00,0.00,0.00,0.00,0.00",,0.00,0.00,,
calcular mapa astral vedica,,0,"0.00,0.00,0.00,0.00,0.00,0.00,0.00,0.00,0.00,0.00,0.00,0.00",,0.00,0.00,,
calcular mapa astral vedico,,0,"0.00,0.00,0.00,0.00,0.00,0.00,0.00,0.00,0.00,0.00,0.00,0.00",,0.00,0.00,,
calcular mapa cármico,,0,"0.00,0.00,0.00,0.00,1.00,0.00,0.00,0.00,0.00,0.00,0.00,0.00",,0.00,0.00,,
calcular mapa vedico gratis,,0,"0.00,0.00,0.00,0.00,1.00,0.00,0.00,0.00,0.00,0.00,0.00,0.00",,0.00,0.00,,
calcular mape excel,,0,"0.00,0.00,0.00,0.00,0.00,0.00,0.00,0.00,0.00,0.00,0.00,0.00",,0.00,0.00,,
calcular marte no mapa astral,,0,"0.00,0.00,0.00,0.00,0.00,0.00,0.00,0.00,0.00,0.00,0.00,0.00",,0.00,0.00,,
calcular mejor ruta google maps,,0,"0.00,0.00,0.00,0.00,0.00,0.00,0.00,0.00,0.00,0.00,0.00,0.00",,0.00,0.00,,
calcular metros cuadrados google maps,,0,"0.00,0.00,0.00,0.00,0.00,0.00,0.00,0.00,0.00,0.00,0.00,0.00",,0.00,0.00,,
calcular metros en google maps,,0,"0.00,0.00,0.50,0.00,1.00,1.00,0.00,0.00,0.00,0.00,0.00,0.00",,0.00,0.00,,
calcular meu mapa astral,,0,"0.00,0.00,0.00,0.00,0.00,1.00,0.00,0.00,0.00,0.00,0.00,0.00",,0.00,0.00,,
calcular meu mapa astral gratis,,0,"0.00,0.00,0.00,0.00,0.00,0.00,0.00,0.00,0.00,0.00,0.00,0.00",,0.00,0.00,,
calcular meu mapa astral gratuito,,0,"0.00,0.00,0.00,0.00,0.00,0.00,0.00,0.00,0.00,0.00,0.00,0.00",,0.00,0.00,,
calcular meu mapa astrologico gratis e facil,,0,"0.00,0.00,0.00,0.00,0.00,0.00,0.00,0.00,0.00,0.00,0.00,0.00",,0.00,0.00,,
calcular o mapa astral gratis,,0,"0.00,0.00,0.00,0.00,0.00,0.00,0.00,0.00,0.00,0.00,0.00,0.00",,0.00,0.00,,
calcular os elementos no mapa astral,,0,"0.00,0.00,0.00,0.00,0.00,0.00,0.00,0.00,0.00,0.00,0.00,0.00",,0.00,0.00,,
calcular peajes google maps colombia,,0,"0.00,0.00,0.00,0.00,0.00,0.00,0.00,0.00,0.00,0.00,0.00,0.00",,0.00,0.00,,
calcular pedagio google maps,,0,"0.00,0.00,0.00,0.00,0.00,0.00,0.00,0.00,0.00,0.00,0.00,0.00",,0.00,0.00,,
calcular precio gasolina google maps,,0,"0.00,0.00,0.00,0.00,0.00,1.00,0.00,0.00,0.00,0.00,0.00,0.00",,0.00,0.00,,
calcular quiron no mapa astral,,0,"0.00,0.00,0.00,0.00,0.00,0.00,0.00,0.00,0.00,0.00,0.00,0.00",,0.00,0.00,,
calcular quíron mapa astral,,0,"0.00,0.00,0.00,0.00,0.00,0.00,0.00,0.00,0.00,0.00,0.00,0.00",,0.00,0.00,,
calcular quíron no mapa astral,,0,"0.00,0.00,0.00,0.00,0.00,0.00,0.00,0.00,0.00,0.00,0.00,0.00",,0.00,0.00,,
calcular raio google maps,,0,"1.00,0.00,1.00,0.00,0.00,0.00,0.00,0.00,0.00,0.00,0.00,0.00",,0.00,0.00,,
calcular recorrido en google maps,,0,"0.00,0.00,0.00,0.00,0.00,0.00",,0.00,0.00,,
calcular rotas google maps,,0,"0.00,0.00,0.00,0.00,0.00,0.00,0.00,0.00,0.00,0.00,0.00,0.00",,0.00,0.00,,
calcular rotas maps,,0,"0.00,0.00,0.00,0.00,0.00,0.00,0.00,0.00,0.00,0.00,0.00,0.00",,0.00,0.00,,
calcular ruta coche google maps,,0,"0.00,0.00,0.00,0.00,0.00,0.00,0.00,0.00,0.00,0.00,0.00,0.00",,0.00,0.00,,
calcular ruta con google maps,,0,"0.00,0.00,0.00,0.00,0.00,0.00,0.00,0.00,0.00,0.00,0.00,0.00",,0.00,0.00,,
calcular ruta en bici google maps,,0,"0.00,0.00,1.00,0.00,0.00,0.00,0.00,0.00,0.00,0.00,0.00,0.00",,0.00,0.00,,
calcular ruta en coche google maps,,0,"0.00,0.00,0.00",,0.00,0.00,,
calcular ruta en google maps,,0,"0.00,0.00,0.00,0.00,0.00,0.00,0.00,0.00,0.00,0.00,0.00,0.00",,0.00,0.00,,
calcular ruta google map,,0,"0.00,0.00,0.00,0.00,0.00,0.00,0.00,0.00,0.00,0.00,0.00,0.00",,0.00,0.00,,
calcular ruta google maps android,,0,"0.00,0.00,0.00,0.00,0.00,0.00,0.00,0.00,0.00,0.00,0.00,0.00",,0.00,0.00,,
calcular ruta google maps api,,0,"0.00,0.00,0.00,0.00,0.00,0.00,0.00,0.00,0.00,0.00,0.00,0.00",,0.00,0.00,,
calcular ruta google maps javascript,,0,"0.00,0.00,0.00,0.00,0.00,0.00,0.00,0.00,0.00,0.00,0.00,0.00",,0.00,0.00,,
calcular ruta running google maps,,0,"0.00,0.00,0.00,0.00,0.00,0.00,0.00,0.00,0.00,0.00,0.00,0.00",,0.00,0.00,,
calcular rutas google maps,,0,"0.00,0.00,1.00,0.00,0.00,0.00,0.00,0.00,0.00,0.00,0.00,0.00",,0.00,0.00,,
calcular superficie en google maps,,0,"0.00,0.00,0.00,0.00,0.00,0.00,0.00,0.00,0.00,0.00,0.00,0.00",,0.00,0.00,,
calcular tiempo en bicicleta google maps,,0,"0.00,0.00,0.00,0.00,0.00,0.00,0.00,0.00,0.00,0.00,0.00,0.00",,0.00,0.00,,
calcular tols google maps,,0,"0.00,0.00,0.00,0.00,0.00,0.00,0.00,0.00,0.00,0.00,0.00,0.00",,0.00,0.00,,
calcular venus mapa astral,,0,"0.00,0.00,0.00,0.00,0.00,0.00,0.00,0.00,0.00,0.00,0.00,0.00",,0.00,0.00,,
calcular venus no mapa astral,,0,"0.00,0.00,0.00,0.00,0.00,0.00,0.00,0.00,0.00,0.00,0.00,0.00",,0.00,0.00,,
calcular vertex mapa astral,,0,"0.00,0.00,0.00,0.00,0.00,0.00,0.00,0.00,0.00,0.00,0.00,0.00",,0.00,0.00,,
calcular área google maps,,0,"0.00,1.00,0.00,0.00,0.00,0.00,0.00,0.00,0.00,0.00,0.00,1.00",,0.00,0.00,,
calcular área maps,,0,"0.00,0.00,0.00,0.00,0.00,0.00,0.00,0.00,0.00,0.00,0.00,0.00",,0.00,0.00,,
calcular área no google maps,,0,"0.00,0.00,0.00,0.00,0.00,1.00,0.00,0.00,0.00,0.00,0.00,0.00",,0.00,0.00,,
calcular áreas no google maps,,0,"0.00,0.00,0.00,0.00,0.00,0.00,0.00,0.00,0.00,0.00,0.00,0.00",,0.00,0.00,,
calculate 3 mile radius using google maps,,0,"0.00,0.00,0.00,0.00,0.00,0.00,0.00,0.00,0.00,0.00,0.00,0.00",,0.00,0.00,,
calculate a distance on a map,,0,"0.00,0.00,0.00,0.00,0.00,0.00,0.00,0.00,0.00,0.00,0.00,0.00",,0.72,0.01,,
calculate a distance on google maps,,0,"0.00,0.00,0.00,0.00,0.00,0.00,0.00,0.00,0.00,0.00,0.00,0.00",,0.43,0.00,,
calculate a distance using google maps,,0,"0.00,0.00,0.00,0.00,0.00,0.00,0.00,0.00,0.00,0.00,0.00,0.00",,0.00,0.00,,
calculate a nomral map,,0,"0.00,0.00,0.00,0.00,0.00,0.00,0.00,0.00,0.00,0.00,0.00,0.00",,0.00,0.00,,
calculate a nomral map non-greyscale,,0,"0.00,0.00,0.00,0.00,0.00,0.00,0.00,0.00,0.00,0.00,0.00,0.00",,0.00,0.00,,
calculate a radius on google maps,,0,"0.00,0.00,0.00,0.00,0.00,0.00,0.00,0.00,0.00,0.00,0.00,0.00",,0.00,0.00,,
calculate a running route on google maps,,0,"0.00,0.00,0.00,0.00,0.00,0.00,0.00,0.00,0.00,0.00,0.00,0.00",,0.00,0.00,,
calculate aao based on spatial map,,0,"0.00,0.00,0.00,0.00,0.00,0.00,0.00,0.00,0.00,0.00,0.00,0.00",,0.00,0.00,,
calculate absolute distance with google maps,,0,"0.00,0.00,0.00,0.00,0.00,0.00,0.00,0.00,0.00,0.00,0.00,0.00",,0.00,0.00,,
calculate acerage map,,0,"0.00,0.00,0.00,0.00,0.00,0.00,0.00,0.00,0.00,0.00,0.00,0.00",,0.00,0.00,,
calculate acreage from a map,,0,"0.00,0.00,0.00,0.00,0.00,0.00,0.00,0.00,0.00,0.00,0.00,0.00",,0.00,0.00,,
calculate acreage from google map,,0,"0.00,0.00,0.00,0.00,0.00,0.00,0.00,0.00,0.00,0.00,0.00,0.00",,0.00,0.00,,
calculate acreage from map,,0,"0.00,0.00,0.00,0.00,0.00,0.00,0.00,0.00,0.00,0.00,0.00,0.00",,0.00,0.00,,
calculate acreage on maps,,0,"0.00,0.00,0.00,0.00,0.00,0.00,0.00,0.00,0.00,0.00,0.00,0.00",,0.00,0.00,,
calculate acreage using a map,,0,"0.00,0.00,0.00,0.00,0.00,0.00,0.00,0.00,0.00,0.00,0.00,0.00",,0.00,0.00,,
calculate acreage using google maps,,0,"0.00,0.00,0.00,0.00,0.00,0.00,0.00,0.00,0.00,0.00,0.00,0.00",,0.00,0.00,,
calculate acres google maps,,0,"0.00,0.00,0.00,0.00,0.00,0.00,0.00,0.00,0.00,0.00,0.00,0.00",,0.40,0.05,,
calculate acres map,,0,"0.00,0.00,0.00,0.00,0.00,0.00,0.00,0.00,0.00,0.00,0.00,0.00",,0.00,0.00,,
calculate acres on map,,0,"0.00,0.00,0.00,0.00,0.00,0.00,0.00,0.00,0.00,0.00,0.00,0.00",,0.45,0.05,,
calculate acres with google maps,,0,"0.00,0.00,0.00,0.00,0.00,0.00,0.00,0.00,0.00,0.00,0.00,0.00",,0.00,0.00,,
calculate aerial distance google maps,,0,"0.00,0.00,0.00,0.00,0.00,0.00,0.00,0.00,1.00,0.00,0.00,0.00",,0.00,0.00,,
calculate air distance between two points map,,0,"0.00,0.00,0.00,0.00,0.00,0.00,0.00,0.00,0.00,0.00,0.00,0.00",,0.00,0.00,,
calculate air miles google maps,,0,"0.00,0.00,0.00,0.00,0.00,0.00,0.00,0.00,0.00,0.00,0.00,0.00",,0.00,0.00,,
calculate albdeo map,,0,"0.00,0.00,0.00,0.00,0.00,0.00,0.00,0.00,0.00,0.00,0.00,0.00",,0.00,0.00,,
calculate albedo map,,0,"0.00,0.00,0.00,0.00,0.00,0.00,0.00,0.00,0.00,0.00,0.00,0.00",,0.00,0.00,,
calculate all biholomorphic maps of u,,0,"0.00,0.00,0.00,0.00,0.00,0.00,0.00,0.00,0.00,0.00,0.00,0.00",,0.00,0.00,,
calculate all biholomorphic self maps of u,,0,"0.00,0.00,0.00,0.00,0.00,0.00,0.00,0.00,0.00,0.00,0.00,0.00",,0.00,0.00,,
calculate altitude on google maps,,0,"0.00,0.00,0.00,0.00,0.00,0.00,0.00,0.00,0.00,0.00,0.00,0.00",,0.00,0.00,,
calculate angle on google maps,,0,"0.00,0.00,0.00,0.00,0.00,0.00,0.00,0.00,0.00,0.00,0.00,0.00",,0.00,0.00,,
calculate angles google maps,,0,"0.00,0.00,0.00,0.00,0.00,0.00,0.00,0.00,0.00,0.00,0.00,0.00",,0.00,0.00,,
calculate area bing maps,,0,"0.00,0.00,0.00,0.00,0.00,0.00,0.00,0.00,0.00,0.00,0.00,0.00",,0.00,0.00,,
calculate area by map,,0,"0.00,0.00,0.00,0.00,0.00,0.00,0.00,0.00,0.00,0.00,0.00,0.00",,0.00,0.00,,
calculate area from a map,,0,"0.00,0.00,0.00,0.00,0.00,0.00,0.00,0.00,0.00,0.00,0.00,0.00",,0.00,0.00,,
calculate area from map coordinates,,0,"0.00,0.00,0.00,0.00,0.00,0.00,0.00,0.00,0.00,0.00,0.00,0.00",,0.00,0.00,,
calculate area from perimeter google maps,,0,"0.00,0.00,0.00,0.00,0.00,0.00,0.00,0.00,0.00,0.00,0.00,0.00",,0.00,0.00,,
calculate area google map,,0,"0.00,0.00,0.00,0.00,0.00,0.00,0.00,0.00,0.00,0.00,0.00,0.00",,0.40,0.03,,
calculate area google map polygon,,0,"0.00,0.00,0.00,0.00,0.00,0.00,0.00,0.00,0.00,0.00,0.00,0.00",,0.00,0.00,,
calculate area google maps api,,0,"0.00,0.00,0.00,0.00,0.00,0.00,0.00,0.00,0.00,0.00,0.00,0.00",,0.00,0.00,,
calculate area gootle maps,,0,"0.00,0.00,0.00,0.00,0.00,0.00,0.00,0.00,0.00,0.00,0.00,0.00",,0.00,0.00,,
calculate area map scale,,0,"0.00,0.00,0.00,0.00,0.00,0.00,0.00,0.00,0.00,0.00,0.00,0.00",,0.00,0.00,,
calculate area maps google,,0,"0.00,0.00,0.00,0.00,0.00,0.00,0.00,0.00,0.00,0.00,0.00,0.00",,0.40,0.03,,
calculate area of a google maps latlng bounds,,0,"0.00,0.00,0.00,0.00,0.00,0.00,0.00,0.00,0.00,0.00,0.00,0.00",,0.00,0.00,,
calculate area of a google maps viewport,,0,"0.00,0.00,0.00,0.00,0.00,0.00,0.00,0.00,0.00,0.00,0.00,0.00",,0.00,0.00,,
calculate area of a map,,0,"0.00,0.00,0.00,0.00,0.00,0.00,0.00,0.00,0.00,0.00,0.00,0.00",,0.00,0.00,,
calculate area of a polygon within google maps android,,0,"0.00,0.00,0.00,0.00,0.00,0.00,0.00,0.00,0.00,0.00,0.00,0.00",,0.00,0.00,,
calculate area of a surface map,,0,"0.00,0.00,0.00,0.00,0.00,0.00,0.00,0.00,0.00,0.00,0.00,0.00",,0.00,0.00,,
calculate area of each map grid cell python,,0,"0.00,0.00,0.00,0.00,0.00,0.00,0.00,0.00,0.00,0.00,0.00,0.00",,0.00,0.00,,
calculate area of land from map,,0,"0.00,0.00,0.00,0.00,0.00,0.00,0.00,0.00,0.00,0.00,0.00,0.00",,0.37,0.09,,
calculate area of lawn google maps,,0,"0.00,0.00,0.00,0.00,0.00,0.00,0.00,0.00,0.00,0.00,0.00,0.00",,0.00,0.00,,
calculate area of property on google maps,,0,"0.00,0.00,0.00,0.00,0.00,0.00,0.00,0.00,0.00,0.00,0.00,0.00",,0.00,0.00,,
calculate area of shape on arc map,,0,"0.00,0.00,0.00,0.00,0.00,0.00,0.00,0.00,0.00,0.00,0.00,0.00",,0.00,0.00,,
calculate area on a google map,,0,"0.00,0.00,0.00,0.00,0.00,0.00,0.00,0.00,0.00,0.00,0.00,0.00",,0.00,0.00,,
calculate area on apple maps,,0,"0.00,0.00,0.00,0.00,0.00,0.00,0.00,0.00,0.00,0.00,0.00,0.00",,0.00,0.00,,
calculate area on bing maps,,0,"0.00,0.00,0.00,0.00,0.00,0.00,0.00,0.00,0.00,0.00,0.00,0.00",,0.00,0.00,,
calculate area on map scale,,0,"0.00,0.00,0.00,0.00,0.00,0.00,0.00,0.00,0.00,0.00,0.00,0.00",,0.00,0.00,,
calculate area on maps,,0,"0.00,0.00,0.00,0.00,0.00,0.00,0.00,0.00,0.00,0.00,0.00,1.00",,0.00,0.05,,
calculate area on os map,,0,"0.00,0.00,0.00,0.00,0.00,0.00,0.00,0.00,0.00,0.00,0.00,0.00",,0.00,0.00,,
calculate area on world map,,0,"0.00,0.00,0.00,0.00,0.00,0.00,0.00,0.00,0.00,0.00,0.00,0.00",,0.00,0.00,,
calculate area online map,,0,"0.00,0.00,0.00,0.00,0.00,0.00,0.00,0.00,0.00,0.00,0.00,0.00",,0.00,0.00,,
calculate area polygon google maps,,0,"0.00,0.00,0.00,0.00,0.00,0.00,0.00,0.00,0.00,0.00,0.00,0.00",,0.00,0.00,,
calculate area topographic map,,0,"0.00,0.00,0.00,0.00,0.00,0.00,0.00,0.00,0.00,0.00,0.00,0.00",,0.00,0.00,,
calculate area using bing maps,,0,"0.00,0.00,0.00,0.00,0.00,0.00,0.00,0.00,0.00,0.00,0.00,0.00",,0.00,0.00,,
calculate area via google maps,,0,"0.00,0.00,0.00,0.00,0.00,0.00,0.00,0.00,0.00,0.00,0.00,0.00",,0.00,0.00,,
calculate arrival time google maps,,0,"0.00,0.00,0.00,0.00,0.00,0.00,0.00,0.00,0.00,0.00,0.00,0.00",,0.00,0.00,,
calculate arrival time speed distance maps,,0,"0.00,0.00,0.00,0.00,0.00,0.00,0.00,0.00,0.00,0.00,0.00,0.00",,0.00,0.00,,
calculate arrival time speed maps,,0,"0.00,0.00,0.00,0.00,0.00,0.00,0.00,0.00,0.00,0.00,0.00,0.00",,0.00,0.00,,
calculate average slope using contour map arcmap,,0,"0.00,0.00,0.00,0.00,0.00,0.00,0.00,0.00,0.00,0.00,0.00,0.00",,0.00,0.00,,
calculate bearing on google maps,,0,"0.00,0.00,0.00,0.00,0.00,0.00,0.00,0.00,0.00,0.00,0.00,0.00",,0.00,0.00,,
calculate bike ride distance map,,0,"0.00,0.00,0.00,0.00,0.00,0.00,0.00,0.00,0.00,0.00,0.00,0.00",,0.00,0.00,,
calculate bike route google maps,,0,"0.00,0.00,0.00,0.00,0.00,0.00,0.00,0.00,0.00,0.00,0.00,0.00",,0.00,0.00,,
calculate bike total climbing map,,0,"0.00,0.00,0.00,0.00,0.00,0.00,0.00,0.00,0.00,0.00,0.00,0.00",,0.00,0.00,,
calculate biking distance google maps,,0,"0.00,0.00,0.00,0.00,0.00,0.00,0.00,0.00,0.00,0.00,0.00,0.00",,0.00,0.00,,
calculate blooe pressure map,,0,"0.00,0.00,0.00,0.00,0.00,0.00,0.00,0.00,0.00,0.00,0.00,0.00",,0.00,0.00,,
calculate boost from map,,0,"0.00,0.00,0.00,0.00,0.00,0.00,0.00,0.00,0.00,0.00,0.00,0.00",,0.00,0.00,,
calculate building height with google maps,,0,"0.00,0.00,0.00,0.00,0.00,0.00,0.00,0.00,0.00,0.00,0.00,0.00",,0.00,0.00,,
calculate cardiac output from map,,0,"0.00,0.00,0.00,0.00,0.00,0.00,0.00,0.00,0.00,0.00,0.00,0.00",,0.00,0.00,,
calculate circumference from map,,0,"0.00,0.00,0.00,0.00,0.00,0.00,0.00,0.00,0.00,0.00,0.00,0.00",,0.00,0.00,,
calculate circumference on google maps,,0,"0.00,0.00,0.00,0.00,0.00,0.00,0.00,0.00,0.00,0.00,0.00,0.00",,0.00,0.00,,
calculate coefficient map,,0,"0.00,0.00,0.00,0.00,0.00,0.00,0.00,0.00,0.00,0.00,0.00,0.00",,0.00,0.00,,
calculate commute in google maps,,0,"0.00,0.00,0.00,0.00,0.00,0.00,0.00,0.00,0.00,0.00,0.00,0.00",,0.00,0.00,,
calculate commute map,,0,"0.00,0.00,0.00,0.00,0.00,0.00,0.00,0.00,0.00,0.00,0.00,0.00",,0.00,0.00,,
calculate concentration map in flow tube,,0,"0.00,0.00,0.00,0.00,0.00,0.00,0.00,0.00,0.00,0.00,0.00,0.00",,0.00,0.00,,
calculate contour interval topographic map,,0,"0.00,0.00,0.00,0.00,0.00,0.00,0.00,0.00,0.00,0.00,0.00,0.00",,0.00,0.00,,
calculate cpp map icp,,0,"0.00,0.00,0.00,0.00,0.00,0.00,0.00,0.00,0.00,0.00,0.00,0.00",,0.00,0.00,,
calculate ct value stream mapping,,0,"0.00,0.00,0.00,0.00,0.00,0.00,0.00,0.00,0.00,0.00,0.00,0.00",,0.00,0.00,,
calculate current inverting op map,,0,"0.00,0.00,0.00,0.00,0.00,0.00,0.00,0.00,0.00,0.00,0.00,0.00",,0.00,0.00,,
calculate custom route after run google maps,,0,"0.00,0.00,0.00,0.00,0.00,0.00,0.00,0.00,0.00,0.00,0.00,0.00",,0.00,0.00,,
calculate cycle time value stream mapping,,0,"0.00,0.00,0.00,0.00,0.00,0.00,0.00,0.00,0.00,0.00,0.00,0.00",,0.00,0.00,,
calculate dbp using map and sbp,,0,"0.00,0.00,0.00,0.00,0.00,0.00,0.00,0.00,0.00,0.00,0.00,0.00",,0.00,0.00,,
calculate degree on map,,0,"0.00,0.00,0.00,0.00,0.00,0.00,0.00,0.00,0.00,0.00,0.00,0.00",,0.00,0.00,,
calculate density of cover map,,0,"0.00,0.00,0.00,0.00,0.00,0.00,0.00,0.00,0.00,0.00,0.00,0.00",,0.00,0.00,,
calculate depth map opencv,,0,"0.00,0.00,0.00,0.00,0.00,0.00,0.00,0.00,0.00,0.00,0.00,0.00",,0.00,0.00,,
calculate diamter from map,,0,"0.00,0.00,0.00,0.00,0.00,0.00,0.00,0.00,0.00,0.00,0.00,0.00",,0.00,0.00,,
calculate difference pixels map algebra arcgis,,0,"0.00,0.00,0.00,0.00,0.00,0.00,0.00,0.00,0.00,0.00,0.00,0.00",,0.00,0.00,,
calculate differential of a smooth map,,0,"0.00,0.00,0.00,0.00,0.00,0.00,0.00,0.00,0.00,0.00,0.00,0.00",,0.00,0.00,,
calculate differential of gauss map,,0,"0.00,0.00,0.00,0.00,0.00,0.00,0.00,0.00,0.00,0.00,0.00,0.00",,0.00,0.00,,
calculate direct mapped cache,,0,"0.00,0.00,0.00,0.00,0.00,0.00,0.00,0.00,0.00,0.00,0.00,0.00",,0.00,0.00,,
calculate directions google maps based on time of day,,0,"0.00,0.00,0.00,0.00,0.00,0.00,0.00,0.00,0.00,0.00,0.00,0.00",,0.00,0.00,,
calculate disparity map,,0,"0.00,0.00,0.00,0.00,0.00,0.00,0.00,0.00,0.00,0.00,0.00,0.00",,0.00,0.00,,
calculate disparity map matlab,,0,"0.00,0.00,0.00,0.00,0.00,0.00,0.00,0.00,0.00,0.00,0.00,0.00",,0.00,0.00,,
calculate distacne google maps,,0,"0.00,0.00,0.00,0.00,0.00,0.00,0.00,0.00,0.00,0.00,0.00,0.00",,0.00,0.00,,
calculate distance 2 points google maps,,0,"0.00,0.00,0.00,0.00,0.00,0.00,0.00,0.00,0.00,0.00,0.00,0.00",,0.00,0.00,,
calculate distance across land with google maps,,0,"0.00,0.00,0.00,0.00,0.00,0.00,0.00,0.00,0.00,0.00,0.00,0.00",,0.00,0.00,,
calculate distance along route google maps,,0,"0.00,0.00,0.00,0.00,0.00,0.00,0.00,0.00,0.00,0.00,0.00,0.00",,0.00,0.00,,
calculate distance as the crow flies on google maps,,0,"0.00,0.00,0.00,0.00,0.00,0.00,0.00,0.00,0.00,0.00,0.00,0.00",,0.00,0.00,,
calculate distance between 2 addresses in google maps,,0,"0.00,0.00,0.00,0.00,0.00,0.00,0.00,0.00,0.00,0.00,0.00,0.00",,0.00,0.00,,
calculate distance between 2 places google maps,,0,"0.00,0.00,0.00,0.00,0.00,0.00,0.00,0.00,0.00,0.00,0.00,0.00",,0.00,0.00,,
calculate distance between 2 points map,,0,"0.00,0.00,0.00,0.00,0.00,0.00,1.00,0.00,0.00,0.00,0.00,0.00",,0.00,0.00,,
calculate distance between cities on a map,,0,"0.00,0.00,0.00,0.00,0.00,0.00,0.00,0.00,0.00,0.00,0.00,0.00",,0.00,0.00,,
calculate distance between coordinates google maps,,0,"0.00,0.00,0.00,0.00,0.00,0.00,0.00,0.00,0.00,0.00,0.00,0.00",,0.00,0.00,,
calculate distance between locations google maps,,0,"0.00,0.00,0.00,0.00,0.00,0.00,0.00,0.00,0.00,0.00,0.00,0.00",,0.00,0.00,,
calculate distance between multiple points google maps javascript,,0,"0.00,0.00,0.00,0.00,0.00,1.00,0.00,0.00,0.00,0.00,0.00,0.00",,0.00,0.00,,
calculate distance between places google maps,,0,"0.00,0.00,0.00,0.00,0.00,0.00,0.00,0.00,0.00,0.00,0.00,0.00",,0.00,0.00,,
calculate distance between points google maps,,0,"0.00,0.00,0.00,0.00,0.00,0.00,0.00,0.00,0.00,0.00,0.00,0.00",,0.00,0.00,,
calculate distance between points map,,0,"0.00,0.00,0.00,0.00,0.00,0.00,0.00,0.00,0.00,0.00,0.00,0.00",,0.00,0.00,,
calculate distance between points on a map,,0,"0.00,0.00,0.00,0.00,0.00,0.00,0.00,0.00,0.00,0.00,0.00,0.00",,0.00,0.00,,
calculate distance between points on map,,0,"0.00,0.00,0.00,0.00,0.00,0.00,0.00,0.00,0.00,0.00,0.00,0.00",,0.00,0.00,,
calculate distance between to spots on a map,,0,"0.00,0.00,0.00,0.00,0.00,0.00,0.00,0.00,0.00,0.00,0.00,0.00",,0.00,0.00,,
calculate distance between two cities in google maps,,0,"0.00,0.00,0.00,0.00,0.00,0.00,0.00,0.00,0.00,0.00,0.00,0.00",,0.00,0.00,,
calculate distance between two gps coordinates google maps,,0,"0.00,0.00,0.00,1.00,0.00,1.00,0.00,0.00,0.00,0.00,0.00,0.00",,0.00,0.00,,
calculate distance between two map coordinates in python,,0,"0.00,0.00,0.00,0.00,0.00,0.00,0.00,0.00,0.00,0.00,0.00,0.00",,0.00,0.00,,
calculate distance between two map points,,0,"0.00,0.00,0.00,0.00,0.00,0.00,0.00,0.00,0.00,0.00,0.00,0.00",,0.00,0.00,,
calculate distance between two markers google maps android,,0,"0.00,0.00,0.00,0.00,0.00,0.00,0.00,0.00,0.00,0.00,0.00,0.00",,0.00,0.00,,
calculate distance between two points bing maps,,0,"0.00,0.00,0.00,0.00,0.00,0.00,0.00,0.00,0.00,0.00,0.00,0.00",,0.00,0.00,,
calculate distance between two points google map api,,0,"0.00,0.00,0.00,0.00,0.00,0.00,0.00,0.00,0.00,0.00,0.00,0.00",,0.00,0.00,,
calculate distance between two points google maps android,,0,"0.00,0.00,0.00,0.00,0.00,0.00,0.00,0.00,0.00,0.00,0.00,0.00",,0.00,0.00,,
calculate distance between two points google maps android example,,0,"0.00,0.00,0.00,0.00,0.00,0.00,0.00,0.00,0.00,0.00,0.00,0.00",,0.00,0.00,,
calculate distance between two points google maps android studio,,0,"0.00,0.00,0.00,0.00,0.00,0.00,0.00,0.00,0.00,0.00,0.00,0.00",,0.00,0.00,,
calculate distance between two points google maps api android,,0,"0.00,0.00,0.00,0.00,0.00,0.00,0.00,0.00,0.00,0.00,0.00,0.00",,0.00,0.00,,
calculate distance between two points google maps api c,,0,"0.00,0.00,0.00,0.00,0.00,0.00,0.00,0.00,0.00,0.00,0.00,0.00",,0.00,0.00,,
calculate distance between two points google maps api in swift,,0,"0.00,0.00,0.00,0.00,0.00,0.00,0.00,0.00,0.00,0.00,0.00,0.00",,0.00,0.00,,
calculate distance between two points google maps api php,,0,"0.00,0.00,0.00,0.00,0.00,0.00,0.00,0.00,0.00,0.00,0.00,0.00",,0.00,0.00,,
calculate distance between two points google maps api v3,,0,"0.00,0.00,0.00,0.00,0.00,0.00,0.00,0.00,0.00,0.00,0.00,0.00",,0.00,0.00,,
calculate distance between two points google maps app,,0,"0.00,0.00,0.00,0.00,0.00,0.00,0.00,0.00,0.00,0.00,0.00,0.00",,0.00,0.00,,
calculate distance between two points google maps asp.net,,0,"0.00,0.00,0.00,0.00,0.00,0.00,0.00,0.00,0.00,0.00,0.00,0.00",,0.00,0.00,,
calculate distance between two points google maps automatically,,0,"0.00,0.00,0.00,0.00,0.00,0.00,0.00,0.00,0.00,0.00,0.00,0.00",,0.00,0.00,,
calculate distance between two points google maps c,,0,"0.00,0.00,0.00,0.00,0.00,0.00,0.00,0.00,0.00,0.00,0.00,0.00",,0.00,0.00,,
calculate distance between two points google maps c#,,0,"0.00,0.00,0.00,0.00,0.00,0.00,0.00,0.00,0.00,0.00,0.00,0.00",,0.00,0.00,,
calculate distance between two points google maps ios,,0,"0.00,0.00,0.00,0.00,0.00,0.00,0.00,0.00,0.00,0.00,0.00,0.00",,0.00,0.00,,
calculate distance between two points google maps java,,0,"0.00,0.00,0.00,0.00,0.00,0.00,0.00,0.00,0.00,0.00,0.00,0.00",,0.00,0.00,,
calculate distance between two points google maps online,,0,"0.00,0.00,0.00,0.00,0.00,0.00,0.00,0.00,0.00,0.00,0.00,0.00",,0.00,0.00,,
calculate distance between two points google maps php,,0,"0.00,0.00,0.00,0.00,0.00,0.00,0.00,0.00,0.00,0.00,0.00,0.00",,0.00,0.00,,
calculate distance between two points google maps wordpress,,0,"0.00,0.00,0.00,0.00,0.00,0.00,0.00,0.00,0.00,0.00,0.00,0.00",,0.00,0.00,,
calculate distance between two points in google maps v3,,0,"0.00,0.00,0.00,0.00,0.00,0.00,0.00,0.00,0.00,0.00,0.00,0.00",,0.00,0.00,,
calculate distance between two points in map,,0,"0.00,0.00,0.00,0.00,0.00,0.00,0.00,0.00,0.00,0.00,0.00,0.00",,0.00,0.00,,
calculate distance between two points latitude longitude google map,,0,"0.00,0.00,0.00,0.00,0.00,0.00,0.00,0.00,0.00,0.00,0.00,0.00",,0.00,0.00,,
calculate distance between two points maps google,,0,"0.00,0.00,0.00,0.00,0.00,0.00,0.00,0.00,0.00,0.00,0.00,0.00",,0.00,0.00,,
calculate distance between two points on google map,,0,"0.00,0.00,0.00,0.00,0.00,0.00,0.00,0.00,0.00,0.00,0.00,0.00",,0.00,0.00,,
calculate distance between two points on map in r,,0,"0.00,0.00,0.00,0.00,0.00,0.00,0.00,0.00,0.00,0.00,0.00,0.00",,0.00,0.00,,
calculate distance between two points on maps,,0,"0.00,0.00,0.00,0.00,0.00,0.00,0.00,0.00,0.00,0.00,0.00,0.00",,0.00,0.00,,
calculate distance between two points with google maps api,,0,"0.00,0.00,0.00,0.00,0.00,0.00,0.00,0.00,0.00,0.00,0.00,0.00",,0.00,0.00,,
calculate distance between two postcodes google maps,,0,"0.00,0.00,0.00,0.00,0.00,0.00,0.00,0.00,0.00,0.00,0.00,0.00",,0.00,0.00,,
calculate distance by drawing on a map,,0,"0.00,0.00,0.00,0.00,0.00,0.00,0.00,0.00,0.00,0.00,0.00,0.00",,0.00,0.00,,
calculate distance by road on google maps,,0,"0.00,0.00,0.00,0.00,0.00,0.00,0.00,0.00,0.00,0.00,0.00,0.00",,0.00,0.00,,
calculate distance course google map,,0,"0.00,0.00,0.00,0.00,0.00,0.00,0.00,0.00,0.00,0.00,0.00,0.00",,0.00,0.00,,
calculate distance entre deux points google maps,,0,"0.00,0.00,0.00,0.00,0.00,0.00,0.00,0.00,0.00,0.00,0.00,0.00",,0.00,0.00,,
calculate distance freon map,,0,"0.00,0.00,0.00,0.00,0.00,0.00,0.00,0.00,0.00,0.00,0.00,0.00",,0.00,0.00,,
calculate distance from coordinates map,,0,"0.00,0.00,0.00,0.00,0.00,0.00,0.00,0.00,0.00,0.00,0.00,0.00",,0.00,0.00,,
calculate distance from google maps into excel,,0,"0.00,0.00,0.00,0.00,0.00,0.00,0.00,0.00,0.00,0.00,0.00,0.00",,0.00,0.00,,
calculate distance from one point to another google maps,,0,"0.00,0.00,0.00,0.00,0.00,0.00,0.00,0.00,0.00,0.00,0.00,0.00",,0.00,0.00,,
calculate distance from two points on a map,,0,"0.00,0.00,0.00,0.00,0.00,0.00,0.00,0.00,0.00,0.00,0.00,0.00",,0.00,0.00,,
calculate distance goodle maps,,0,"0.00,0.00,0.00,0.00,0.00,0.00,0.00,0.00,0.00,0.00,0.00,0.00",,0.00,0.00,,
calculate distance google map,,0,"0.00,0.00,0.00,0.00,0.00,0.00,0.00,0.00,0.00,0.00,0.00,0.00",,0.43,0.00,,
calculate distance google map api,,0,"0.00,0.00,0.00,0.00,0.00,0.00,0.00,0.00,0.00,0.00,0.00,0.00",,0.00,0.00,,
calculate distance google maps api android,,0,"0.00,0.00,0.00,0.00,0.00,0.00,0.00,0.00,0.00,0.00,0.00,0.00",,0.00,0.00,,
calculate distance google maps api java,,0,"0.00,0.00,0.00,0.00,0.00,0.00,0.00,0.00,0.00,0.00,0.00,0.00",,0.00,0.00,,
calculate distance google maps api php,,0,"0.00,0.00,0.00,0.00,0.00,0.00,0.00,0.00,0.00,0.00,0.00,0.00",,0.00,0.00,,
calculate distance google maps api v3,,0,"0.00,0.00,0.00,0.00,0.00,0.00,0.00,0.00,0.00,0.00,0.00,0.00",,0.00,0.00,,
calculate distance google maps between two points,,0,"0.00,0.00,0.00,0.00,0.00,0.00,0.00,0.00,0.00,0.00,0.00,0.00",,0.00,0.00,,
calculate distance google maps c,,0,"0.00,0.00,0.00,0.00,0.00,0.00,0.00,0.00,0.00,0.00,0.00,0.00",,0.00,0.00,,
calculate distance google maps c#,,0,"0.00,0.00,0.00,0.00,0.00,0.00,0.00,0.00,0.00,0.00,0.00,0.00",,0.00,0.00,,
calculate distance google maps ionic,,0,"0.00,0.00,0.00,0.00,0.00,0.00,0.00,0.00,0.00,0.00,0.00,0.00",,0.00,0.00,,
calculate distance google maps ios,,0,"0.00,0.00,0.00,0.00,0.00,0.00,0.00,0.00,0.00,0.00,0.00,0.00",,0.00,0.00,,
calculate distance google maps mac,,0,"0.00,0.00,0.00,0.00,0.00,0.00,0.00,0.00,0.00,0.00,0.00,0.00",,0.00,0.00,,
calculate distance google maps php,,0,"0.00,0.00,0.00,0.00,0.00,0.00,0.00,0.00,0.00,0.00,0.00,0.00",,0.00,0.00,,
calculate distance google maps point,,0,"0.00,0.00,0.00,0.00,0.00,0.00,0.00,0.00,0.00,0.00,0.00,0.00",,0.00,0.00,,
calculate distance google maps time leaving,,0,"0.00,0.00,0.00,0.00,0.00,0.00,0.00,0.00,0.00,0.00,0.00,0.00",,0.00,0.00,,
calculate distance google maps two points,,0,"0.00,0.00,0.00,0.00,0.00,0.00,0.00,0.00,0.00,0.00,0.00,0.00",,0.00,0.00,,
calculate distance in arcgis by google map,,0,"0.00,0.00,0.00,0.00,0.00,0.00,0.00,0.00,0.00,0.00,0.00,0.00",,0.00,0.00,,
calculate distance in google maps android,,0,"0.00,0.00,0.00,0.00,0.00,0.00,0.00,0.00,0.00,0.00,0.00,0.00",,0.00,0.00,,
calculate distance in google maps api,,0,"0.00,0.00,0.00,0.00,0.00,0.00,0.00,0.00,0.00,0.00,0.00,0.00",,0.00,0.00,,
calculate distance in google maps running,,0,"0.00,0.00,0.00,0.00,0.00,0.00,0.00,0.00,0.00,0.00,0.00,0.00",,0.00,0.00,,
calculate distance in google maps straight line,,0,"0.00,0.00,0.00,0.00,0.00,0.00,0.00,0.00,0.00,0.00,0.00,0.00",,0.00,0.00,,
calculate distance in map android,,0,"0.00,0.00,0.00,0.00,0.00,0.00,0.00,0.00,0.00,0.00,0.00,0.00",,0.00,0.00,,
calculate distance in miles on map,,0,"0.00,0.00,0.00,0.00,0.00,0.00,0.00,0.00,0.00,0.00,0.00,0.00",,0.00,0.00,,
calculate distance in my maps,,0,"0.00,0.00,0.00,0.00,0.00,0.00,0.00,0.00,0.00,0.00,0.00,0.00",,0.00,0.00,,
calculate distance javascript google maps api,,0,"0.00,0.00,0.00,0.00,0.00,0.00,0.00,0.00,0.00,0.00,0.00,0.00",,0.00,0.00,,
calculate distance lat long google maps,,0,"0.00,0.00,0.00,0.00,0.00,0.00,0.00,0.00,0.00,0.00,0.00,0.00",,0.00,0.00,,
calculate distance map android,,0,"0.00,0.00,0.00,0.00,0.00,0.00,0.00,0.00,0.00,0.00,0.00,0.00",,0.00,0.00,,
calculate distance map coordinates,,0,"0.00,0.00,0.00,0.00,0.00,0.00,0.00,0.00,0.00,0.00,0.00,0.00",,0.00,0.00,,
calculate distance map ipad,,0,"0.00,0.00,0.00,0.00,0.00,0.00,0.00,0.00,0.00,0.00,0.00,0.00",,0.00,0.00,,
calculate distance maps,,0,"0.00,0.00,0.00,0.00,0.00,0.00,0.00,0.00,1.00,0.00,0.66,0.00",,0.72,0.01,,
calculate distance miles map,,0,"0.00,0.00,0.00,0.00,0.00,0.00,0.00,0.00,0.00,0.00,0.00,0.00",,0.00,0.00,,
calculate distance on a map google,,0,"0.00,0.00,0.00,0.00,0.00,0.00,0.00,0.00,0.00,0.00,0.00,0.00",,0.43,0.00,,
calculate distance on a map streets,,0,"0.00,0.00,0.00,0.00,0.00,0.00,0.00,0.00,0.00,0.00,0.00,0.00",,0.00,0.00,,
calculate distance on apple maps,,0,"0.00,0.00,0.00,0.00,0.00,0.00,0.00,0.00,0.00,0.00,0.00,0.00",,0.00,0.00,,
calculate distance on goofle maps,,0,"0.00,0.00,0.00,0.00,0.00,0.00,0.00,0.00,0.00,0.00,0.00,0.00",,0.00,0.00,,
calculate distance on google map android,,0,"0.00,0.00,0.00,0.00,0.00,0.00,0.00,0.00,0.00,0.00,0.00,0.00",,0.00,0.00,,
calculate distance on google map api,,0,"0.00,0.00,0.00,0.00,0.00,0.00,0.00,0.00,0.00,0.00,0.00,0.00",,0.00,0.00,,
calculate distance on google maps android,,0,"0.00,0.00,0.00,0.00,0.00,0.00,0.00,0.00,0.00,0.00,0.00,0.00",,0.00,0.00,,
calculate distance on google maps api,,0,"0.00,0.00,0.00,0.00,0.00,0.00,0.00,0.00,0.00,0.00,0.00,0.00",,0.00,0.00,,
calculate distance on google maps ipad,,0,"0.00,0.00,0.00,0.00,0.00,0.00,0.00,0.00,0.00,0.00,0.00,0.00",,0.00,0.00,,
calculate distance on google maps iphone,,0,"0.00,0.00,0.00,0.00,0.00,0.00,0.00,0.00,0.00,0.00,0.00,0.00",,0.00,0.00,,
calculate distance on google maps macbook air,,0,"0.00,0.00,0.00,0.00,0.00,0.00,0.00,0.00,0.00,0.00,0.00,0.00",,0.00,0.00,,
calculate distance on map app,,0,"0.00,0.00,0.00,0.00,0.00,0.00,0.00,0.00,0.00,0.00,0.00,0.00",,0.00,0.00,,
calculate distance on map application,,0,"0.00,0.00,0.00,0.00,0.00,0.00,0.00,0.00,0.00,0.00,0.00,0.00",,0.00,0.00,,
calculate distance on map australia,,0,"0.00,0.00,0.00,0.00,0.00,0.00,0.00,0.00,0.00,0.00,0.00,0.00",,0.00,0.00,,
calculate distance on map for running uk,,0,"0.00,0.00,0.00,0.00,0.00,0.00,0.00,0.00,0.00,0.00,0.00,0.00",,0.00,0.00,,
calculate distance on map google,,0,"0.00,0.00,0.00,0.00,0.00,0.00,0.00,0.00,0.00,0.00,0.00,0.00",,0.43,0.00,,
calculate distance on map google map,,0,"0.00,0.00,0.00,0.00,0.00,0.00,0.00,0.00,0.00,0.00,0.00,0.00",,0.00,0.00,,
calculate distance on map ios,,0,"0.00,0.00,0.00,0.00,0.00,0.00,0.00,0.00,0.00,0.00,0.00,0.00",,0.00,0.00,,
calculate distance on map iphone,,0,"1.00,0.00,0.00,0.00,0.00,0.00,0.00,1.00,0.00,0.00,0.00,0.00",,0.00,0.00,,
calculate distance on map uk,,0,"0.00,0.00,0.00,0.00,0.00,0.00,0.00,0.00,0.00,0.00,0.00,0.00",,0.00,0.00,,
calculate distance parcourue google map,,0,"0.00,0.00,0.00,0.00,0.00,0.00,0.00,0.00,0.00,0.00,0.00,0.00",,0.00,0.00,,
calculate distance ran on map,,0,"0.00,0.00,0.00,0.00,0.00,0.00,0.00,0.00,0.00,0.00,0.00,0.00",,0.00,0.00,,
calculate distance react-map-gl,,0,"0.00,0.00,0.00,0.00,0.00,0.00,0.00,0.00,0.00,0.00,0.00,0.00",,0.00,0.00,,
calculate distance run using google maps,,0,"0.00,0.00,0.00,0.00,0.00,0.00,0.00,0.00,0.00,0.00,0.00,0.00",,0.00,0.00,,
calculate distance running map,,0,"0.00,0.00,0.00,0.00,0.00,0.00,0.00,0.00,0.00,0.00,0.00,0.00",,0.00,0.00,,
calculate distance traveled google maps,,0,"0.00,0.00,0.00,0.00,0.00,0.00,0.00,0.00,0.00,0.00,0.00,0.00",,0.00,0.00,,
calculate distance travelled on a map,,0,"0.00,0.00,0.00,0.00,0.00,0.00,0.00,0.00,0.00,0.00,0.00,0.00",,0.00,0.00,,
calculate distance travelled on map,,0,"0.00,0.00,0.00,0.00,0.00,0.00,0.00,0.00,0.00,0.00,0.00,0.00",,0.00,0.00,,
calculate distance two points google maps,,0,"0.00,0.00,0.00,0.00,0.00,0.00,0.00,0.00,0.00,0.00,0.00,0.00",,0.00,0.00,,
calculate distance using google map given a latitude and longitude,,0,"0.00,0.00,0.00,0.00,0.00,0.00,0.00,0.00,0.00,0.00,0.00,0.00",,0.00,0.00,,
calculate distance using google maps api v3,,0,"0.00,0.00,0.00,0.00,0.00,0.00,0.00,0.00,0.00,0.00,0.00,0.00",,0.00,0.00,,
calculate distance using latitude and longitude google map,,0,"0.00,0.00,0.00,0.00,0.00,0.00,0.00,0.00,0.00,0.00,0.00,0.00",,0.00,0.00,,
calculate distance using map scale,,0,"0.00,0.00,0.00,0.00,0.00,0.00,0.00,0.00,0.00,0.00,0.00,0.00",,0.00,0.00,,
calculate distance using map scale dpi,,0,"0.00,0.00,0.00,0.00,0.00,0.00,0.00,0.00,0.00,0.00,0.00,0.00",,0.00,0.00,,
calculate distance using map scale worksheet,,0,"0.00,0.00,0.00,0.00,0.00,0.00,0.00,0.00,0.00,0.00,0.00,0.00",,0.00,0.00,,
calculate distance using nautical map,,0,"0.00,0.00,0.00,0.00,0.00,0.00,0.00,0.00,0.00,0.00,0.00,0.00",,0.00,0.00,,
calculate distance via google maps,,0,"0.00,0.00,0.00,0.00,0.00,0.00,0.00,0.00,0.00,0.00,0.00,0.00",,0.00,0.00,,
calculate distance walked map,,0,"0.00,0.00,0.00,0.00,0.00,0.00,0.00,0.00,0.00,0.00,0.00,0.00",,0.74,0.06,,
calculate distance walked map uk,,0,"0.00,0.00,0.00,0.00,0.00,0.00,0.00,0.00,0.00,0.00,0.00,0.00",,0.00,0.00,,
calculate distance walked on a map google,,0,"0.00,0.00,0.00,0.00,0.00,0.00,0.00,0.00,0.00,0.00,0.00,0.00",,0.00,0.00,,
calculate distance walked using google maps,,0,"0.00,0.00,0.00,0.00,0.00,0.00,0.00,0.00,0.00,0.00,0.00,0.00",,0.00,0.00,,
calculate distance waypoints google maps,,0,"0.00,0.00,0.00,0.00,0.00,0.00,0.00,0.00,0.00,0.00,0.00,0.00",,0.00,0.00,,
calculate distance with google maps api,,0,"0.00,0.00,0.00,0.00,0.00,0.00,0.00,0.00,0.00,0.00,0.00,0.00",,0.00,0.00,,
calculate distance with map,,0,"0.00,0.00,0.00,0.00,0.00,0.00,0.00,0.00,0.00,0.00,0.00,0.00",,0.00,0.00,,
calculate distances google maps,,0,"0.00,0.00,0.00,0.00,0.00,0.00,0.00,0.00,0.00,0.00,0.00,0.00",,0.43,0.00,,
calculate distances map,,0,"0.00,0.00,0.00,0.00,0.00,0.00,0.00,0.00,0.00,0.00,0.00,0.00",,0.72,0.01,,
calculate distances on a map online,,0,"0.00,0.00,0.00,0.00,0.00,0.00,0.00,0.00,0.00,0.00,0.00,0.00",,0.00,0.00,,
calculate distances on google maps,,0,"0.00,0.00,0.00,0.00,0.00,0.00,0.00,0.00,0.00,0.00,0.00,0.00",,0.43,0.00,,
calculate distances on map google,,0,"0.00,0.00,0.00,0.00,0.00,0.00,0.00,0.00,0.00,0.00,0.00,0.00",,0.00,0.00,,
calculate distances on saved google maps,,0,"0.00,0.00,0.00,0.00,0.00,0.00,0.00,0.00,0.00,0.00,0.00,0.00",,0.00,0.00,,
calculate dna size from a map of plasmid,,0,"0.00,0.00,0.00,0.00,0.00,0.00,0.00,0.00,0.00,0.00,0.00,0.00",,0.00,0.00,,
calculate drive cost tolls gas google maps,,0,"0.00,0.00,0.00,0.00,0.00,0.00,0.00,0.00,0.00,0.00,0.00,0.00",,0.00,0.00,,
calculate drive time google my maps,,0,"0.00,0.00,0.00,0.00,0.00,0.00,0.00,0.00,0.00,0.00,0.00,0.00",,0.00,0.00,,
calculate driving distance between two places google maps,,0,"0.00,0.00,0.00,0.00,0.00,0.00,0.00,0.00,0.00,0.00,0.00,0.00",,0.00,0.00,,
calculate driving distance between two points google maps api,,0,"0.00,0.00,0.00,0.00,0.00,0.00,0.00,0.00,0.00,0.00,0.00,0.00",,0.00,0.00,,
calculate driving distance between two points google maps javascript,,0,"0.00,0.00,0.00,0.00,0.00,0.00,0.00,0.00,0.00,0.00,0.00,0.00",,0.00,0.00,,
calculate driving distance google maps api,,0,"0.00,0.00,0.00,0.00,0.00,0.00,0.00,0.00,0.00,0.00,0.00,0.00",,0.00,0.00,,
calculate driving distance google maps api v3,,0,"0.00,0.00,0.00,0.00,0.00,0.00,0.00,0.00,0.00,0.00,0.00,0.00",,0.00,0.00,,
calculate driving distance using google maps,,0,"0.00,0.00,0.00,0.00,0.00,0.00,0.00,0.00,0.00,0.00,0.00,0.00",,0.00,0.00,,
calculate driving distance using google maps api,,0,"0.00,0.00,0.00,0.00,0.00,0.00,0.00,0.00,0.00,0.00,0.00,0.00",,0.00,0.00,,
calculate driving distance with google maps,,0,"0.00,0.00,0.00,0.00,0.00,0.00,0.00,0.00,0.00,0.00,0.00,0.00",,0.00,0.00,,
calculate driving time google maps api,,0,"0.00,0.00,0.00,0.00,0.00,0.00,0.00,0.00,0.00,0.00,0.00,0.00",,0.00,0.00,,
calculate dustnce maps,,0,"0.00,0.00,0.00,0.00,0.00,0.00,0.00,0.00,0.00,0.00,0.00,0.00",,0.00,0.00,,
calculate electron density map,,0,"0.00,0.00,0.00,0.00,0.00,0.00,0.00,0.00,0.00,0.00,0.00,0.00",,0.00,0.00,,
calculate elevation change google maps,,0,"0.00,0.00,0.00,0.00,0.00,0.00,0.00,0.00,0.00,0.00,0.00,0.00",,0.00,0.00,,
calculate elevation on a map,,0,"0.00,0.00,0.00,0.00,0.00,0.00,0.00,0.00,0.00,0.00,0.00,0.00",,0.00,0.00,,
calculate environment maps while rendering blender,,0,"0.00,0.00,0.00,0.00,0.00,0.00,0.00,0.00,0.00,0.00,0.00,0.00",,0.00,0.00,,
calculate est route based on multiple google map addresses,,0,"0.00,0.00,0.00,0.00,0.00,0.00,0.00,0.00,0.00,0.00,0.00,0.00",,0.00,0.00,,
calculate expected given map distance,,0,"0.00,0.00,0.00,0.00,0.00,0.00,0.00,0.00,0.00,0.00,0.00,0.00",,0.00,0.00,,
calculate flying distance google maps,,0,"0.00,0.00,0.00,0.00,0.00,0.00,0.00,0.00,0.00,0.00,0.00,0.00",,0.00,0.00,,
calculate flying distance google maps drawing own route,,0,"0.00,0.00,0.00,0.00,0.00,0.00,0.00,0.00,0.00,0.00,0.00,0.00",,0.00,0.00,,
calculate forecast accuracy mape,,0,"0.00,0.00,0.00,0.00,0.00,0.00,0.00,0.00,0.00,0.00,0.00,0.00",,0.00,0.00,,
calculate fuel google maps,,0,"0.00,0.00,0.00,0.00,0.00,0.00,0.00,0.00,0.00,0.00,0.00,0.00",,0.00,0.00,,
calculate fuel stops on google maps,,0,"0.00,0.00,0.00,0.00,0.00,0.00,0.00,0.00,0.00,0.00,0.00,0.00",,0.00,0.00,,
calculate gas cost map,,0,"0.00,0.00,0.00,0.00,0.00,0.00,0.00,0.00,0.00,0.00,0.00,0.00",,0.00,0.00,,
calculate gas cost on google maps,,0,"0.00,0.00,0.00,0.00,0.00,0.00,0.00,0.00,0.00,0.00,0.00,0.00",,0.00,0.00,,
calculate gas for trip map,,0,"0.00,0.00,0.00,0.00,0.00,0.00,0.00,0.00,0.00,0.00,0.00,0.00",,0.00,0.00,,
calculate gauss map,,0,"0.00,0.00,0.00,0.00,0.00,0.00,0.00,0.00,0.00,0.00,0.00,0.00",,0.00,0.00,,
calculate gene map distance,,0,"0.00,0.00,0.00,0.00,0.00,0.00,0.00,0.00,0.00,0.00,0.00,0.00",,0.00,0.00,,
calculate genotype ratio based on map units,,0,"0.00,0.00,0.00,0.00,0.00,0.00,0.00,0.00,0.00,0.00,0.00,0.00",,0.00,0.00,,
calculate geochron map,,0,"0.00,0.00,0.00,0.00,0.00,0.00,0.00,0.00,0.00,0.00,0.00,0.00",,0.00,0.00,,
calculate geocrhon map,,0,"0.00,0.00,0.00,0.00,0.00,0.00,0.00,0.00,0.00,0.00,0.00,0.00",,0.00,0.00,,
calculate google map,,0,"0.00,0.00,0.00,0.00,0.00,0.00,0.00,0.00,0.00,0.00,0.00,0.00",,0.00,0.00,,
calculate google map area,,0,"0.00,0.00,0.00,0.00,0.00,0.00,0.00,0.00,0.00,0.00,0.00,0.00",,0.00,0.00,,
calculate google map distance,,0,"0.00,0.00,0.00,0.00,0.00,0.00,0.00,0.00,0.00,0.00,0.00,0.00",,0.00,0.00,,
calculate google map in ha,,0,"0.00,0.00,0.00,0.00,0.00,0.00,0.00,0.00,0.00,0.00,0.00,0.00",,0.00,0.00,,
calculate google map in hectares,,0,"0.00,0.00,0.00,0.00,0.00,0.00,0.00,0.00,0.00,0.00,0.00,0.00",,0.00,0.00,,
calculate google maps distance,,0,"0.00,0.00,0.00,0.00,0.00,0.00,0.00,0.00,0.00,0.00,0.00,0.00",,0.43,0.00,,
calculate google maps distance between two addresses excel,,0,"0.00,0.00,0.00,0.00,0.00,0.00,0.00,0.00,0.00,0.00,0.00,0.00",,0.00,0.00,,
calculate google maps zoom level based on coordinates,,0,"0.00,0.00,0.00,0.00,0.00,0.00,0.00,0.00,0.00,0.00,0.00,0.00",,0.00,0.00,,
calculate gradient on topographic map,,0,"0.00,0.00,0.00,0.00,0.00,0.00,1.00,0.50,0.00,0.00,0.00,0.00",,0.00,0.00,,
calculate grasp map,,0,"0.00,0.00,0.00,0.00,0.00,0.00,0.00,0.00,0.00,0.00,0.00,0.00",,0.00,0.00,,
calculate groundwater flow speed from topographic map,,0,"0.00,0.00,0.00,0.00,0.00,0.00,0.00,0.00,0.00,0.00,0.00,0.00",,0.00,0.00,,
calculate half distance in google maps,,0,"1.00,0.00,0.00,0.00,0.00,0.00,0.00",,0.00,0.00,,
calculate height in google maps,,0,"0.00,0.00,0.00,0.00,0.00,0.00,0.00,0.00,0.00,0.00,0.00,0.00",,0.00,0.00,,
calculate heritability qtl mapping data,,0,"0.00,0.00,0.00,0.00,0.00,0.00,0.00,0.00,0.00,0.00,0.00,0.00",,0.00,0.00,,
calculate hike distance and vertical map,,0,"0.00,0.00,0.00,0.00,0.00,0.00,0.00,0.00,0.00,0.00,0.00,0.00",,0.00,0.00,,
calculate hour per state on google maps,,0,"0.00,0.00,0.00,0.00,0.00,0.00,0.00,0.00,0.00,0.00,0.00,0.00",,0.00,0.00,,
calculate house sq google maps,,0,"0.00,0.00,0.00,0.00,0.00,0.00,0.00,0.00,0.00,0.00,0.00,0.00",,0.00,0.00,,
calculate how far i ran on a map,,0,"0.00,0.00,0.00,0.00,0.00,0.00,0.00,0.00,0.00,0.00,0.00,0.00",,0.00,0.00,,
calculate how far you walked map,,0,"0.00,0.00,0.00,0.00,0.00,0.00,0.00,0.00,0.00,0.00,0.00,0.00",,0.00,0.00,,
calculate how many miles a distance is on a map,,0,"0.00,0.00,0.00,0.00,0.00,0.00,0.00,0.00,0.00,0.00,0.00,0.00",,0.00,0.00,,
calculate how much sq feet for my driveway using maps,,0,"0.00,0.00,0.00,0.00,0.00,0.00,0.00,0.00,0.00,0.00,0.00,0.00",,0.00,0.00,,
calculate inbounds on map in r,,0,"0.00,0.00,0.00,0.00,0.00,0.00,0.00,0.00,0.00,0.00,0.00,0.00",,0.00,0.00,,
calculate inbounds on map in r geoid,,0,"0.00,0.00,0.00,0.00,0.00,0.00,0.00,0.00,0.00,0.00,0.00,0.00",,0.00,0.00,,
calculate index of direct mapped cache,,0,"0.00,0.00,0.00,0.00,0.00,0.00,0.00,0.00,0.00,0.00,0.00,0.00",,0.00,0.00,,
calculate interactive population density map,,0,"0.00,0.00,0.00,0.00,0.00,0.00,0.00,0.00,0.00,0.00,0.00,0.00",,0.00,0.00,,
calculate intersecting points on google maps,,0,"0.00,0.00,0.00,0.00,0.00,0.00,0.00,0.00,0.00,0.00,0.00,0.00",,0.00,0.00,,
calculate jennas and sallys map,,0,"0.00,0.00,0.00,0.00,0.00,0.00,0.00,0.00,0.00,0.00,0.00,0.00",,0.00,0.00,,
calculate kernal of mapping,,0,"0.00,0.00,0.00,0.00,0.00,0.00,0.00,0.00,0.00,0.00,0.00,0.00",,0.00,0.00,,
calculate kernel of mapping,,0,"0.00,0.00,0.00,0.00,0.00,0.00,0.00,0.00,0.00,0.00,0.00,0.00",,0.00,0.00,,
calculate km on map,,0,"0.00,0.00,0.00,0.00,0.00,0.00,0.00,0.00,0.00,0.00,0.00,0.00",,0.00,0.00,,
calculate kwh from volts and maps,,0,"0.00,0.00,0.00,0.00,0.00,0.00,0.00,0.00,0.00,0.00,0.00,0.00",,0.00,0.00,,
calculate land area from map,,0,"0.00,0.00,0.00,0.00,0.00,0.00,0.00,0.00,0.00,0.00,0.00,0.00",,0.37,0.09,,
calculate land area google maps,,0,"0.00,0.00,0.00,0.00,0.00,1.00,0.00,0.00,0.00,0.00,0.00,0.00",,0.40,0.03,,
calculate land area map,,0,"0.00,0.00,0.00,0.00,0.00,0.00,0.00,0.00,0.00,0.00,0.00,0.00",,0.37,0.09,,
calculate land use change in arc map,,0,"0.00,0.00,0.00,0.00,0.00,0.00,0.00,0.00,0.00,0.00,0.00,0.00",,0.00,0.00,,
calculate latitude and longitude google maps,,0,"0.00,0.00,0.00,0.00,0.00,0.00,0.00,0.00,0.00,0.00,0.00,0.00",,0.00,0.00,,
calculate lawn square footage google maps,,0,"0.00,0.00,0.00,0.00,0.00,0.00,0.00,0.00,0.00,0.00,0.00,0.00",,0.00,0.00,,
calculate lead time in value stream map,,0,"0.00,0.00,0.00,0.00,0.00,0.00,0.00,0.00,0.00,0.00,0.00,0.00",,0.00,0.00,,
calculate lead time value stream mapping,,0,"0.00,0.00,0.00,0.00,0.00,0.00,0.00,0.00,0.00,0.00,0.00,0.00",,0.00,0.00,,
calculate linear distance google maps,,0,"0.00,0.00,0.00,0.00,0.00,0.00,0.00,0.00,0.00,0.00,0.00,0.00",,0.00,0.00,,
calculate linear map from one vector space to another,,0,"0.00,0.00,0.00,0.00,0.00,0.00,0.00,0.00,0.00,0.00,0.00,0.00",,0.00,0.00,,
calculate lyapunov exponent for logistic map,,0,"0.00,0.00,0.00,0.00,0.00,0.00,0.00,0.00,0.00,0.00,0.00,0.00",,0.00,0.00,,
calculate mad and mape in excel,,0,"0.00,0.00,0.00,0.00,0.00,0.00,0.00,0.00,0.00,0.00,0.00,0.00",,0.00,0.00,,
calculate mad mse mape in excel,,0,"0.00,0.00,0.00,0.00,0.00,0.00,0.00,0.00,0.00,0.00,0.00,0.00",,0.00,0.00,,
calculate maf from map,,0,"0.00,0.00,0.00,0.00,0.00,0.00,0.00,0.00,0.00,0.00,0.00,0.00",,0.00,0.00,,
calculate map arterial pressure,,0,"0.00,0.00,0.00,0.00,0.00,0.00,0.00,0.00,0.00,0.00,0.00,0.00",,0.00,0.00,,
calculate map bp equation,,0,"0.00,0.00,0.00,0.00,0.00,0.00,0.00,0.00,0.00,0.00,0.00,0.00",,0.00,0.00,,
calculate map calculator,,0,"1.00,0.00,0.00,0.00,0.00,0.00,0.00,0.00,0.00,0.00,0.00,0.00",,0.00,0.00,,
calculate map circle of willis if higher,,0,"0.00,0.00,0.00,0.00,0.00,0.00,0.00,0.00,0.00,0.00,0.00,0.00",,0.00,0.00,,
calculate map distance between cities in excel,,0,"0.00,0.00,0.00,0.00,0.00,0.00,0.00,0.00,0.00,0.00,0.00,0.00",,0.00,0.00,,
calculate map distance between gene and centromere,,0,"0.00,0.00,0.00,0.00,0.00,0.00,0.00,0.00,0.00,0.00,0.00,0.00",,0.00,0.00,,
calculate map distance between three genes,,0,"0.00,0.00,0.00,0.00,0.00,0.00,0.00,0.00,0.00,0.00,0.00,0.00",,0.00,0.00,,
calculate map distance between to genes,,0,"0.00,0.00,0.00,0.00,0.00,0.00,0.00,0.00,0.00,0.00,0.00,0.00",,0.00,0.00,,
calculate map distance between two genes y w 43 recominant,,0,"0.00,0.00,0.00,0.00,0.00,0.00,0.00,0.00,0.00,0.00,0.00,0.00",,0.00,0.00,,
calculate map distance biology,,0,"0.00,0.00,0.00,0.00,0.00,0.00,0.00,0.00,0.00,0.00,0.00,0.00",,0.00,0.00,,
calculate map distance group data calculation,,0,"0.00,0.00,0.00,0.00,0.00,0.00,0.00,0.00,0.00,0.00,0.00,0.00",,0.00,0.00,,
calculate map distance using reocmbination events,,0,"0.00,0.00,0.00,0.00,0.00,0.00,0.00,0.00,0.00,0.00,0.00,0.00",,0.00,0.00,,
calculate map distances genetics,,0,"0.00,0.00,0.00,0.00,0.00,0.00,0.00,0.00,0.00,0.00,0.00,0.00",,0.00,0.00,,
calculate map equation,,0,"0.00,0.00,0.00,0.00,0.00,0.00,0.00,0.00,0.00,0.00,0.00,0.00",,0.00,0.00,,
calculate map excel formula,,0,"0.00,0.00,0.00,0.00,0.00,0.00,0.00,0.00,0.00,0.00,0.00,0.00",,0.00,0.00,,
calculate map from arterial waveform,,0,"0.00,0.00,0.00,0.00,0.00,0.00,0.00,0.00,0.00,0.00,0.00,0.00",,0.00,0.00,,
calculate map from systolic and diastolic bp,,0,"0.00,0.00,0.00,0.00,0.00,0.00",,0.00,0.00,,
calculate map from systolic and diastolic calculator,,0,"0.00,0.00,0.00,0.00,0.00,0.00,0.00,0.00,0.00,0.00,0.00,0.00",,0.00,0.00,,
calculate map heart,,0,"0.00,0.00,0.00,0.00,0.00,0.00,0.00,0.00,0.00,0.00,0.00,0.00",,0.00,0.00,,
calculate map if bp cugg higher than willis,,0,"0.00,0.00,0.00,0.00,0.00,0.00,0.00,0.00,0.00,0.00,0.00,0.00",,0.00,0.00,,
calculate map of blood pressure,,0,"0.00,0.00,0.00,0.00,0.00,0.00,0.00,0.00,0.00,0.00,0.00,0.00",,0.00,0.00,,
calculate map online,,0,"0.00,0.00,0.00,0.00,0.00,0.00,1.00,0.00,0.00,0.00,0.00,0.00",,0.00,0.00,,
calculate map pricing,,0,"0.00,0.00,0.00,0.00,0.00,0.00,0.00,0.00,0.00,0.00,0.00,0.00",,0.00,0.00,,
calculate map pulse pressure,,0,"0.00,0.00,0.00,0.00,0.00,0.00,0.00,0.00,0.00,0.00,0.00,0.00",,0.00,0.00,,
calculate map roughly,,0,"0.00,0.00,0.00,0.00,0.00,0.00,0.00,0.00,0.00,0.00,0.00,0.00",,0.00,0.00,,
calculate map scale factor,,0,"0.00,0.00,0.00,0.00,0.00,0.00,0.00,0.00,0.00,0.00,0.00,0.00",,0.00,0.00,,
calculate map scale from key,,0,"0.00,0.00,0.00,0.00,0.00,0.00,0.00,0.00,0.00,0.00,0.00,0.00",,0.00,0.00,,
calculate map scale from resolution,,0,"0.00,0.00,0.00,0.00,0.00,0.00,0.00,0.00,0.00,0.00,0.00,0.00",,0.00,0.00,,
calculate map scale question,,0,"0.00,0.00,0.00,0.00,0.00,0.00,0.00,0.00,0.00,0.00,0.00,0.00",,0.00,0.00,,
calculate map scale ratio,,0,"0.00,0.00,0.00,0.00,0.00,0.00,0.00,0.00,0.00,0.00,0.00,0.00",,0.00,0.00,,
calculate map score,,0,"0.00,0.00,0.00,0.00,0.00,0.00,0.00,0.00,0.00,0.00,0.00,0.00",,0.00,0.00,,
calculate map scores into percentages,,0,"0.00,0.00,0.00,0.00,0.00,0.00,0.00,0.00,0.00,0.00,0.00,0.00",,0.00,0.00,,
calculate map scores into percentile,,0,"0.00,0.00,0.00,0.00,0.00,0.00,0.00,0.00,0.00,0.00,0.00,0.00",,0.00,0.00,,
calculate map show equation 1 equals equation 2,,0,"0.00,0.00,0.00,0.00,0.00,0.00,0.00,0.00,0.00,0.00,0.00,0.00",,0.00,0.00,,
calculate map surface area,,0,"0.00,0.00,0.00,0.00,0.00,0.00,0.00,0.00,0.00,0.00,0.00,0.00",,0.00,0.00,,
calculate map units between genes,,0,"0.00,0.00,0.00,0.00,0.00,0.00,0.00,0.00,0.00,0.00,0.00,0.00",,0.00,0.00,,
calculate map units biology,,0,"0.00,0.00,0.00,0.00,0.00,0.00,0.00,0.00,0.00,0.00,0.00,0.00",,0.00,0.00,,
calculate map units genetics,,0,"0.00,0.00,0.00,0.00,0.00,0.00,0.00,0.00,0.00,0.00,0.00,0.00",,0.00,0.00,,
calculate map using only systolic pressure of 46,,0,"0.00,0.00,0.00,0.00,0.00,0.00,0.00,0.00,0.00,0.00,0.00,0.00",,0.00,0.00,,
calculate map using systolic pressure of 46,,0,"0.00,0.00,0.00,0.00,0.00,0.00,0.00,0.00,0.00,0.00,0.00,0.00",,0.00,0.00,,
calculate map using systolic pressure of 59,,0,"0.00,0.00,0.00,0.00,0.00,0.00,0.00,0.00,0.00,0.00,0.00,0.00",,0.00,0.00,,
calculate map with blood pressure,,0,"0.00,0.00,0.00,0.00,0.00,0.00,0.00,0.00,0.00,0.00,0.00,0.00",,0.00,0.00,,
calculate map with edv and esv,,0,"0.00,0.00,0.00,0.00,0.00,0.00,0.00,0.00,0.00,0.00,0.00,0.00",,0.00,0.00,,
calculate map with hov lanes,,0,"0.00,0.00,0.00,0.00,0.00,0.00,0.00,0.00,0.00,0.00,0.00,0.00",,0.00,0.00,,
calculate map yolo,,0,"0.00,0.00,0.00,0.00,0.00,0.00,0.00,0.00,0.00,0.00,0.00,0.00",,0.00,0.00,,
calculate mape and bias,,0,"0.00,0.00,0.00,0.00,0.00,0.00,0.00,0.00,0.00,0.00,0.00,0.00",,0.00,0.00,,
calculate mape excel,,0,"0.00,0.00,0.00,0.00,0.00,0.00,0.00,0.00,0.00,0.00,0.00,0.00",,0.00,0.00,,
calculate mape from mae,,0,"0.00,0.00,0.00,0.00,0.00,0.00,0.00,0.00,0.00,0.00,0.00,0.00",,0.00,0.00,,
calculate mape in power bi,,0,"0.00,0.00,0.00,0.00,0.00,0.00,0.00,0.00,0.00,0.00,0.00,0.00",,0.00,0.00,,
calculate mape in python sklearn,,0,"0.00,0.00,0.00,0.00,0.00,0.00,0.00,0.00,0.00,0.00,0.00,0.00",,0.00,0.00,,
calculate mape sas,,0,"0.00,0.00,0.00,0.00,0.00,0.00,0.00,0.00,0.00,0.00,0.00,0.00",,0.00,0.00,,
calculate mape sklearn,,0,"0.00,0.00,0.00,0.00,0.00,0.00,0.00,0.00,0.00,0.00,0.00,0.00",,0.00,0.00,,
calculate mape statistics,,0,"0.00,0.00,0.00,0.00,0.00,0.00,0.00,0.00,0.00,0.00,0.00,0.00",,0.00,0.00,,
calculate mape using h20,,0,"0.00,0.00,0.00,0.00,0.00,0.00,0.00,0.00,0.00,0.00,0.00,0.00",,0.00,0.00,,
calculate mape using mae,,0,"0.00,0.00,0.00,0.00,0.00,0.00,0.00,0.00,0.00,0.00,0.00,0.00",,0.00,0.00,,
calculate mape using mse,,0,"0.00,0.00,0.00,0.00,0.00,0.00,0.00,0.00,0.00,0.00,0.00,0.00",,0.00,0.00,,
calculate mape using tpot,,0,"0.00,0.00,0.00,0.00,0.00,0.00,0.00,0.00,0.00,0.00,0.00,0.00",,0.00,0.00,,
calculate mape with zeros,,0,"0.00,0.00,0.00,0.00,0.00,0.00,0.00,0.00,0.00,0.00,0.00,0.00",,0.00,0.00,,
calculate mapped reads in bam file,,0,"0.00,0.00,0.00,0.00,0.00,0.00,0.00,0.00,0.00,0.00,0.00,0.00",,0.00,0.00,,
calculate mapping angle,,0,"0.00,0.00,0.00,0.00,0.00,0.00,0.00,0.00,0.00,0.00,0.00,0.00",,0.00,0.00,,
calculate mapping efficiency samtools,,0,"0.00,0.00,0.00,0.00,0.00,0.00,0.00,0.00,0.00,0.00,0.00,0.00",,0.00,0.00,,
calculate mean arterial pressure map,,0,"0.00,0.00,0.00,0.00,0.00,0.00,0.00,0.00,0.00,0.00,0.00,0.00",,0.00,0.00,,
calculate median map reduce,,0,"0.00,0.00,0.00,0.00,0.00,0.00,0.00,0.00,0.00,0.00,0.00,0.00",,0.00,0.00,,
calculate midpoint google maps,,0,"0.00,0.00,0.00,0.00,0.00,0.00,0.00,0.00,0.00,0.00,0.00,0.00",,0.00,0.00,,
calculate midpoint maps,,0,"0.00,0.00,0.00,0.00,0.00,0.00,0.00,0.00,0.00,0.00,0.00,0.00",,0.00,0.00,,
calculate midpoint on map,,0,"0.00,0.00,0.00,0.00,0.00,0.00,0.00,0.00,0.00,0.00,0.00,0.00",,0.00,0.00,,
calculate miels walked maps,,0,"0.00,0.00,0.00,0.00,0.00,0.00,0.00,0.00,0.00,0.00,0.00,0.00",,0.00,0.00,,
calculate milage from map points,,0,"0.00,0.00,0.00,0.00,0.00,0.00,0.00,0.00,0.00,0.00,0.00,0.00",,0.00,0.00,,
calculate milage street map lake mary fl,,0,"0.00,0.00,0.00,0.00,0.00,0.00,0.00,0.00,0.00,0.00,0.00,0.00",,0.00,0.00,,
calculate mile distance map,,0,"0.00,0.00,0.00,0.00,0.00,0.00,0.00,0.00,0.00,0.00,0.00,0.00",,0.00,0.00,,
calculate mile radius map,,0,"0.00,0.00,0.00,0.00,0.00,0.00,0.00,0.00,0.00,0.00,0.00,0.00",,0.00,0.00,,
calculate mileage based on google travel map,,0,"0.00,0.00,0.00,0.00,0.00,0.00,0.00,0.00,0.00,0.00,0.00,0.00",,0.00,0.00,,
calculate mileage between two addresses sheets google maps,,0,"0.00,0.00,0.00,0.00,0.00,0.00,0.00,0.00,0.00,0.00,0.00,0.00",,0.00,0.00,,
calculate mileage between two addresses spreadsheet google maps,,0,"0.00,0.00,0.00,0.00,0.00,0.00,0.00,0.00,0.00,0.00,0.00,0.00",,0.00,0.00,,
calculate mileage from google maps,,0,"0.00,0.00,0.00,0.00,0.00,0.00,0.00,0.00,0.00,0.00,0.00,0.00",,0.00,0.00,,
calculate mileage map running,,0,"0.00,0.00,0.00,0.00,0.00,0.00,0.00,0.00,0.00,0.00,0.00,0.00",,0.00,0.00,,
calculate miles on map worksheet,,0,"0.00,0.00,0.00,0.00,0.00,0.00,0.00,0.00,0.00,0.00,0.00,0.00",,0.00,0.00,,
calculate miles via map,,0,"0.00,0.00,0.00,0.00,0.00,0.00,0.00,0.00,0.00,0.00,0.00,0.00",,0.00,0.00,,
calculate min pos k map,,0,"0.00,0.00,0.00,0.00,0.00,0.00,0.00,0.00,0.00,0.00,0.00,0.00",,0.00,0.00,,
calculate mpe stats mape,,0,"0.00,0.00,0.00,0.00,0.00,0.00,0.00,0.00,0.00,0.00,0.00,0.00",,0.00,0.00,,
calculate multiple distances google maps,,0,"0.00,0.00,0.00,0.00,0.00,0.00,0.00,0.00,0.00,0.00,0.00,0.00",,0.00,0.00,,
calculate my distance on a map,,0,"0.00,0.00,0.00,0.00,0.00,0.00,0.00,0.00,0.00,0.00,0.00,0.00",,0.00,0.00,,
calculate my miles driven per year google maps,,0,"0.00,0.00,0.00,0.00,0.00,0.00,0.00,0.00,0.00,0.00,0.00,0.00",,0.00,0.00,,
calculate my run distance map,,0,"0.00,0.00,0.00,0.00,0.00,0.00,0.00,0.00,0.00,0.00,0.00,0.00",,0.00,0.03,,
calculate my run map,,0,"0.00,0.00,0.00,0.00,0.00,0.00,0.00,0.00,0.00,0.00,0.00,0.00",,0.00,0.00,,
calculate my running distance google maps,,0,"0.00,0.00,0.00,0.00,0.00,0.00,0.00,0.00,0.00,0.00,0.00,0.00",,0.00,0.00,,
calculate nautical distance on google maps,,0,"0.00,0.00,0.00,0.00,0.00,0.00,0.00,0.00,0.00,0.00,0.00,0.00",,0.00,0.00,,
calculate nautical miles google maps,,0,"0.00,0.00,0.00,0.00,0.00,0.00,0.00,0.00,0.00,0.00,0.00,0.00",,0.00,0.00,,
calculate nautical miles on a route map,,0,"0.00,0.00,0.00,0.00,0.00,0.00,0.00,0.00,0.00,0.00,0.00,0.00",,0.00,0.00,,
calculate normal map from texture,,0,"0.00,0.00,0.00,0.00,0.00,0.00,0.00,0.00,0.00,0.00,0.00,0.00",,0.00,0.00,,
calculate normal of height map,,0,"0.00,0.00,0.00,0.00,0.00,0.00,0.00,0.00,0.00,0.00,0.00,0.00",,0.00,0.00,,
calculate number of feature maps,,0,"0.00,0.00,0.00,0.00,0.00,0.00,0.00,0.00,0.00,0.00,0.00,0.00",,0.00,0.00,,
calculate number of mapped duplicated reads,,0,"0.00,0.00,0.00,0.00,0.00,0.00,0.00,0.00,0.00,0.00,0.00,0.00",,0.00,0.00,,
calculate of frequency from mapping between 3 genes,,0,"0.00,0.00,0.00,0.00,0.00,0.00,0.00,0.00,0.00,0.00,0.00,0.00",,0.00,0.00,,
calculate out of sample mape,,0,"0.00,0.00,0.00,0.00,0.00,0.00,0.00,0.00,0.00,0.00,0.00,0.00",,0.00,0.00,,
calculate overtime on a value stream map,,0,"0.00,0.00,0.00,0.00,0.00,0.00,0.00,0.00,0.00,0.00,0.00,0.00",,0.00,0.00,,
calculate path distance between two points google maps android,,0,"0.00,0.00,0.00,0.00,0.00,0.00,0.00,0.00,0.00,0.00,0.00,0.00",,0.00,0.00,,
calculate path distance google maps,,0,"0.00,0.00,0.00,0.00,0.00,0.00,0.00,0.00,0.00,0.00,0.00,0.00",,0.00,0.00,,
calculate pce value stream mapping,,0,"0.00,0.00,0.00,0.00,0.00,0.00,0.00,0.00,0.00,0.00,0.00,0.00",,0.00,0.00,,
calculate pce4 value stream mapping,,0,"0.00,0.00,0.00,0.00,0.00,0.00,0.00,0.00,0.00,0.00,0.00,0.00",,0.00,0.00,,
calculate percent grade online map,,0,"0.00,0.00,0.00,0.00,0.00,0.00,0.00,0.00,0.00,0.00,0.00,0.00",,0.00,0.00,,
calculate percent slope using topographic map,,0,"0.00,0.00,0.00,0.00,0.00,0.00,0.00,0.00,0.00,0.00,0.00,0.00",,0.00,0.00,,
calculate phenotype map units,,0,"0.00,0.00,0.00,0.00,0.00,0.00,0.00,0.00,0.00,0.00,0.00,0.00",,0.00,0.00,,
calculate population map,,0,"0.00,0.00,0.00,0.00,0.00,0.00,0.00,0.00,0.00,0.00,0.00,0.00",,0.00,0.00,,
calculate radius distance map,,0,"0.00,0.00,0.00,0.00,0.00,0.00,0.00,0.00,0.00,0.00,0.00,0.00",,0.00,0.00,,
calculate radius distance on map,,0,"0.00,0.00,0.00,0.00,0.00",,0.00,0.00,,
calculate radius from point on map,,0,"0.00,0.00,0.00,0.00,0.00,0.00,0.00,0.00,0.00,0.00,0.00,0.00",,0.00,0.00,,
calculate radius google map api,,0,"0.00,0.00,0.00,0.00,0.00,0.00,0.00,0.00,0.00,0.00,0.00,0.00",,0.00,0.00,,
calculate radius longitude latitude google maps,,0,"0.00,0.00,0.00,0.00,0.00,0.00,0.00,0.00,0.00,0.00,0.00,0.00",,0.00,0.00,,
calculate radius with google maps,,0,"0.00,0.00,0.00,0.00,0.00,0.00,0.00,0.00,0.00,0.00,0.00,0.00",,0.00,0.00,,
calculate range on a map,,0,"0.00,0.00,0.00,0.00,0.00,0.00,0.00,0.00,0.00,0.00,0.00,0.00",,0.00,0.00,,
calculate relief on topographic map,,0,"0.00,0.00,0.00,0.00,0.00,0.00,0.00,0.00,0.00,0.00,0.00,0.00",,0.00,0.00,,
calculate relief topographic map,,0,"0.00,0.00,0.00,0.00,0.00,0.00,0.00,0.00,0.00,0.00,0.00,0.00",,0.00,0.00,,
calculate rmse and mape,,0,"0.00,0.00,0.00,0.00,0.00,0.00,0.00,0.00,0.00,0.00,0.00,0.00",,0.00,0.00,,
calculate rmse and mape minitab,,0,"0.00,0.00,0.00,0.00,0.00,0.00,0.00,0.00,0.00,0.00,0.00,0.00",,0.00,0.00,,
calculate road distance between two points google maps,,0,"0.00,0.00,0.00,0.00,0.00,0.00,0.00,0.00,0.00,0.00,0.00,0.00",,0.00,0.00,,
calculate road distance between two points google maps android,,0,"0.00,0.00,0.00,0.00,0.00,0.00,0.00,0.00,0.00,0.00,0.00,0.00",,0.00,0.00,,
calculate road distance between two points google maps api,,0,"0.00,0.00,0.00,0.00,0.00,0.00,0.00,0.00,0.00,0.00,0.00,0.00",,0.00,0.00,,
calculate road distance google maps,,0,"0.00,0.00,0.00,0.00,0.00,0.00,0.00,0.00,0.00,0.00,0.00,0.00",,0.00,0.00,,
calculate roof area using google maps,,0,"0.00,0.00,0.00,0.00,0.00,0.00,0.00,0.00,0.00,0.00,0.00,0.00",,0.00,0.00,,
calculate roof area with google maps,,0,"0.00,0.00,0.00,0.00,0.00,0.00,0.00,0.00,0.00,0.00,0.00,0.00",,0.00,0.00,,
calculate roof area with maps,,0,"0.00,0.00,0.00,0.00,0.00,0.00,0.00,0.00,0.00,0.00,0.00,0.00",,0.00,0.00,,
calculate route bing maps c,,0,"0.00,0.00,0.00,0.00,0.00,0.00,0.00,0.00,0.00,0.00,0.00,0.00",,0.00,0.00,,
calculate route distance google maps android,,0,"0.00,0.00,0.00,0.00,0.00,0.00,0.00,0.00,0.00,0.00,0.00,0.00",,0.00,0.00,,
calculate route distance using google maps,,0,"0.00,0.00,0.00,0.00,0.00,0.00,0.00,0.00,0.00,0.00,0.00,0.00",,0.00,0.00,,
calculate route google maps api,,0,"0.00,0.00,0.00,0.00,0.00,0.00,0.00,0.00,0.00,0.00,0.00,0.00",,0.00,0.00,,
calculate route here maps,,0,"0.00,0.00,0.00,0.00,0.00,0.00,0.00,0.00,0.00,0.00,0.00,0.00",,0.00,0.00,,
calculate route on map,,0,"0.00,0.00,0.00,0.00,0.00,0.00,0.00,0.00,0.00,0.00,0.00,0.00",,0.00,0.00,,
calculate route time maps,,0,"0.00,0.00,0.00,0.00,0.00,0.00,0.00,0.00,0.00,0.00,0.00,0.00",,0.00,0.00,,
calculate route with multiple destinations on google maps,,0,"0.00,0.00,0.00,0.00,0.00,0.00,0.00,0.00,0.00,0.00,0.00,0.00",,0.00,0.00,,
calculate run distance on map,,0,"0.00,0.00,0.00,0.00,0.00,0.00,0.00,0.00,0.00,1.00,0.00,0.00",,1.22,0.02,,
calculate run google maps,,0,"0.00,0.00,0.00,0.00,0.00,0.00,0.00,0.00,0.00,0.00,0.00,0.00",,0.00,0.00,,
calculate running distance from map,,0,"0.00,0.00,0.00,0.00,0.00,0.00,0.00,0.00,0.00,0.00,0.00,0.00",,0.00,0.00,,
calculate running distance google maps interface,,0,"0.00,0.00,0.00,0.00,0.00,0.00,0.00,0.00,0.00,0.00,0.00,0.00",,0.00,0.00,,
calculate running distance on map,,0,"0.00,0.00,0.00,1.00,0.00,0.00,0.00,0.00,0.00,0.00,0.00,0.00",,1.22,0.02,,
calculate running distance using google maps,,0,"0.00,0.00,0.00,0.00,0.00,0.00,0.00,0.00,0.00,0.00,0.00,0.00",,0.00,0.00,,
calculate running distances google maps,,0,"0.00,0.00,0.00,0.00,0.00,0.00,0.00,0.00,0.00,0.00,0.00,0.00",,0.00,0.00,,
calculate running distances on google maps,,0,"0.00,0.00,0.00,0.00,0.00,0.00,0.00,0.00,0.00,0.00,0.00,0.00",,0.00,0.00,,
calculate running miles on map,,0,"0.00,0.00,0.00,0.00,0.00,0.00,0.00,0.00,0.00,0.00,0.00,0.00",,0.00,0.00,,
calculate sailing distance map,,0,"0.00,0.00,0.00,0.00,0.00,0.00,0.00,0.00,0.00,0.00,0.00,0.00",,0.00,0.00,,
calculate scale of the map,,0,"0.00,0.00,0.00,0.00,0.00,0.00,0.00,0.00,0.00,0.00,0.00,0.00",,0.00,0.00,,
calculate sea route distance google maps,,0,"0.00,0.00,0.00,0.00,0.00,0.00,0.00,0.00,0.00,0.00,0.00,0.00",,0.00,0.00,,
calculate shading from depth map and sun location,,0,"0.00,0.00,0.00,0.00,0.00,0.00,0.00,0.00,0.00,0.00,0.00,0.00",,0.00,0.00,,
calculate shadow map from point cloud,,0,"0.00,0.00,0.00,0.00,0.00,0.00,0.00,0.00,0.00,0.00,0.00,0.00",,0.00,0.00,,
calculate shapw map from depth image,,0,"0.00,0.00,0.00,0.00,0.00,0.00,0.00,0.00,0.00,0.00,0.00,0.00",,0.00,0.00,,
calculate shortest distance google maps,,0,"0.00,0.00,0.00,0.00,0.00,0.00,0.00,0.00,0.00,0.00,0.00,0.00",,0.00,0.00,,
calculate shortest route between multiple points google maps using android,,0,"0.00,0.00,0.00,0.00,0.00,0.00,0.00,0.00,0.00,0.00,0.00,0.00",,0.00,0.00,,
calculate site area google maps,,0,"0.00,0.00,0.00,0.00,0.00,0.00,0.00,0.00,0.00,0.00,0.00,0.00",,0.00,0.00,,
calculate size buildings google maps,,0,"0.00,0.00,0.00,0.00,0.00,0.00,0.00,0.00,0.00,0.00,0.00,0.00",,0.00,0.00,,
calculate size of direct mapped cache,,0,"0.00,0.00,0.00,0.00,0.00,0.00,0.00,0.00,0.00,0.00,0.00,0.00",,0.00,0.00,,
calculate size of feature map based on size,,0,"0.00,0.00,0.00,0.00,0.00,0.00,0.00,0.00,0.00,0.00,0.00,0.00",,0.00,0.00,,
calculate size of memory for direct mapping,,0,"0.00,0.00,0.00,0.00,0.00,0.00,0.00,0.00,0.00,0.00,0.00,0.00",,0.00,0.00,,
calculate size on map,,0,"0.00,0.00,0.00,0.00,0.00,0.00,0.00,0.00,0.00,0.00,0.00,0.00",,0.00,0.00,,
calculate slope angle from topographic map,,0,"0.00,0.00,0.00,0.00,0.00,0.00,0.00,0.00,0.00,0.00,0.00,0.00",,0.00,0.00,,
calculate slope angle map,,0,"0.00,0.00,0.00,0.00,0.00,0.00,0.00,0.00,0.00,0.00,0.00,0.00",,0.00,0.00,,
calculate slope angle topographic map,,0,"0.00,0.00,0.00,0.00,0.00,0.00,0.00,0.00,0.00,0.00,0.00,0.00",,0.00,0.00,,
calculate slope between two points on a map,,0,"0.00,0.00,0.00,0.00,0.00,0.00,0.00,0.00,0.00,0.00,0.00,0.00",,0.00,0.00,,
calculate slope from contour map,,0,"0.00,0.00,0.00,0.00,0.00,0.00,0.00,0.00,0.00,0.00,0.00,0.00",,0.00,0.00,,
calculate slope from two points on a map,,0,"0.00,0.00,0.00,0.00,0.00,0.00,0.00,0.00,0.00,0.00,0.00,0.00",,0.00,0.00,,
calculate slope gradient topographic map,,0,"0.00,0.00,0.00,0.00,0.00,0.00,0.00,0.00,0.00,0.00,0.00,0.00",,0.00,0.00,,
calculate slope in degrees map,,0,"0.00,0.00,0.00,0.00,0.00,0.00,0.00,0.00,0.00,0.00,0.00,0.00",,0.00,0.00,,
calculate slope topographic map,,0,"0.00,0.00,0.00,0.00,0.00,0.00,0.00,0.00,0.00,0.00,0.00,0.00",,0.00,0.00,,
calculate slope using contour map arcmap,,0,"0.00,0.00,0.00,0.00,0.00,0.00,0.00,0.00,0.00,0.00,0.00,0.00",,0.00,0.00,,
calculate solar eclipse seen gps map,,0,"0.00,0.00,0.00,0.00,0.00,0.00,0.00,0.00,0.00,0.00,0.00,0.00",,0.00,0.00,,
calculate solar output map,,0,"0.00,0.00,0.00,0.00,0.00,0.00,0.00,0.00,0.00,0.00,0.00,0.00",,0.00,0.00,,
calculate sq feet from google maps,,0,"0.00,0.00,0.00,0.00,0.00,0.00,0.00,0.00,0.00,0.00,0.00,0.00",,0.00,0.00,,
calculate sq ft oin google maps,,0,"0.00,0.00,0.00,0.00,0.00,0.00,0.00,0.00,0.00,0.00,0.00,0.00",,0.00,0.00,,
calculate sqft on map,,0,"0.00,0.00,0.00,0.00,0.00,0.00,0.00,0.00,0.00,0.00,0.00,0.00",,0.00,0.00,,
calculate square feet based on goolgme maps,,0,"1.00,0.00,0.00,0.00",,0.00,0.00,,
calculate square feet on map,,0,"0.00,0.00,0.00,0.00,0.00,0.00,0.00,0.00,0.00,0.00,0.00,0.00",,0.00,0.00,,
calculate square foot on a map,,0,"1.00,0.00,0.00,0.00,0.00,0.00,0.00,0.00,0.00,0.00,0.00",,0.00,0.00,,
calculate square footage on map,,0,"0.00,0.00,0.00,0.00,0.00,0.00,0.00,0.00,0.00,0.00,0.00,0.00",,0.00,0.00,,
calculate square mileage on map,,0,"0.00,0.00,0.00,0.00,0.00,0.00,0.00,0.00,0.00,0.00,0.00,0.00",,0.00,0.00,,
calculate square miles by total miles on map,,0,"0.00,0.00,0.00,0.00,0.00,0.00,0.00,0.00,0.00,0.00,0.00,0.00",,0.00,0.00,,
calculate square miles google maps,,0,"0.00,0.00,0.00,0.00,0.00,0.00,0.00,0.00,0.00,0.00,0.00,0.00",,0.00,0.00,,
calculate straight line distance between two points on a map,,0,"0.00,0.00,0.00,0.00,0.00,0.00,0.00,0.00,0.00,0.00,0.00,0.00",,0.00,0.00,,
calculate straight line distance on map,,0,"0.00,0.00,0.00,0.00,0.00,0.00,0.00,0.00,0.00,0.00,0.00,0.00",,0.00,0.00,,
calculate stream gradient based off a topographic map,,0,"0.00,0.00,0.00,0.00,0.00,0.00,0.00,0.00,0.00,0.00,0.00,0.00",,0.00,0.00,,
calculate suqare footage google maps,,0,"0.00,0.00,0.00,0.00,0.00,0.00,0.00,0.00,0.00,0.00,0.00,0.00",,0.00,0.00,,
calculate surface area on google maps,,0,"0.00,0.00,0.00,0.00,0.00,0.00,0.00,0.00,0.00,0.00,0.00,0.00",,0.00,0.00,,
calculate surface area using google maps,,0,"0.00,0.00,0.00,0.00,0.00,0.00,0.00,0.00,0.00,0.00,0.00,0.00",,0.00,0.00,,
calculate surface google maps,,0,"0.00,1.00,0.00,0.00,0.00,0.00,0.00,0.00,0.00,1.00,0.00,0.00",,0.00,0.00,,
calculate tag and index for direct mapped,,0,"0.00,0.00,0.00,0.00,0.00,0.00,0.00,0.00,0.00,0.00,0.00,0.00",,0.00,0.00,,
calculate tag and index for direct mapped cache,,0,"0.00,0.00,0.00,0.00,0.00,0.00,0.00,0.00,0.00,0.00,0.00,0.00",,0.00,0.00,,
calculate tag index offset direct mapped cache formula,,0,"0.00,0.00,0.00,0.00,0.00,0.00,0.00,0.00,0.00,0.00,0.00,0.00",,0.00,0.00,,
calculate tangent normal mapping,,0,"0.00,0.00,0.00,0.00,0.00,0.00,0.00,0.00,0.00,0.00,0.00,0.00",,0.00,0.00,,
calculate the area of something on google maps,,0,"0.00,0.00,0.00,0.00,0.00,0.00,0.00,0.00,0.00,0.00,0.00,0.00",,0.00,0.00,,
calculate the distance between points on a map tableau,,0,"0.00,0.00,0.00,0.00,0.00,0.00,0.00,0.00,0.00,0.00,0.00,0.00",,0.00,0.00,,
calculate the distance between the points on a map,,0,"0.00,0.00,0.00,0.00,0.00,0.00,0.00,0.00,0.00,0.00,0.00,0.00",,0.00,0.00,,
calculate the distance between two map coordinates,,0,"0.00,0.00,0.00,0.00,0.00,0.00,0.00,0.00,0.00,0.00,0.00,0.00",,0.00,0.00,,
calculate the distance between two map coordinates in python,,0,"0.00,0.00,0.00,0.00,0.00,0.00,0.00,0.00,0.00,0.00,0.00,0.00",,0.00,0.00,,
calculate the distance between two map cooridnates in python,,0,"0.00,0.00,0.00,0.00,0.00,0.00,0.00,0.00,0.00,0.00,0.00,0.00",,0.00,0.00,,
calculate the distance between two places on map,,0,"0.00,0.00,0.00,0.00,0.00,0.00,0.00,0.00,0.00,0.00,0.00,0.00",,0.00,0.00,,
calculate the distance between two points google maps,,0,"0.00,0.00,0.00,0.00,0.00,0.00,0.00,0.00,0.00,0.00,0.00,0.00",,0.00,0.00,,
calculate the distance between two points google maps api,,0,"0.00,0.00,0.00,0.00,0.00,0.00,0.00,0.00,0.00,0.00,0.00,0.00",,0.00,0.00,,
calculate the gradient along line cd topographic map,,0,"0.00,0.00,0.00,0.00,0.00,0.00,0.00,0.00,0.00,0.00,0.00,0.00",,0.00,0.00,,
calculate the gradient between two points on a map,,0,"0.00,0.00,0.00,0.00,0.00,0.00,0.00,0.00,0.00,0.00,0.00,0.00",,0.00,0.00,,
calculate the gradient of a river on a topographic map,,0,"0.00,0.00,0.00,0.00,0.00,0.00,0.00,0.00,0.00,0.00,0.00,0.00",,0.00,0.00,,
calculate the gradient of n to b topographic map,,0,"0.00,0.00,0.00,0.00,0.00,0.00,0.00,0.00,0.00,0.00,0.00,0.00",,0.00,0.00,,
calculate the isobaric interval on the synoptic map provided,,0,"0.00,0.00,0.00,0.00,0.00,0.00,0.00,0.00,0.00,0.00,0.00,0.00",,0.00,0.00,,
calculate the map distance between b and c,,0,"0.00,0.00,0.00,0.00,0.00,0.00,0.00,0.00,0.00,0.00,0.00,0.00",,0.00,0.00,,
calculate the map distance between b and c cheg,,0,"0.00,0.00,0.00,0.00,0.00,0.00,0.00,0.00,0.00,0.00,0.00,0.00",,0.00,0.00,,
calculate the map distance between the black and vestigial genes,,0,"0.00,0.00,0.00,0.00,0.00,0.00,0.00,0.00,0.00,0.00,0.00,0.00",,0.00,0.00,,
calculate the map distance between the gene and centromere,,0,"0.00,0.00,0.00,0.00,0.00,0.00,0.00,0.00,0.00,0.00,0.00,0.00",,0.00,0.00,,
calculate the map for a blood pressure of 130/85 mmhg,,0,"0.00,0.00,0.00,0.00,0.00,0.00,0.00,0.00,0.00,0.00,0.00,0.00",,0.00,0.00,,
calculate the map of blood pressure is 130 85,,0,"0.00,0.00,0.00,0.00,0.00,0.00,0.00,0.00,0.00,0.00,0.00,0.00",,0.00,0.00,,
calculate the map units separate these genes,,0,"0.00,0.00,0.00,0.00,0.00,0.00,0.00,0.00,0.00,0.00,0.00,0.00",,0.00,0.00,,
calculate the mape for gentex's annual forecast from 2011 2017,,0,"0.00,0.00,0.00,0.00,0.00,0.00,0.00,0.00,0.00,0.00,0.00,0.00",,0.00,0.00,,
calculate the mapping angle of a gps project,,0,"0.00,0.00,0.00,0.00,0.00,0.00,0.00,0.00,0.00,0.00,0.00,0.00",,0.00,0.00,,
calculate the number of gene map units in 3 genes,,0,"0.00,0.00,0.00,0.00,0.00,0.00,0.00,0.00,0.00,0.00,0.00,0.00",,0.00,0.00,,
calculate the number of map units,,0,"0.00,0.00,0.00,0.00,0.00,0.00,0.00,0.00,0.00,0.00,0.00,0.00",,0.00,0.00,,
calculate the position of the element map react native,,0,"0.00,0.00,0.00,0.00,0.00,0.00,0.00,0.00,0.00,0.00,0.00,0.00",,0.00,0.00,,
calculate the projected texture coordinates for sampling the shadow map,,0,"0.00,0.00,0.00,0.00,0.00,0.00,0.00,0.00,0.00,0.00,0.00,0.00",,0.00,0.00,,
calculate the recombination frequency and map units for a gene,,0,"0.00,0.00,0.00,0.00,0.00,0.00,0.00,0.00,0.00,0.00,0.00,0.00",,0.00,0.00,,
calculate the size of a map,,0,"0.00,0.00,0.00,0.00,0.00,0.00,0.00,0.00,0.00,0.00,0.00,0.00",,0.00,0.00,,
calculate the size of a map in java,,0,"0.00,0.00,0.00,0.00,0.00,0.00,0.00,0.00,0.00,0.00,0.00,0.00",,0.00,0.00,,
calculate the size of each feature map,,0,"0.00,0.00,0.00,0.00,0.00,0.00,0.00,0.00,0.00,0.00,0.00,0.00",,0.00,0.00,,
calculate the temperature using isoparametric mapping method,,0,"0.00,0.00,0.00,0.00,0.00,0.00,0.00,0.00,0.00,0.00,0.00,0.00",,0.00,0.00,,
calculate the total size of a direct mapped cache example,,0,"0.00,0.00,0.00,0.00,0.00,0.00,0.00,0.00,0.00,0.00,0.00,0.00",,0.00,0.00,,
calculate the width of a road on google maps,,0,"0.00,0.00,0.00,0.00,0.00,0.00,0.00,0.00,0.00,0.00,0.00,0.00",,0.00,0.00,,
calculate time multiple stops google maps,,0,"0.00,0.00,0.00,0.00,0.00,0.00,0.00,0.00,0.00,0.00,0.00,0.00",,0.00,0.00,,
calculate time zone map,,0,"0.00,0.00,0.00,0.00,0.00,0.00,0.00,0.00,0.00,0.00,0.00,0.00",,0.00,0.00,,
calculate toll money on google maps,,0,"0.00,0.00,0.00,0.00,0.00,0.00,0.00,0.00,0.00,0.00,0.00,0.00",,0.00,0.00,,
calculate tolls by map,,0,"0.00,0.00,0.00,0.00,0.00,0.00,0.00,0.00,0.00,0.00,0.00,0.00",,0.00,0.00,,
calculate tolls for a trip google maps,,0,"0.00,0.00,0.00,0.00,0.00,0.00,0.00,0.00,0.00,0.00,0.00,0.00",,0.00,0.00,,
calculate tolls google map,,0,"0.00,0.00,0.00,0.00,0.00,0.00,0.00,0.00,0.00,0.00,0.00,0.00",,0.00,0.00,,
calculate tolls google maps europe,,0,"0.00,0.00,0.00,0.00,0.00,0.00,0.00,0.00,0.00,0.00,0.00,0.00",,0.00,0.00,,
calculate tolls google maps malaysia,,0,"0.00,0.00,0.00,0.00,0.00,0.00,0.00,0.00,0.00,0.00,0.00,0.00",,0.00,0.00,,
calculate tolls in google maps,,0,"0.00,0.00,0.00,0.00,0.00,0.00,0.00,0.00,0.00,0.00,0.00,0.00",,0.00,0.00,,
calculate tolls maps,,0,"0.00,0.00,0.00,0.00,0.00,0.00,0.00,0.00,0.00,0.00,0.00,0.00",,0.00,0.00,,
calculate tolls on google map,,0,"0.00,0.00,0.00,0.00,0.00,0.00,0.00,0.00,0.00,0.00,0.00,0.00",,0.00,0.00,,
calculate tolls using google maps,,0,"0.00,0.00,0.00,0.00,0.00,0.00,0.00,0.00,0.00,0.00,0.00,0.00",,0.00,0.00,,
calculate total distance on google maps,,0,"0.00,0.00,0.00,0.00,0.00,0.00,0.00,0.00,0.00,0.00,0.00,0.00",,0.00,0.00,,
calculate total distance trip on google maps,,0,"0.00,0.00,0.00,0.00,0.00,0.00,0.00,0.00,0.00,0.00,0.00,0.00",,0.00,0.00,,
calculate transit map arcgis,,0,"0.00,0.00,0.00,0.00,0.00,0.00,0.00,0.00,0.00,0.00,0.00,0.00",,0.00,0.00,,
calculate travel time at different time google maps,,0,"0.00,0.00,0.00,0.00,0.00,0.00,0.00,0.00,0.00,0.00,0.00,0.00",,0.00,0.00,,
calculate travel time google maps api,,0,"0.00,0.00,0.00,0.00,0.00,0.00,0.00,0.00,0.00,0.00,0.00,0.00",,0.00,0.00,,
calculate travel time map,,0,"0.00,0.00,0.00,0.00,0.00,0.00,0.00,0.00,0.00,0.00,0.00,0.00",,0.00,0.00,,
calculate unit step response of a function with mapping,,0,"0.00,0.00,0.00,0.00,0.00,0.00,0.00,0.00,0.00,0.00,0.00,0.00",,0.00,0.00,,
calculate uptime in a state mapping,,0,"0.00,0.00,0.00,0.00,0.00,0.00,0.00,0.00,0.00,0.00,0.00,0.00",,0.00,0.00,,
calculate uptime value stream mapping,,0,"0.00,0.00,0.00,0.00,0.00,0.00,0.00,0.00,0.00,0.00,0.00,0.00",,0.00,0.00,,
calculate variables dynamically on map in r geoid,,0,"0.00,0.00,0.00,0.00,0.00,0.00,0.00,0.00,0.00,0.00,0.00,0.00",,0.00,0.00,,
calculate variablse inside bounds of map,,0,"0.00,0.00,0.00,0.00,0.00,0.00,0.00,0.00,0.00,0.00,0.00,0.00",,0.00,0.00,,
calculate variablse inside bounds of map leaflet,,0,"0.00,0.00,0.00,0.00,0.00,0.00,0.00,0.00,0.00,0.00,0.00,0.00",,0.00,0.00,,
calculate variance map reduce,,0,"0.00,0.00,0.00,0.00,0.00,0.00,0.00,0.00,0.00,0.00,0.00,0.00",,0.00,0.00,,
calculate volumes contour map,,0,"0.00,0.00,0.00,0.00,0.00,0.00,0.00,0.00,0.00,0.00,0.00,0.00",,0.00,0.00,,
calculate walk distance on map,,0,"0.00,0.00,0.00,0.00,0.00,0.00,0.00,0.00,0.00,0.00,0.00,0.00",,0.74,0.06,,
calculate walk time google maps,,0,"0.00,0.00,0.00,0.00,0.00,0.00,0.00,0.00,0.00,0.00,0.00,0.00",,0.00,0.00,,
calculate walking calories map,,0,"0.00,0.00,0.00,0.00,0.00,0.00,0.00,0.00,0.00,0.00,0.00,0.00",,0.00,0.00,,
calculate walking distance between two points google maps,,0,"0.00,0.00,0.00,0.00,0.00,0.00,0.00,0.00,0.00,0.00,0.00,0.00",,0.00,0.00,,
calculate walking time map,,0,"0.00,0.00,0.00,0.00,0.00,0.00,0.00,0.00,0.00,0.00,0.00,0.00",,0.00,0.00,,
calculate weighted mape excel,,0,"0.00,0.00,0.00,0.00,0.00,0.00,0.00,0.00,0.00,0.00,0.00,0.00",,0.00,0.00,,
calculate weighted mape in r,,0,"0.00,0.00,0.00,0.00,0.00,0.00,0.00,0.00,0.00,0.00,0.00,0.00",,0.00,0.00,,
calculate weingarten map,,0,"0.00,0.00,0.00,0.00,0.00,0.00,0.00,0.00,0.00,0.00,0.00,0.00",,0.00,0.00,,
calculate where to travel next energy map,,0,"0.00,0.00,0.00,0.00,0.00,0.00,0.00,0.00,0.00,0.00,0.00,0.00",,0.00,0.00,,
calculate word frequency python map python,,0,"0.00,0.00,0.00,0.00,0.00,0.00,0.00,0.00,0.00,0.00,0.00,0.00",,0.00,0.00,,
calculate your escape minecraft map,,0,"0.00,0.00,0.00,0.00,0.00,0.00,0.00,0.00,0.00,0.00,0.00,0.00",,0.00,0.00,,
calculate your escape minecraft map walkthrough,,0,"0.00,0.00,0.00,0.00,0.00,0.00,0.00,0.00,0.00,0.00,0.00,0.00",,0.00,0.00,,
calculate your running distance map,,0,"0.00,0.00,0.00,0.00,0.00,0.00,0.00,0.00,0.00,0.00,0.00,0.00",,0.00,0.00,,
calculate zoom level google maps,,0,"0.00,0.00,0.00,1.00,0.00,0.00,0.00,1.00,0.00,0.00,0.00,0.00",,0.00,0.00,,
calculate zoom level google maps javascript,,0,"0.00,0.00,0.00,0.00,0.00,0.00,0.00,0.00,0.00,0.00,0.00,0.00",,0.00,0.00,,
calculate_disparity_map,,0,"0.00,0.00,0.00,0.00,0.00,0.00,0.00,0.00,0.00,0.00,0.00,0.00",,0.00,0.00,,
calculated boost using map baro,,0,"0.00,0.00,0.00,0.00,0.00,0.00,0.00,0.00,0.00,0.00,0.00,0.00",,0.00,0.00,,
calculated expressions field maps,,0,"0.00,0.00,0.00,0.00,0.00,0.00,0.00,0.00,0.00,0.00,0.00,0.00",,0.00,0.00,,
calculated field as label on layered map tableu,,0,"0.00,0.00,0.00,0.00,0.00,0.00,0.00,0.00,0.00,0.00,0.00,0.00",,0.00,0.00,,
calculated gearbox load map,,0,"0.00,0.00,0.00,0.00,0.00,0.00,0.00,0.00,0.00,0.00,0.00,0.00",,0.00,0.00,,
calculated map distance linked genes,,0,"0.00,0.00,0.00,0.00,0.00,0.00,0.00,0.00,0.00,0.00,0.00,0.00",,0.00,0.00,,
calculated metrics data source mapping formula,,0,"0.00,0.00,0.00,0.00,0.00,0.00,0.00,0.00,0.00,0.00,0.00,0.00",,0.00,0.00,,
calculated soil moisture anomaly map may 1 4 2017,,0,"0.00,0.00,0.00,0.00,0.00,0.00,0.00,0.00,0.00,0.00,0.00,0.00",,0.00,0.00,,
calculated soil moisture anomaly map may 14 2017,,0,"0.00,0.00,0.00,0.00,0.00,0.00,0.00,0.00,0.00,0.00,0.00,0.00",,0.00,0.00,,
calculated soil moisture anomaly map may 2017,,0,"0.00,0.00,0.00,0.00,0.00,0.00,0.00,0.00,0.00,0.00,0.00,0.00",,0.00,0.00,,
calculated transmission load map,,0,"0.00,0.00,0.00,0.00,0.00,0.00,0.00,0.00,0.00,0.00,0.00,0.00",,0.00,0.00,,
calculating a circle from 3 points on a map,,0,"0.00,0.00,0.00,0.00,0.00,0.00,0.00,0.00,0.00,0.00,0.00,0.00",,0.00,0.00,,
calculating a scale on a map,,0,"0.00,0.00,0.00,0.00,0.00,0.00,0.00,0.00,0.00,0.00,0.00,0.00",,0.00,0.00,,
calculating acerage via google maps,,0,"0.00,0.00,0.00,0.00,0.00,0.00,0.00,0.00,0.00,0.00,0.00,0.00",,0.00,0.00,,
calculating acreage of property map,,0,"0.00,0.00,0.00,0.00,0.00,0.00,0.00,0.00,0.00,0.00,0.00,0.00",,0.00,0.00,,
calculating acreage using google maps,,0,"0.00,0.00,0.00,0.00,0.00,0.00,0.00,0.00,0.00,0.00,0.00,0.00",,0.00,0.00,,
calculating angular bearing on maps an introduction,,0,"0.00,0.00,0.00,0.00,0.00,0.00,0.00,0.00,0.00,0.00,0.00,0.00",,0.00,0.00,,
calculating area on a map,,0,"0.00,0.00,0.00,0.00,0.00,0.00,0.00,0.00,0.00,0.00,0.00,0.00",,0.45,0.05,,
calculating area on google maps,,0,"0.00,0.00,0.00,0.00,0.00,0.00,0.00,0.00,0.00,0.00,0.00,0.00",,0.40,0.03,,
calculating area using map scale,,0,"0.00,0.00,0.00,0.00,0.00,0.00,0.00,0.00,0.00,0.00,0.00,0.00",,0.00,0.00,,
calculating area via google map api,,0,"0.00,0.00,0.00,0.00,0.00,0.00,0.00,0.00,0.00,0.00,0.00,0.00",,0.00,0.00,,
calculating bearings on a map,,0,"0.00,0.00,0.00,0.00,0.00,0.00,0.00,0.00,0.00,0.00,0.00,0.00",,0.00,0.00,,
calculating blood pressure map,,0,"0.00,0.00,0.00,0.00,0.00,0.00,0.00,0.00,0.00,1.00,0.00,0.00",,0.00,0.00,,
calculating closer error mapping,,0,"0.00,0.00,0.00,0.00,0.00,0.00,0.00,0.00,0.00,0.00,0.00,0.00",,0.00,0.00,,
calculating coordinates on different game map sizes,,0,"0.00,0.00,0.00,0.00,0.00,0.00,0.00,0.00,0.00,0.00,0.00,0.00",,0.00,0.00,,
calculating depth map from dispairty map,,0,"1.00,0.00,0.00,0.00,0.00,0.00",,0.00,0.00,,
calculating distance google maps,,0,"0.00,0.00,0.00,0.00,0.00,1.00,0.00,0.00,0.00,0.00,0.00,0.00",,0.43,0.00,,
calculating distance google maps api,,0,"0.00,0.00,0.00,0.00,0.00,0.00,0.00,0.00,0.00,0.00,0.00,0.00",,0.00,0.00,,
calculating distance in google maps,,0,"0.00,0.00,0.00,0.00,0.00,0.00,0.00,0.00,0.00,0.00,0.00,0.00",,0.43,0.00,,
calculating distance in map units,,0,"0.00,0.00,0.00,0.00,0.00,0.00,0.00,0.00,0.00,0.00,0.00,0.00",,0.00,0.00,,
calculating distance in miles using google maps in c programming,,0,"0.00,0.00,0.00,0.00,0.00,0.00,0.00,0.00,0.00,0.00,0.00,0.00",,0.00,0.00,,
calculating distance maps google,,0,"0.00,0.00,0.00,0.00,0.00,0.00,0.00,0.00,0.00,0.00,0.00,0.00",,0.00,0.00,,
calculating distance on a map using a scale,,0,"0.00,0.00,0.00,0.00,0.00,0.00,0.00,0.00,0.00,0.00,0.00,0.00",,0.00,0.00,,
calculating distance on a map worksheet,,0,"0.00,0.00,0.00,0.00,0.00,0.00,0.00,0.00,0.00,0.00,0.00,0.00",,0.00,0.00,,
calculating distance on genetic map using phenotypic results,,0,"0.00,0.00,0.00,0.00,0.00,0.00,0.00,0.00,0.00,0.00,0.00,0.00",,0.00,0.00,,
calculating distance on map,,0,"0.00,0.00,0.00,0.00,0.00,0.00,0.00,0.00,0.00,0.00,0.00,0.00",,0.72,0.01,,
calculating distance on maps.google.com,,0,"0.00,0.00,0.00,0.00,0.00,0.00,0.00,0.00,0.00,0.00,0.00,0.00",,0.00,0.00,,
calculating distance using a map scale worksheets,,0,"0.00,0.00,0.00,0.00,0.00,0.00,0.00,0.00,0.00,0.00,0.00,0.00",,0.00,0.00,,
calculating distance using google maps in asp net mvc,,0,"0.00,0.00,0.00,0.00,0.00,0.00,0.00,0.00,0.00,0.00,0.00,0.00",,0.00,0.00,,
calculating distance using google maps in asp.net,,0,"0.00,0.00,0.00,0.00,0.00,0.00,0.00,0.00,0.00,0.00,0.00,0.00",,0.00,0.00,,
calculating distance using google maps in asp.net mvc,,0,"0.00,0.00,0.00,0.00,0.00,0.00,0.00,0.00,0.00,0.00,0.00,0.00",,0.00,0.00,,
calculating distance with google maps api,,0,"0.00,0.00,0.00,0.00,0.00,0.00,0.00,0.00,0.00,0.00,0.00,0.00",,0.00,0.00,,
calculating distances on a map,,0,"0.00,0.00,0.00,0.00,0.00,0.00,0.00,0.00,0.00,0.00,0.00,0.00",,0.72,0.01,,
calculating earth's radius posidonius map,,0,"0.00,0.00,0.00,0.00,0.00,0.00,0.00,0.00,0.00,0.00,0.00,0.00",,0.00,0.00,,
calculating elevation change on a 1 25000 map,,0,"0.00,0.00,0.00,0.00,0.00,0.00,0.00,0.00,0.00,0.00,0.00,0.00",,0.00,0.00,,
calculating elevation change topo map,,0,"0.00,0.00,0.00,0.00,0.00,0.00,0.00,0.00,0.00,0.00,0.00,0.00",,0.00,0.00,,
calculating elevation on a topographic map,,0,"0.00,0.00,0.00,0.00,0.00,0.00,0.00,0.00,0.00,0.00,0.00,0.00",,0.00,0.00,,
calculating elevation on map,,0,"0.00,0.00,0.00,0.00,0.00,0.00,0.00,0.00,0.00,0.00,0.00,0.00",,0.00,0.00,,
calculating faf to map time,,0,"0.00,0.00,0.00,0.00,0.00,0.00,0.00,0.00,0.00,0.00,0.00,0.00",,0.00,0.00,,
calculating feature map size convolution,,0,"0.00,0.00,0.00,0.00,0.00,0.00,0.00,0.00,0.00,0.00,0.00,0.00",,0.00,0.00,,
calculating feet on a street map,,0,"0.00,0.00,0.00,0.00,0.00,0.00,0.00,0.00,0.00,0.00,0.00,0.00",,0.00,0.00,,
calculating forecast accuracy mape,,0,"0.00,0.00,0.00,0.00,0.00,0.00,0.00,0.00,0.00,0.00,0.00,0.00",,0.00,0.00,,
calculating gas with google maps,,0,"0.00,0.00,0.00,0.00,0.00,0.00,0.00,0.00,0.00,0.00,0.00,0.00",,0.00,0.00,,
calculating gene map units,,0,"0.00,0.00,0.00,0.00,0.00,0.00,0.00,0.00,0.00,0.00,0.00,0.00",,0.00,0.00,,
calculating gene order from map distance,,0,"0.00,0.00,0.00,0.00,0.00,0.00,0.00,0.00,0.00,0.00,0.00,0.00",,0.00,0.00,,
calculating genetic map distance,,0,"0.00,0.00,0.00,0.00,0.00,0.00,0.00,0.00,0.00,0.00,0.00,0.00",,0.00,0.00,,
calculating genetic resolution of a mapping population,,0,"0.00,0.00,0.00,0.00,0.00,0.00,0.00,0.00,0.00,0.00,0.00,0.00",,0.00,0.00,,
calculating gradient on topographic maps,,0,"0.00,0.00,0.00,0.00,0.00,0.00,0.00,0.00,0.00,0.00,0.00,0.00",,0.00,0.00,,
calculating gradient topographic map,,0,"0.00,0.00,0.00,0.00,0.00,0.00,0.00,0.00,0.00,0.00,0.00,0.00",,0.00,0.00,,
calculating interference gene mapping,,0,"0.00,0.00,0.00,0.00,0.00,0.00,0.00,0.00,0.00,0.00,0.00,0.00",,0.00,0.00,,
calculating land area google maps,,0,"0.00,0.00,0.00,0.00,0.00,0.00,0.00,0.00,0.00,0.00,0.00,0.00",,0.00,0.00,,
calculating latitude and longitude on a map,,0,"0.00,0.00,0.00,0.00,0.00,0.00,0.00,0.00,0.00,0.00,0.00,0.00",,0.00,0.00,,
calculating linkage map distance,,0,"0.00,0.00,0.00,0.00,0.00,0.00,0.00,0.00,0.00,0.00,0.00,0.00",,0.00,0.00,,
calculating linkage map for qtl analysis in macbook,,0,"0.00,0.00,0.00,0.00,0.00,0.00,0.00,0.00,0.00,0.00,0.00,0.00",,0.00,0.00,,
calculating long path distances google maps,,0,"0.00,0.00,0.00,0.00,0.00,0.00,0.00,0.00,0.00,0.00,0.00,0.00",,0.00,0.00,,
calculating magnetic declination map,,0,"0.00,0.00,0.00,0.00,0.00,0.00,0.00,0.00,0.00,0.00,0.00,0.00",,0.00,0.00,,
calculating map bayesian,,0,"0.00,0.00,0.00,0.00,0.00,0.00,0.00,0.00,0.00,0.00,0.00,0.00",,0.00,0.00,,
calculating map center by 2 points,,0,"0.00,0.00,0.00,0.00,0.00,0.00,0.00,0.00,0.00,0.00,0.00,0.00",,0.00,0.00,,
calculating map cycling,,0,"0.00,0.00,0.00,0.00,0.00,0.00,0.00,0.00,0.00,0.00,0.00,0.00",,0.00,0.00,,
calculating map declination,,0,"0.00,0.00,0.00,0.00,0.00,0.00,0.00,0.00,0.00,0.00,0.00,0.00",,0.00,0.00,,
calculating map distance between genes,,0,"0.00,0.00,0.00,0.00,0.00,0.00,0.00,0.00,0.00,0.00,0.00,0.00",,0.00,0.00,,
calculating map distance from centromere,,0,"0.00,0.00,0.00,0.00,0.00,0.00,0.00,0.00,0.00,0.00,0.00,0.00",,0.00,0.00,,
calculating map distance genes,,0,"0.00,0.00,0.00,0.00,0.00,0.00,0.00,0.00,0.00,0.00,0.00,0.00",,0.00,0.00,,
calculating map distance genetics triple mutant,,0,"0.00,0.00,0.00,0.00,0.00,0.00,0.00,0.00,0.00,0.00,0.00,0.00",,0.00,0.00,,
calculating map distance in biology,,0,"0.00,0.00,0.00,0.00,0.00,0.00,0.00,0.00,0.00,0.00,0.00,0.00",,0.00,0.00,,
calculating map distance of genes,,0,"0.00,0.00,0.00,0.00,0.00,0.00,0.00,0.00,0.00,0.00,0.00,0.00",,0.00,0.00,,
calculating map distance on chart,,0,"0.00,0.00,0.00,0.00,0.00,0.00,0.00,0.00,0.00,0.00,0.00,0.00",,0.00,0.00,,
calculating map distance on chart genetics,,0,"0.00,0.00,0.00,0.00,0.00,0.00,0.00,0.00,0.00,0.00,0.00,0.00",,0.00,0.00,,
calculating map distances in a three points cross,,0,"0.00,0.00,0.00,0.00,0.00,0.00,0.00,0.00,0.00,0.00,0.00,0.00",,0.00,0.00,,
calculating map distnac,,0,"0.00,0.00,0.00,0.00,0.00,0.00,0.00,0.00,0.00,0.00,0.00,0.00",,0.00,0.00,,
calculating map equation,,0,"0.00,0.00,0.00,0.00,0.00,0.00,0.00,0.00,0.00,0.00,0.00,0.00",,0.00,0.00,,
calculating map from bp,,0,"0.00,0.00,0.00,0.00,0.00,0.44,0.44,0.00,0.00,0.00,0.00,1.00",,1.52,0.00,,
calculating map from ci and svr,,0,"0.00,0.00,0.00,0.00,0.00,0.00,0.00,0.00,0.00,0.00,0.00,0.00",,0.00,0.00,,
calculating map from sbp and dbp,,0,"0.00,0.00,0.00,0.00,0.00,0.00,0.00,0.00,0.00,0.00,0.00,0.00",,0.00,0.00,,
calculating map gradient,,0,"0.00,0.00,0.00,0.00,0.00,0.00,0.00,0.00,0.00,0.00,0.00,0.00",,0.00,0.00,,
calculating map mm hg,,0,"0.00,0.00,0.00,0.00,0.00,0.00,0.00,0.00,0.00,0.00,0.00,0.00",,0.00,0.00,,
calculating map on ventilator,,0,"0.00,0.00,0.00,0.00,0.00,0.00,0.00,0.00,0.00,0.00,0.00,0.00",,0.00,0.00,,
calculating map practice,,0,"0.00,0.00,0.00,0.00,0.00,0.00,0.00,0.00,0.00,0.00,0.00,0.00",,0.00,0.00,,
calculating map pytorch,,0,"0.00,0.00,0.00,0.00,0.00,0.00,0.00,0.00,0.00,0.00,0.00,0.00",,0.00,0.00,,
calculating map quickly,,0,"0.00,0.00,0.00,0.00,0.00,0.00,0.00,0.00,0.00,0.00,0.00,0.00",,0.00,0.00,,
calculating map scale examples,,0,"0.00,0.00,0.00,0.00,0.00,0.00,0.00,0.00,0.00,0.00,0.00,0.00",,0.00,0.00,,
calculating map scale for kids you tubee,,0,"0.00,0.00,0.00,0.00,0.00,0.00,0.00,0.00,0.00,0.00,0.00,0.00",,0.00,0.00,,
calculating map scale sample problems with solutions,,0,"0.00,0.00,0.00,0.00,0.00,0.00,0.00,0.00,0.00,0.00,0.00,0.00",,0.00,0.00,,
calculating map scales ratio,,0,"0.00,0.00,0.00,0.00,0.00,0.00,0.00,0.00,0.00,0.00,0.00,0.00",,0.00,0.00,,
calculating map test percentiles,,0,"0.00,0.00,0.00,0.00,0.00,0.00,0.00,0.00,0.00,0.00,0.00,0.00",,0.00,0.00,,
calculating map unit,,0,"0.00,0.00,0.00,0.00,0.00,0.00,0.00,0.00,0.00,0.00,0.00,0.00",,0.00,0.00,,
calculating map unit problems,,0,"0.00,0.00,0.00,0.00,0.00,0.00,0.00,0.00,0.00,0.00,0.00,0.00",,0.00,0.00,,
calculating map units based on phenotype,,0,"0.00,0.00,0.00,0.00,0.00,0.00,0.00,0.00,0.00,0.00,0.00,0.00",,0.00,0.00,,
calculating map units between linked genes,,0,"0.00,0.00,0.00,0.00,0.00,0.00,0.00,0.00,0.00,0.00,0.00,0.00",,0.00,0.00,,
calculating map units between parental,,0,"0.00,0.00,0.00,0.00,0.00,0.00,0.00,0.00,0.00,0.00,0.00,0.00",,0.00,0.00,,
calculating map units from recombination frequency,,0,"0.00,0.00,0.00,0.00,0.00,0.00,0.00,0.00,0.00,0.00,0.00,0.00",,0.00,0.00,,
calculating map units genetics,,0,"0.00,0.00,0.00,0.00,0.00,0.00,0.00,0.00,0.00,0.00,0.00,0.00",,0.00,0.00,,
calculating map units given hfr strain,,0,"0.00,0.00,0.00,0.00,0.00,0.00,0.00,0.00,0.00,0.00,0.00,0.00",,0.00,0.00,,
calculating map units with data genetics,,0,"0.00,0.00,0.00,0.00,0.00,0.00,0.00,0.00,0.00,0.00,0.00,0.00",,0.00,0.00,,
calculating map vs mpap,,0,"0.00,0.00,0.00,0.00,0.00,0.00,0.00,0.00,0.00,0.00,0.00,0.00",,0.00,0.00,,
calculating map with 32mm arterial line,,0,"0.00,0.00,0.00,0.00,0.00,0.00,0.00,0.00,0.00,0.00,0.00,0.00",,0.00,0.00,,
calculating map with cardiac output,,0,"0.00,0.00,0.00,0.00,0.00,0.00,0.00,0.00,0.00,0.00,0.00,0.00",,0.00,0.00,,
calculating map with r 5,,0,"0.00,0.00,0.00,0.00,0.00,0.00,0.00,0.00,0.00,0.00,0.00,0.00",,0.00,0.00,,
calculating mape forecasting,,0,"0.00,0.00,0.00,0.00,0.00,0.00,0.00,0.00,0.00,0.00,0.00,0.00",,0.00,0.00,,
calculating mape in excel,,0,"1.00,1.00,0.00,0.00,0.00,0.00,1.00,0.00,0.00,0.00,0.00,0.00",,0.00,0.00,,
calculating mape in matlab,,0,"0.00,0.00,0.00,0.00,0.00,0.00,0.00,0.00,0.00,0.00,0.00,0.00",,0.00,0.00,,
calculating mape in minitab,,0,"0.00,0.00,0.00,0.00,0.00,0.00,0.00,0.00,0.00,0.00,0.00,0.00",,0.00,0.00,,
calculating mape in python,,0,"0.00,0.00,0.00,0.00,0.00,0.00,0.00,0.00,0.00,0.00,0.00,0.00",,0.00,0.00,,
calculating mape in r,,0,"0.00,0.00,0.00,0.00,0.00,0.00,0.00,0.00,0.00,0.00,0.00,0.00",,0.00,0.00,,
calculating mape in sas,,0,"0.00,0.00,0.00,0.00,0.00,0.00,0.00,0.00,0.00,0.00,0.00,0.00",,0.00,0.00,,
calculating mapping efficiency bwa-meth,,0,"0.00,0.00,0.00,0.00,0.00,0.00,0.00,0.00,0.00,0.00,0.00,0.00",,0.00,0.00,,
calculating mapping resolution,,0,"0.00,0.00,0.00,0.00,0.00,0.00,0.00,0.00,0.00,0.00,0.00,0.00",,0.00,0.00,,
calculating mapping resolution genetics,,0,"0.00,0.00,0.00,0.00,0.00,0.00,0.00,0.00,0.00,0.00,0.00,0.00",,0.00,0.00,,
calculating maps,,0,"0.00,0.00,0.00,0.00,0.00,0.00,0.00,0.00,0.00,0.00,0.00,0.00",,0.00,0.00,,
calculating misses direct mapped cache,,0,"0.00,0.00,0.00,0.00,0.00,0.00,0.00,0.00,0.00,0.00,0.00,0.00",,0.00,0.00,,
calculating mpe mape,,0,"0.00,0.00,0.00,0.00,0.00,0.00,0.00,0.00,0.00,0.00,0.00,0.00",,0.00,0.00,,
calculating mse and mape,,0,"0.00,0.00,0.00,0.00,0.00,0.00,0.00,0.00,0.00,0.00,0.00,0.00",,0.00,0.00,,
calculating number of feature maps,,0,"0.00,0.00,0.00,0.00,0.00,0.00,0.00,0.00,0.00,0.00,0.00,0.00",,0.00,0.00,,
calculating pond volume from google map,,0,"0.00,0.00,0.00,0.00,0.00,0.00,0.00,0.00,0.00,0.00,0.00,0.00",,0.00,0.00,,
calculating pulse pressure and map,,0,"0.00,0.00,0.00,0.00,0.00,0.00,0.00,0.00,0.00,0.00,0.00,0.00",,0.00,0.00,,
calculating pushforward by an action map,,0,"0.00,0.00,0.00,0.00,0.00,0.00,0.00,0.00,0.00,0.00,0.00,0.00",,0.00,0.00,,
calculating range on google maps,,0,"0.00,0.00,0.00,0.00,0.00,0.00,0.00,0.00,0.00,0.00,0.00,0.00",,0.00,0.00,,
calculating recombination frequency and map distance,,0,"0.00,0.00,0.00,0.00,0.00,0.00,0.00,0.00,0.00,0.00,0.00,0.00",,0.00,0.00,,
calculating relief between landmarks on a topographic map,,0,"0.00,0.00,0.00,0.00,0.00,0.00,0.00,0.00,0.00,0.00,0.00,0.00",,0.00,0.00,,
calculating relief between landmarks on a topographical map,,0,"0.00,0.00,0.00,0.00,0.00,0.00,0.00,0.00,0.00,0.00,0.00,0.00",,0.00,0.00,,
calculating relief on a topographic map,,0,"0.00,0.00,0.00,0.00,0.00,0.00,0.00,0.00,0.00,0.00,0.00,0.00",,0.00,0.00,,
calculating route distance on google maps,,0,"0.00,0.00,0.00,0.00,0.00,0.00,0.00,0.00,0.00,0.00,0.00,0.00",,0.00,0.00,,
calculating scalable distance google maps,,0,"0.00,0.00,0.00,0.00,0.00,0.00,0.00,0.00,0.00,0.00,0.00,0.00",,0.00,0.00,,
calculating scale for a map,,0,"0.00,0.00,0.00,0.00,0.00,0.00,0.00,0.00,0.00,0.00,0.00,0.00",,0.00,0.00,,
calculating scale middle school map,,0,"0.00,0.00,0.00,0.00,0.00,0.00,0.00,0.00,0.00,0.00,0.00,0.00",,0.00,0.00,,
calculating scales on maps,,0,"0.00,0.00,0.00,0.00,0.00,0.00,0.00,0.00,0.00,0.00,0.00,0.00",,0.00,0.00,,
calculating size from google maps,,0,"0.00,0.00,0.00,0.00,0.00,0.00,0.00,0.00,0.00,0.00,0.00,0.00",,0.00,0.00,,
calculating size over google maps,,0,"0.00,0.00,0.00,0.00,0.00,0.00,0.00,0.00,0.00,0.00,0.00,0.00",,0.00,0.00,,
calculating slope from a topographic map,,0,"0.00,0.00,0.00,0.00,0.00,0.00,0.00,0.00,0.00,0.00,0.00,0.00",,0.00,0.00,,
calculating slope of a topographic map,,0,"0.00,0.00,0.00,0.00,0.00,0.00,0.00,0.00,0.00,0.00,0.00,0.00",,0.00,0.00,,
calculating slope on topographic maps,,0,"0.00,0.00,0.00,0.00,0.00,0.00,0.00,0.00,0.00,0.00,0.00,0.00",,0.00,0.00,,
calculating slope ratio from a topographic map,,0,"0.00,0.00,0.00,0.00,0.00,0.00,0.00,0.00,0.00,0.00,0.00,0.00",,0.00,0.00,,
calculating square footage from google maps,,0,"0.00,0.00,0.00,0.00,0.00,0.00,0.00,0.00,0.00,0.00,0.00,0.00",,0.00,0.00,,
calculating square footage on google maps,,0,"0.00,0.00,0.00,1.00,0.00,0.00,0.00,0.00,0.00,0.00,0.00,0.00",,0.00,0.00,,
calculating square miles on a map,,0,"0.00,0.00,0.00,0.00,0.00,0.00,0.00,0.00,0.00,0.00,0.00,0.00",,0.00,0.00,,
calculating strightline distance on maps pdf,,0,"0.00,0.00,0.00,0.00,0.00,0.00,0.00,0.00,0.00,0.00,0.00,0.00",,0.00,0.00,,
calculating surface area on a map,,0,"0.00,0.00,0.00,0.00,0.00,0.00,0.00,0.00,0.00,0.00,0.00,0.00",,0.00,0.00,,
calculating the distance between two points on a map,,0,"0.00,0.00,0.00,0.00,0.00,0.00,0.00,0.00,0.00,0.00,0.00,0.00",,0.00,0.00,,
calculating the equidistant point on a map,,0,"0.00,0.00,0.00,0.00,0.00,0.00,0.00,0.00,0.00,0.00,0.00,0.00",,0.00,0.00,,
calculating the mean arterial pressure map nursingcenternursingcenter.com,,0,"0.00,0.00,0.00,0.00,0.00,0.00,0.00,0.00,0.00,0.00,0.00,0.00",,0.00,0.00,,
calculating the strike from a topographic map,,0,"0.00,0.00,0.00,0.00,0.00,0.00,0.00,0.00,0.00,0.00,0.00,0.00",,0.00,0.00,,
calculating tolls garden state parkway map,,0,"0.00,0.00,0.00,0.00,0.00,0.00,0.00,0.00,0.00,0.00,0.00,0.00",,0.00,0.00,,
calculating topographic map gradient,,0,"0.00,0.00,0.00,0.00,0.00,0.00,0.00,0.00,0.00,0.00,0.00,0.00",,0.00,0.00,,
calculating true stratigraphic thickness on contour maps,,0,"0.00,0.00,0.00,0.00,0.00,0.00,0.00,0.00,0.00,0.00,0.00,0.00",,0.00,0.00,,
calculating umc coordinates on a map,,0,"0.00,0.00,0.00,0.00,0.00,0.00,0.00,0.00,0.00,0.00,0.00,0.00",,0.00,0.00,,
calculating umc on a map,,0,"0.00,0.00,0.00,0.00,0.00,0.00,0.00,0.00,0.00,0.00,0.00,0.00",,0.00,0.00,,
calculating vertical exaggeration of a map,,0,"0.00,0.00,0.00,0.00,0.00,0.00,0.00,0.00,0.00,0.00,0.00,0.00",,0.00,0.00,,
calculating vertical exaggeration on a topo map,,0,"0.00,0.00,0.00,0.00,0.00,0.00,0.00,0.00,0.00,0.00,0.00,0.00",,0.00,0.00,,
calculating volume metric efficiency with maf map and lambda,,0,"0.00,0.00,0.00,0.00,0.00,0.00,0.00,0.00,0.00,0.00,0.00,0.00",,0.00,0.00,,
calculating walking distance on google maps,,0,"0.00,0.00,0.00,0.00,0.00,0.00,0.00,0.00,0.00,0.00,0.00,0.00",,0.68,0.04,,
calculating walking distance on map,,0,"0.00,0.00,0.00,0.00,0.00,0.00,0.00,0.00,0.00,0.00,0.00,0.00",,0.00,0.00,,
calculating walking distance with google maps,,0,"0.00,0.00,0.00,0.00,0.00,0.00,0.00,0.00,0.00,0.00,0.00,0.00",,0.00,0.00,,
calculating wind speed from weather map,,0,"0.00,0.00,0.00,0.00,0.00,0.00,0.00,0.00,0.00,0.00,0.00,0.00",,0.00,0.00,,
calculatings for maps kobo,,0,"0.00,0.00,0.00,0.00,0.00,0.00,0.00,0.00,0.00,0.00,0.00,0.00",,0.00,0.00,,
calculation for map blood pressure,,0,"0.00,0.00,0.00,0.00,0.00,0.00,0.00,0.00,0.00,0.00,0.00,0.00",,0.00,0.00,,
calculation for mape,,0,"0.00,0.00,0.00,0.00,0.00,0.00,0.00,0.00,0.00,0.00,0.00,0.00",,0.00,0.00,,
calculation isochrone map,,0,"0.00,0.00,0.00,0.00,0.00,0.00,0.00,0.00,0.00,1.00,1.00,1.00",,0.00,0.00,,
calculation map,,0,"0.00,0.00,0.00,0.00,0.00,0.00,0.00,1.00,1.00,0.00,0.00,0.00",,0.00,0.00,,
calculation map distance,,0,"0.00,0.00,0.00,0.00,0.00,0.00,0.00,0.00,0.00,0.00,0.00,0.00",,0.00,0.00,,
calculation map for density of a liquid,,0,"0.00,0.00,0.00,0.00,0.00,0.00,0.00,0.00,0.00,0.00,0.00,0.00",,0.00,0.00,,
calculation mape,,0,"0.00,0.00,0.00,0.00,0.00,0.00,0.00,0.00,0.00,0.00,0.00,0.00",,0.00,0.00,,
calculation of area on a map,,0,"0.00,0.00,0.00,0.00,0.00,0.00,0.00,0.00,0.00,0.00,0.00,0.00",,0.00,0.00,,
calculation of choropleth map,,0,"0.00,0.00,0.00,0.00,0.00,0.00,0.00,0.00,0.00,0.00,0.00,0.00",,0.00,0.00,,
calculation of current elevation map,,0,"0.00,0.00,0.00,0.00,0.00,0.00,0.00,0.00,0.00,0.00,0.00,0.00",,0.00,0.00,,
calculation of disparity map,,0,"0.00,0.00,0.00,0.00,0.00,0.00,0.00,0.00,0.00,0.00,0.00,0.00",,0.00,0.00,,
calculation of electron density map,,0,"0.00,0.00,0.00,0.00,0.00,0.00,0.00,0.00,0.00,0.00,0.00,0.00",,0.00,0.00,,
calculation of frequency from mapping,,0,"0.00,0.00,0.00,0.00,0.00,0.00,0.00,0.00,0.00,0.00,0.00,0.00",,0.00,0.00,,
calculation of genetic maps,,0,"0.00,0.00,0.00,0.00,0.00,0.00,0.00,0.00,0.00,0.00,0.00,0.00",,0.00,0.00,,
calculation of gradient on a map,,0,"0.00,0.00,0.00,0.00,0.00,0.00,0.00,0.00,0.00,0.00,0.00,0.00",,0.00,0.00,,
calculation of map distance genetics,,0,"0.00,0.00,0.00,0.00,0.00,0.00,0.00,0.00,0.00,0.00,0.00,0.00",,0.00,0.00,,
calculation of map formula,,0,"0.00,0.00,0.00,0.00,0.00,0.00,0.00,0.00,0.00,0.00,0.00,0.00",,0.00,0.00,,
calculation of map from bp,,0,"0.00,0.00,0.00,0.00,0.00,0.00,0.00,0.00,0.00,0.00,0.00,0.00",,0.00,0.00,,
calculation of map in sap,,0,"0.00,0.00,0.00,0.00,0.00,0.00,0.00,0.00,0.00,0.00,0.00,0.00",,0.00,0.00,,
calculation of map scale,,0,"0.00,0.00,0.00,0.00,0.00,0.00,0.00,0.00,0.00,0.00,0.00,0.00",,0.00,0.00,,
calculation of map work,,0,"0.00,0.00,0.00,0.00,0.00,0.00,0.00,0.00,0.00,0.00,0.00,0.00",,0.00,0.00,,
calculation of mape,,0,"0.00,0.00,0.00,0.00,0.00,0.00,0.00,0.00,0.00,0.00,0.00,0.00",,0.00,0.00,,
calculation of mape in excel,,0,"0.00,0.00,0.00,0.00,0.00,0.00,0.00,0.00,0.00,0.00,0.00,0.00",,0.00,0.00,,
calculation of the map distance between two genes example 1,,0,"0.00,0.00,0.00,0.00,0.00,0.00,0.00,0.00,0.00,0.00,0.00,0.00",,0.00,0.00,,
calculation road map for moles,,0,"0.00,0.00,0.00,0.00,0.00,0.00,0.00,0.00,0.00,0.00,0.00,0.00",,0.00,0.00,,
calculation road map for mols,,0,"0.00,0.00,0.00,0.00,0.00,0.00,0.00,0.00,0.00,0.00,0.00,0.00",,0.00,0.00,,
calculation to determine map,,0,"0.00,0.00,0.00,0.00,0.00,0.00,0.00,0.00,0.00,0.00,0.00,0.00",,0.00,0.00,,
calculations of map,,0,"0.00,0.00,0.00,0.00,0.00,0.00,0.00,0.00,0.00,0.00,0.00,0.00",,0.00,0.00,,
calculations on value stream map,,0,"0.00,0.00,0.00,0.00,0.00,0.00,0.00,0.00,0.00,0.00,0.00,0.00",,0.00,0.00,,
calculator area map,,0,"0.00,0.00,0.00,0.00,0.00,0.00,0.00,0.00,0.00,0.00,0.00,0.00",,0.45,0.05,,
calculator area map with fm,,0,"0.00,0.00,0.00,0.00,0.00,0.00,0.00,0.00,0.00,0.00,0.00,0.00",,0.00,0.00,,
calculator consum combustibil pe google maps,,0,"0.00,0.00,0.00,0.00,0.00,0.00,0.00,0.00,0.00,0.00,0.00,0.00",,0.00,0.00,,
calculator distante rutiere google maps,,0,"0.00,0.00,0.00,0.00,0.00,0.00,0.00,0.00,0.00,0.00,0.00,0.00",,0.00,0.00,,
calculator interactive map satisfactory,,0,"0.00,0.00,0.00,0.00,0.00,0.00,0.00,0.00,0.00,0.00,0.00,0.00",,0.00,0.00,,
calculator life map,,0,"0.00,0.00,0.00,0.00,0.00,0.00,0.00,0.00,0.00,0.00,0.00,0.00",,0.00,0.00,,
calculator map bp,,0,"0.00,0.00,0.00,0.00,0.00,0.00,0.00,0.00,0.00,0.00,0.00,0.00",,0.00,0.00,,
calculator map distance traffic,,0,"0.00,0.00,0.00,0.00,0.00,0.00,0.00,0.00,0.00,0.00,0.00,0.00",,0.00,0.00,,
calculator map mcpe,,0,"0.00,0.00,0.00,0.00,0.00,0.00,0.00,0.00,0.00,0.00,0.00,0.00",,0.00,0.00,,
calculator map minecraft,,0,"0.00,0.00,0.00,0.00,0.00,0.00,0.00,0.00,0.00,1.00,1.00,0.00",,0.00,0.00,,
calculator map pressure,,0,"0.00,0.00,0.00,0.00,0.00,0.00,0.00,0.00,0.00,0.00,0.00,0.00",,0.00,0.00,,
calculator mape,,0,"0.00,0.00,0.00,0.00,0.00,0.00,0.00,0.00,0.00,0.00,0.00,0.00",,0.00,0.00,,
calculator mapping,,0,"0.00,0.00,0.00,0.00,0.00,0.00,0.00,0.00,0.00,0.00,0.00,0.00",,0.00,0.00,,
calculator shortcut mapped v,,0,"0.00,0.00,0.00,0.00,0.00,0.00,0.00,0.00,0.00,0.00,0.00,0.00",,0.00,0.00,,
calculator use on maps testing,,0,"0.00,0.00,0.00,0.00,0.00,0.00,0.00,0.00,0.00,0.00,0.00,0.00",,0.00,0.00,,
calculator widget opens maps error,,0,"0.00,0.00,0.00,0.00,0.00,0.00,0.00,0.00,0.00,0.00,0.00,0.00",,0.00,0.00,,
calculators for map mississippi,,0,"0.00,0.00,0.00,0.00,0.00,0.00,0.00,0.00,0.00,0.00,0.00,0.00",,0.00,0.00,,
calculators that help you with world maps,,0,"0.00,0.00,0.00,0.00,0.00,0.00,0.00,0.00,0.00,0.00,0.00,0.00",,0.00,0.00,,
calcule de distance maps,,0,"0.00,0.00,0.00,0.00,0.00,0.00,0.00,0.00,0.00,0.00,0.00,0.00",,0.00,0.00,,
calcule distance google map,,0,"0.00,0.00,0.00,0.00,0.00,0.00,0.00,0.00,0.00,0.00,0.00,0.00",,0.00,0.00,,
calcule distance map,,0,"0.00,0.00,0.00,0.00,0.00,0.00,0.00,0.00,0.00,0.00,0.00,0.00",,0.00,0.00,,
calcule seu mapa astral,,0,"0.00,0.00,0.00,0.00,0.00,1.00,0.00,0.00,0.00,0.00,0.00,0.00",,0.00,0.00,,
calcule seu mapa astral gratis,,0,"0.00,0.00,0.00,0.00,0.00,0.00,0.00,0.00,0.00,0.00,0.00,0.00",,0.00,0.00,,
calculer distance avec google map,,0,"0.00,0.00,0.00,0.00,0.00,0.00,0.00,0.00,0.00,0.00,0.00,0.00",,0.00,0.00,,
calculer distance carte google map,,0,"0.00,0.00,0.00,0.00,0.00,0.00,0.00,0.00,0.00,0.00,0.00,0.00",,0.00,0.00,,
calculer distance dans google map,,0,"0.00,0.00,0.00,0.00,0.00,0.00,0.00,0.00,0.00,0.00,0.00,0.00",,0.00,0.00,,
calculer distance entre 2 points google maps,,0,"0.00,0.00,0.00,0.00,0.00,0.00,0.00,0.00,0.00,0.00,0.00,0.00",,0.00,0.00,,
calculer distance entre 2 points sur google maps,,0,"0.00,0.00,0.00,0.00,0.00,0.00,0.00,0.00,0.00,0.00,0.00,0.00",,0.00,0.00,,
calculer distance entre deux points avec google maps,,0,"0.00,0.00,0.00,0.00,0.00,0.00,0.00,0.00,0.00,0.00,0.00,0.00",,0.00,0.00,,
calculer distance entre deux villes google maps,,0,"0.00,0.00,0.00,0.00,0.00,0.00,1.00,0.00,0.00,0.00,0.00,0.00",,0.00,0.00,,
calculer distance google map android,,0,"1.00,0.00,0.00,0.00,0.00,0.00,0.00,0.00,0.00,0.00,0.00,0.00",,0.00,0.00,,
calculer distance google maps,,0,"0.00,0.00,0.00,0.00,0.00,0.00,0.00,0.00,0.00,0.00,0.00,0.00",,0.00,0.00,,
calculer distance parcours google map,,0,"0.00,0.00,0.00,0.00,0.00,0.00,0.00,0.00,0.00,0.00,0.00,0.00",,0.00,0.00,,
calculer distance parcourue avec google maps,,0,"0.00,0.00,0.00,0.00,0.00,0.00,0.00,0.00,0.00,0.00,0.00,0.00",,0.00,0.00,,
calculer distance vol d'oiseau google map,,0,"0.00,0.00,0.00,0.00,0.00,0.00,0.00,0.00,0.00,0.00,0.00,0.00",,0.00,0.00,,
calculer distance à vol d'oiseau google maps,,0,"0.00,0.00,0.00,0.00,0.00,0.00,0.00,0.00,0.00,0.00,0.00,0.00",,0.00,0.00,,
calculer la distance entre deux points google map,,0,"0.00,0.00,0.00,0.00,1.00,0.00,0.00,1.00,0.00,0.00,0.00,0.00",,0.00,0.00,,
calculer perimetre google maps,,0,"0.00,0.00,0.00,0.00,0.00,0.00,0.00,0.00,0.00,0.00,0.00,0.00",,0.00,0.00,,
calculer superficie d un terrain sur google maps,,0,"0.00,0.00,0.00,0.00,0.00,0.00,0.00,0.00,0.00,0.00,0.00,0.00",,0.00,0.00,,
calculer superficie terrain google maps,,0,"0.00,0.00,0.00,0.00,0.00,0.00,0.00",,0.00,0.00,,
calculer surface google map,,0,"0.00,0.00,0.00,0.00,0.00,0.00,0.00,0.00,0.00,0.00",,0.00,0.00,,
calculer surface google map android,,0,"0.00,0.00,0.00,0.00,0.00,0.00,0.00,0.00,0.00,0.00,0.00,0.00",,0.00,0.00,,
calculer surface google maps,,0,"0.00,0.00,0.00,0.00,1.00,0.00,0.00,0.00,0.00,0.00,0.00,0.00",,0.00,0.00,,
calculer surface maps,,0,"0.00,0.00,0.00,1.00,0.00,0.00,0.00,0.00,0.00,0.00,0.00,0.00",,0.00,0.00,,
calculer surface sur maps,,0,"0.00,0.00,0.00,0.00,0.00,0.00,0.00,0.00,0.00,0.00,0.00,0.00",,0.00,0.00,,
calculer une distance google map,,0,"0.00,0.00,0.00,0.00,0.00,1.00,0.00,0.00,0.00,0.00,0.00,0.00",,0.00,0.00,,
calculer une distance google maps,,0,"0.00,0.00,0.00,0.00,0.00,1.00,0.00,0.00,0.00,0.00,0.00,0.00",,0.00,0.00,,
calculer une distance à vol d oiseau avec google maps,,0,"0.00,0.00,0.00,0.00,0.00,0.00,0.00,0.00,0.00,0.00,0.00,0.00",,0.00,0.00,,
calculer une surface google map,,0,"0.00,0.00,0.00,0.00,0.00,0.00,0.00,1.00,0.00,0.00,0.00,0.00",,0.00,0.00,,
calculer une surface sur maps,,0,"0.00,0.00,0.00,0.00,0.00,0.00,1.00,0.00,0.00,0.00,0.00,0.00",,0.00,0.00,,
calculo area google maps,,0,"0.00,0.00,0.00,0.00,0.00,0.00,0.00,0.00,0.00,0.00,0.00,0.00",,0.00,0.00,,
calculo de distancia en google maps,,0,"0.00,0.00,0.00,0.00,0.00,0.00,0.00,0.00,0.00,0.00,0.00,0.00",,0.00,0.00,,
calculo de distancias en google maps,,0,"0.00,0.00,0.00,0.00,0.00,0.00,0.00,0.00,0.00,0.00,0.00,0.00",,0.00,0.00,,
calculo de escalas y distancias en mapas,,0,"0.00,0.00,0.00,0.00,0.00,0.00,0.00,0.00,0.00,0.00,0.00,0.00",,0.00,0.00,,
calculo de gasolina google maps,,0,"0.00,0.00,1.00,0.00,0.00,0.00,0.00,0.00,0.00,0.00,0.00,0.00",,0.00,0.00,,
calculo de mapa astral,,0,"0.00,0.00,0.00,0.00,0.00,0.00,0.00,1.00,0.00,0.00,0.00,0.00",,0.00,0.00,,
calculo de mape,,0,"0.00,0.00,0.00,0.00,0.00,0.00,0.00,0.00,0.00,0.00,0.00,0.00",,0.00,0.00,,
calculo de prestaciones map,,0,"1.00,0.00,0.00,0.00,0.00,1.00,0.00,0.00,0.00,0.00,0.00,0.00",,0.00,0.00,,
calculo de sistema solar mapa,,0,"0.00,0.00,0.00,0.00,0.00,0.00,0.00,0.00,0.00,0.00,0.00,0.00",,0.00,0.00,,
calculo diferencial mapa conceptual,,0,"0.00,0.00,0.00,0.00,0.00,0.00,0.00,0.00,0.00,0.00,0.00,0.00",,0.00,0.00,,
calculo distancia google maps,,0,"0.00,0.00,0.00,0.00,0.00,0.00,0.00,0.00,0.00,0.00,0.00,0.00",,0.00,0.00,,
calculo do mapa astral gratuito,,0,"0.00,0.00,0.00,0.00,0.00,0.00,0.00,0.00,0.00,0.00,0.00,0.00",,0.00,0.00,,
calculo gasolina google maps,,0,"0.00,0.00,0.00,0.00,0.00,0.00,0.00,0.00,0.00,0.00,0.00,0.00",,0.00,0.00,,
calculo integral mapa conceptual,,0,"0.00,0.00,0.00,1.00,0.00,0.00,0.00,0.00,0.00,0.00,0.00,0.00",,0.00,0.00,,
calculo integral mapa mental,,0,"0.00,0.00,0.00,0.00,0.00,0.00,0.00,0.00,0.00,0.00,0.00,0.00",,0.00,0.00,,
calculo map,,0,"0.00,0.00,0.00,0.00,0.00,0.00,0.00,0.00,0.00,0.00,0.00,0.00",,0.00,0.00,,
calculo mapa astral,,0,"0.00,0.00,0.00,0.00,0.00,0.00,0.00,0.00,0.00,0.00,0.00,0.00",,0.00,0.13,,
calculo mapa astral gratis,,0,"0.00,0.00,0.00,0.00,0.00,0.00,0.00,0.00,0.00,0.00,0.00,0.00",,0.00,0.00,,
calculo mapa astral gratuito,,0,"0.00,0.00,0.00,0.00,0.00,0.00,0.00,0.00,0.00,0.00,0.00,0.00",,0.00,0.00,,
calculo mape excel,,0,"0.00,0.00,0.00,0.00,0.00,0.00,0.00,0.00,0.00,0.00,0.00,0.00",,0.00,0.00,,
california road map mileage calculator,,0,"0.00,0.00,0.00,0.00,0.00,0.00,0.00,0.00,0.00,0.00,0.00,0.00",,0.00,0.00,,
calorie calculator map my fitness,,0,"0.00,0.00,0.00,0.00,0.00,0.00,0.00,0.00,0.00,0.00,0.00,0.00",,0.00,0.00,,
calorie calculator map my ride,,0,"0.00,0.00,0.00,0.00,0.00,0.00,0.00,0.00,0.00,0.00,0.00,0.00",,0.00,0.00,,
can excel trendline calculate mad or mape,,0,"0.00,0.00,0.00,0.00,0.00,0.00,0.00,0.00,0.00,0.00,0.00,0.00",,0.00,0.00,,
can google map calculate my distance traveled,,0,"0.00,0.00,0.00,0.00,0.00,0.00,0.00,0.00,0.00,0.00,0.00,0.00",,0.00,0.00,,
can google map calculate your speed,,0,"0.00,0.00,0.00,0.00,0.00,0.00,0.00,0.00,0.00,0.00,0.00,0.00",,0.00,0.00,,
can google maps calculate a detour,,0,"0.00,0.00,0.00,0.00,0.00,0.00,0.00,0.00,0.00,0.00,0.00,0.00",,0.00,0.00,,
can google maps calculate gas cost,,0,"0.00,0.00,0.00,0.00,0.00,0.00,0.00,0.00,0.00,0.00,0.00,0.00",,0.00,0.00,,
can google maps calculate miles,,0,"0.00,0.00,0.00,0.00,0.00,0.00,0.00,0.00,0.00,0.00,0.00,0.00",,0.00,0.00,,
can google maps calculate miles travelled per state,,0,"0.00,0.00,0.00,0.00,0.00,0.00,0.00,0.00,0.00,0.00,0.00,0.00",,0.00,0.00,,
can google maps calculate miles travelled per state in timeline,,0,"0.00,0.00,0.00,0.00,0.00,0.00,0.00,0.00,0.00,0.00,0.00,0.00",,0.00,0.00,,
can google maps calculate straight line distance,,0,"0.00,0.00,0.00,0.00,0.00,0.00,0.00,0.00,0.00,0.00,0.00,0.00",,0.00,0.00,,
can google maps calculator distance in excel,,0,"0.00,0.00,0.00,0.00,0.00,0.00,0.00,0.00,0.00,0.00,0.00,0.00",,0.00,0.00,,
can i calculate a filter in the map,,0,"0.00,0.00,0.00,0.00,0.00,0.00,0.00,0.00,0.00,0.00,0.00,0.00",,0.00,0.00,,
can i calculate by hour in maps,,0,"0.00,0.00,0.00,0.00,0.00,0.00,0.00,0.00,0.00,0.00,0.00,0.00",,0.00,0.00,,
can i calculate square footage on google maps,,0,"0.00,0.00,0.00,0.00,0.00,0.00,0.00,0.00,0.00,0.00,0.00,0.00",,0.00,0.00,,
can i calculate tolls with google maps,,0,"0.00,0.00,0.00,0.00,0.00,0.00,0.00,0.00,0.00,0.00,0.00,0.00",,0.00,0.00,,
can i have mileage calculated in excel from google maps,,0,"0.00,0.00,0.00,0.00,0.00,0.00,0.00,0.00,0.00,0.00,0.00,0.00",,0.00,0.00,,
can i use google maps to calculate mileage,,0,"0.00,0.00,0.00,0.00,0.00,0.00,0.00,0.00,0.00,0.00,0.00,0.00",,0.00,0.00,,
can microsoft access calculate map miles,,0,"0.00,0.00,0.00,0.00,0.00,0.00,0.00,0.00,0.00,0.00,0.00,0.00",,0.00,0.00,,
can students use calculators on map testing,,0,"0.00,0.00,0.00,0.00,0.00,0.00,0.00,0.00,0.00,0.00,0.00,0.00",,0.00,0.00,,
can we calculate mape in holt winter python,,0,"0.00,0.00,0.00,0.00,0.00,0.00,0.00,0.00,0.00,0.00,0.00,0.00",,0.00,0.00,,
can we calculate mape in python,,0,"0.00,0.00,0.00,0.00,0.00,0.00,0.00,0.00,0.00,0.00,0.00,0.00",,0.00,0.00,,
can you calculate acreage on google maps,,0,"0.00,0.00,0.00,0.00,0.00,0.00,0.00,0.00,0.00,0.00,0.00,0.00",,0.00,0.00,,
can you calculate distance through woods on googl map,,0,"0.00,0.00,0.00,0.00,0.00,0.00,0.00,0.00,0.00,0.00,0.00,0.00",,0.00,0.00,,
can you calculate gas cost on google maps,,0,"0.00,0.00,0.00,0.00,0.00,0.00,0.00,0.00,0.00,0.00,0.00,0.00",,0.00,0.00,,
can you calculate interference without genetic map,,0,"0.00,0.00,0.00,0.00,0.00,0.00,0.00,0.00,0.00,0.00,0.00,0.00",,0.00,0.00,,
can you calculate sq ft from google maps,,0,"0.00,0.00,0.00,0.00,0.00,0.00,0.00,0.00,0.00,0.00,0.00,0.00",,0.00,0.00,,
can you use a calculator on nwea map testing,,0,"0.00,0.00,0.00,0.00,0.00,0.00,0.00,0.00,0.00,0.00,0.00,0.00",,0.00,0.00,,
can you use a calculator on the map test,,0,"0.00,0.00,0.00,0.00,0.00,0.00,0.00,0.00,0.00,0.00,0.00,0.00",,0.00,0.00,,
canada map distance calculator,,0,"0.00,0.00,0.00,0.00,0.00,0.00,0.00,0.00,0.00,0.00,0.00,0.00",,0.00,0.00,,
casio calculator maps,,0,"0.00,0.00,0.00,0.00,0.00,0.00,0.00,0.00,0.00,0.00,0.00,0.00",,0.00,0.00,,
ccp4 calculate mtz from map,,0,"0.00,0.00,0.00,0.00,0.00,0.00,0.00,0.00,0.00,0.00,0.00,0.00",,0.00,0.00,,
center of gravity calculator map,,0,"0.00,0.00,0.00,0.00,0.00,0.00,0.00,0.00,0.00,0.00,0.00,0.00",,0.00,0.00,,
central point map calculator,,0,"0.00,0.00,0.00,0.00,0.00,0.00,0.00,0.00,0.00,0.00,0.00,0.00",,0.00,0.00,,
centroid of points map calculate,,0,"0.00,0.00,0.00,0.00,0.00,0.00,0.00,0.00,0.00,0.00,0.00,0.00",,0.00,0.00,,
ch 4 reading topographic maps and making calculations,,0,"0.00,0.00,0.00,0.00,0.00,0.00,0.00,0.00,0.00,0.00,0.00,0.00",,0.00,0.00,,
ch.2 reading topographic maps and making calculations,,0,"0.00,0.00,0.00,0.00,0.00,0.00,0.00,0.00,0.00,0.00,0.00,0.00",,0.00,0.00,,
chartkick gem map sum rails calculation,,0,"0.00,0.00,0.00,0.00,0.00,0.00,0.00,0.00,0.00,0.00,0.00,0.00",,0.00,0.00,,
chennai map distance calculator,,0,"0.00,0.00,0.00,0.00,0.00,0.00,0.00,0.00,0.00,0.00,0.00,0.00",,0.00,0.00,,
chennai road map distance calculator,,0,"0.00,0.00,0.00,0.00,0.00,0.00,0.00,0.00,0.00,0.00,0.00,0.00",,0.00,0.00,,
chimera calculate difference of maps,,0,"0.00,0.00,0.00,0.00,0.00,0.00,0.00,0.00,0.00,0.00,0.00,0.00",,0.00,0.00,,
chiron line map calculator,,0,"0.00,0.00,0.00,0.00,0.00,0.00,0.00,0.00,0.00,0.00,0.00,0.00",,0.00,0.00,,
chiron map calculator,,0,"0.00,0.00,0.00,0.00,0.00,0.00,0.00,0.00,0.00,0.00,0.00,0.00",,0.00,0.00,,
choropleth map calculation,,0,"0.00,0.00,0.00,0.00,0.00,0.00,0.00,0.00,0.00,0.00,0.00,0.00",,0.00,0.00,,
choropleth map calculation tableau,,0,"0.00,0.00,0.00,0.00,0.00,0.00,0.00,0.00,0.00,0.00,0.00,0.00",,0.00,0.00,,
chromosome map calculator,,0,"0.00,0.00,0.00,0.00,0.00,0.00,0.00,0.00,0.00,0.00,0.00,0.00",,0.00,0.00,,
circle distance calculator on map,,0,"0.00,0.00,0.00,0.00,0.00,0.00,0.00,0.00,0.00,0.00,0.00,0.00",,0.00,0.00,,
circle map calculator,,0,"0.00,0.00,0.00,0.00,0.00,0.00,0.00,0.00,0.00,0.00,0.00,0.00",,0.00,0.00,,
circle radius calculator map,,0,"0.00,0.00,0.00,0.00,0.00,0.00,0.00,0.00,0.00,0.00,0.00,0.00",,0.00,0.00,,
circumference calculator map,,0,"0.00,0.00,0.00,0.00,0.00,0.00,0.00,0.00,0.00,0.00,0.00,0.00",,0.00,0.00,,
city map distance calculator,,0,"0.00,0.00,0.00,0.00,0.00,0.00,0.00,0.00,0.00,0.00,0.00,0.00",,0.00,0.00,,
click map distance calculator,,0,"0.00,0.00,0.00,0.00,0.00,0.00,0.00,0.00,0.00,0.00,0.00,0.00",,0.00,0.00,,
climate zone map for btu calculation,,0,"0.00,0.00,0.00,0.00,0.00,0.00,0.00,0.00,0.00,0.00,0.00,0.00",,0.00,0.00,,
clock map calculator,,0,"0.00,0.00,0.00,0.00,0.00,0.00,0.00,0.00,0.00,0.00,0.00,0.00",,0.00,0.00,,
cnn electoral map calculator,,0,"0.00,0.00,0.00,0.00,0.00,0.00,0.00,0.00,0.00,0.00,0.00,0.00",,0.00,0.00,,
cnn electoral map calculator 2008,,0,"0.00,0.00,0.00,0.00,0.00,0.00,0.00,0.00,0.00,0.00,0.00,0.00",,0.00,0.00,,
cnn electoral map calculator 2012,,0,"0.00,0.00,0.00,0.00,0.00,0.00,0.00,0.00,0.00,0.00,0.00,0.00",,0.00,0.00,,
coco map calculation,,0,"0.00,0.00,0.00,0.00,0.00,0.00,0.00,0.00,0.00,0.00,0.00,0.00",,0.00,0.00,,
comment calculate la distance entre deux points sur google maps,,0,"0.00,0.00,0.00,0.00,0.00,0.00,0.00,0.00,0.00,0.00,0.00,0.00",,0.00,0.00,,
comment calculer distance google maps,,0,"0.00,0.00,0.00,0.00,0.00,0.00,0.00,0.00,0.00,0.00,0.00,0.00",,0.00,0.00,,
comment calculer la superficie d un terrain avec google maps,,0,"0.00,0.00,0.00,0.00,0.00,0.00,0.00,0.00,0.00,0.00,0.00,0.00",,0.00,0.00,,
comment calculer une distance sur google maps,,0,"0.00,0.00,0.00,0.00",,0.00,0.00,,
comment google maps calcule le temps,,0,"0.00,0.00,0.00,1.00,0.00,0.00,0.00,0.00,0.00,0.00,0.00,0.00",,0.00,0.00,,
common calculated expressions for arcgis field maps,,0,"0.00,0.00,0.00,0.00,0.00,0.00,0.00,0.00,0.00,0.00,0.00,0.00",,0.00,0.00,,
commute time calculator google map,,0,"0.00,0.00,0.00,0.00,0.00,0.00,0.00,0.00,0.00,0.00,0.00,0.00",,0.00,0.00,,
commute time calculator map atlanta,,0,"0.00,0.00,0.00,0.00,0.00,0.00,0.00,0.00,0.00,0.00,0.00,0.00",,0.00,0.00,,
commute time calculator minneapolis google maps,,0,"0.00,0.00,0.00,0.00,0.00,0.00,0.00,0.00,0.00,0.00,0.00,0.00",,0.00,0.00,,
como calcula el tiempo google maps,,0,"0.00,0.00,0.00,0.00,0.00,0.00,0.00,0.00,0.00,0.00,0.00,0.00",,0.00,0.00,,
como calcula google maps el tiempo de viaje a pie,,0,"0.00,0.00,0.00,1.00,0.00,0.00,0.00,0.00,0.00,0.00,0.00,0.00",,0.00,0.00,,
como calcula google maps el tiempo de viaje caminando,,0,"0.00,0.00,0.00,0.00,0.00,0.00,0.00,0.00,0.00,0.00,0.00,0.00",,0.00,0.00,,
como calcula google maps el tiempo de viaje en auto,,0,"0.00,0.00,0.00,0.00,0.00,0.00,0.00,0.00,0.00,0.00,0.00,0.00",,0.00,0.00,,
como calcula google maps los tiempos,,0,"1.00,0.00,0.00,0.00,0.00,0.00,0.00,0.00,0.00,0.00,0.00,0.00",,0.00,0.00,,
como calcular a distancia no mapa,,0,"0.00,0.00,0.00,0.00,0.00,0.00,0.00",,0.00,0.00,,
como calcular a distância real de um mapa,,0,"0.00,0.00,1.00,0.00,0.00,0.00,0.00,0.00,0.00,0.00,0.00,0.00",,0.00,0.00,,
como calcular a escala no mapa,,0,"0.00,0.00,0.00,0.00,0.00,0.00,0.00,0.00,0.00,0.00,0.00,0.00",,0.00,0.00,,
como calcular area en google maps,,0,"0.00,0.00,0.00,0.00,0.00,0.00,1.00,1.00,0.00,0.00,0.00,0.00",,0.00,0.00,,
como calcular area google maps,,0,"0.00,0.00,0.00,0.00,0.00,0.00,0.00,0.00,0.00,0.00,0.00,0.00",,0.00,0.00,,
como calcular area pelo google maps,,0,"0.00,0.00,0.00,0.00,0.00,0.00,0.00,1.00,1.00,0.00,0.00,0.00",,0.00,0.00,,
como calcular areas en google maps,,0,"0.00,0.00,0.00,0.00,0.00,0.00,0.00,0.00,0.00,0.00,0.00,0.00",,0.00,0.00,,
como calcular distancia en google maps,,0,"0.00,1.00,0.00,0.00,0.00,0.00,0.00,0.00,0.00,0.00,0.00,0.00",,0.00,0.03,,
como calcular distancia entre cidades no google maps,,0,"0.00,0.00,0.00,0.00,0.00,0.00,0.00,0.00,0.00,0.00,0.00,0.00",,0.00,0.00,,
como calcular distancia entre dois pontos no google maps,,0,"0.00,1.00,1.00,0.00,0.00,0.00,0.00,0.00,0.00,0.00,0.00,0.00",,0.00,0.00,,
como calcular distancia google maps,,0,"0.00,0.00,0.00,0.00,0.00,0.00,0.00,0.00,0.00,0.00,0.00,0.00",,0.00,0.03,,
como calcular distancia mapa,,0,"0.00,0.00,0.00,0.00,0.00,0.00,0.00,0.00,0.00,0.00,0.00,0.00",,0.00,0.00,,
como calcular distancia no mapa,,0,"1.00,0.00,1.00,0.00,0.00,0.00,0.00,0.00,0.00,0.00,0.00,0.00",,0.00,0.00,,
como calcular distancia no maps,,0,"0.00,0.00,0.00,0.00,0.00,0.00,0.00,0.00,0.00,0.00,0.00,0.00",,0.00,0.00,,
como calcular distancia percorrida no google maps,,0,"0.00,0.00,0.00,0.00,0.00,1.00,0.00,0.00,0.00,1.00,0.00,0.00",,0.00,0.00,,
como calcular distancias en google maps android,,0,"0.00,0.00,0.00,0.00,0.00,0.00,0.00,0.00,0.00,0.00,0.00,0.00",,0.00,0.00,,
como calcular distancias google maps,,0,"0.00,0.00,0.00,0.00,0.00,0.00,0.00,0.00,0.00,0.00,0.00,0.00",,0.00,0.03,,
como calcular distância google maps,,0,"0.00,0.00,0.00,0.00,0.00,0.00,0.00,0.00,0.00,0.00,0.00,0.00",,0.00,0.00,,
como calcular distância no google maps,,0,"0.00,0.00,0.00,0.00,0.00,0.00",,0.00,0.00,,
como calcular distância no mapa,,0,"0.00,0.00,0.00,0.00,0.00,0.00,0.00,0.00,0.00,0.00,0.00,0.00",,0.00,0.00,,
como calcular el tiempo de mi ruta en maps,,0,"0.00,0.00,0.00,0.00,0.00,0.00,0.00,0.00,0.00,0.00,0.00,0.00",,0.00,0.00,,
como calcular escala de mapa,,0,"0.00,0.00,0.00,0.00,0.00,0.00,0.00,0.00,0.00,0.00,0.00,0.00",,0.00,0.00,,
como calcular escalas de mapas,,0,"0.00,0.00,0.00,0.00,0.00,0.00,0.00,0.00,0.00,0.00,0.00,0.00",,0.00,0.00,,
como calcular escalas en los mapas,,0,"0.00,0.00,0.00,0.00,0.00,0.00,0.00,0.00,0.00,0.00,0.00,0.00",,0.00,0.00,,
como calcular la distancia entre dos ciudades en google maps,,0,"0.00,0.00,0.00,0.00,0.00,0.00,0.00,0.00,0.00,0.00,0.00,0.00",,0.00,0.00,,
como calcular la distancia entre dos puntos en el mapa,,0,"0.00,0.00,0.00,0.00,0.00,0.00,0.00,0.00,0.00,0.00,0.00,0.00",,0.00,0.00,,
como calcular la escala de un mapa topografico,,0,"0.00,0.00,0.00,0.00,1.00,0.00,0.00,0.00,1.00,0.00,0.00,0.00",,0.00,0.00,,
como calcular la escala gráfica de un mapa,,0,"0.00,0.00,0.00,1.00,0.00,0.00,0.00,1.00,0.00,0.00,0.00,0.00",,0.00,0.00,,
como calcular la gasolina en google maps,,0,"0.00,0.00,0.00,0.00,0.00,0.00,0.00,0.00,0.00,0.00,0.00,0.00",,0.00,0.00,,
como calcular la mejor ruta para mis destinos maps,,0,"0.00,0.00,0.00,0.00,0.00,0.00,0.00,0.00,0.00,0.00,0.00,0.00",,0.00,0.00,,
como calcular la pendiente en un mapa topografico,,0,"0.00,0.00,0.00,0.00,0.00,0.00,0.00,0.00,0.00,0.00,0.00,0.00",,0.00,0.00,,
como calcular lilith no mapa astral,,0,"0.00,0.00,0.00,0.00,0.00,0.00,0.00,0.00,0.00,0.00,1.00,0.00",,0.00,0.00,,
como calcular los datos que van en el mapa perceptual,,0,"0.00,0.00,0.00,0.00,0.00,0.00,0.00,0.00,0.00,0.00,0.00,0.00",,0.00,0.00,,
como calcular mapa astral gratis,,0,"0.00,0.00,0.00,0.00,0.00,0.00,0.00,0.00,0.00,0.00,0.00,0.00",,0.00,0.00,,
como calcular meu mapa astral,,0,"0.00,0.00,0.00,0.00,1.00,0.00,0.00,0.00,0.00,0.00,0.00,0.00",,0.00,0.00,,
como calcular o mapa astral,,0,"0.00,0.00,0.00,0.00,0.00,0.00,1.00,0.00,0.00,0.00,0.00,1.00",,0.00,0.00,,
como calcular os elementos do mapa astral,,0,"1.00,0.00,0.00,0.00,0.00,0.00,0.00,0.00,0.00,0.00,0.00,0.00",,0.00,0.00,,
como calcular os elementos no mapa astral,,0,"0.00,0.00,0.00,0.00,0.00,0.00,0.00,0.00,0.00,0.00,0.00,0.00",,0.00,0.00,,
como calcular pedagio no google maps,,0,"0.00,0.00,0.00,1.00,0.00,1.00,0.00,0.00,0.00,0.00,0.00,0.00",,0.00,0.00,,
como calcular pedágio no google maps,,0,"0.00,0.00,0.00,1.00,0.00,1.00,0.00,0.00,0.00,0.00,0.00,0.00",,0.00,0.00,,
como calcular quiron no mapa astral,,0,"0.00,0.00,0.00,0.00,0.00,0.00,0.00,0.00,0.00,0.00,0.00,0.00",,0.00,0.00,,
como calcular rutas en google maps,,0,"0.00,0.00,0.00,0.00,0.00,0.00,0.00,0.00,0.00,0.00,0.00,0.00",,0.00,0.00,,
como calcular tiempo de recorrido en google maps,,0,"0.00,0.00,0.00,0.00,0.00,1.00,0.00,0.00,0.00,0.00,1.00,0.00",,0.00,0.00,,
como calcular área no my maps,,0,"0.00,0.00,0.00,0.00,0.00,0.00,0.00,0.00,0.00,0.00,0.00,0.00",,0.00,0.00,,
como insertar gogle maps gadgetsen hoja de calculo,,0,"0.00,0.00,0.00,0.00,0.00,0.00,0.00,0.00,0.00,0.00,0.00,0.00",,0.00,0.00,,
como se calcula la escala de un mapa,,0,"0.00,0.00,0.00,0.00,0.00,0.00,0.00,0.00,0.00,0.00,0.00,0.00",,0.00,0.00,,
complete the following road map for calculating,,0,"0.00,0.00,0.00,0.00,0.00,0.00,0.00,0.00,0.00,0.00,0.00,0.00",,0.00,0.00,,
complex map calculator,,0,"0.00,0.00,0.00,0.00,0.00,0.00,0.00,0.00,0.00,0.00,0.00,0.00",,0.00,0.00,,
compressor mapping calculations,,0,"0.00,0.00,0.00,0.00,0.00,0.00,0.00,0.00,0.00,0.00,0.00,0.00",,0.00,0.00,,
compressor maps calculator,,0,"0.00,0.00,0.00,0.00,0.00,0.00,0.00,0.00,0.00,0.00,0.00,0.00",,0.00,0.00,,
contour map slope calculator,,0,"0.00,0.00,0.00,0.00,0.00,0.00,0.00,0.00,0.00,0.00,0.00,0.00",,0.00,0.00,,
contour maps calculating slope mauna loa mount saint helens,,0,"0.00,0.00,0.00,0.00,0.00,0.00,0.00,0.00,0.00,0.00,0.00,0.00",,0.00,0.00,,
contour maps calculator,,0,"0.00,0.00,0.00,0.00,0.00,0.00,0.00,0.00,0.00,0.00,0.00,0.00",,0.00,0.00,,
convert boolean expression to karnaugh map calculator,,0,"0.00,0.00,0.00,0.00,0.00,0.00,0.00,0.00,0.00,0.00,0.00,0.00",,0.00,0.00,,
coordinate map calculator,,0,"0.00,0.00,0.00,0.00,0.00,0.00,0.00,0.00,0.00,0.00,0.00,0.00",,0.00,0.00,,
coordinate map calculator linear algebra,,0,"0.00,0.00,0.00,0.00,0.00,0.00,0.00,0.00,0.00,0.00,0.00,0.00",,0.00,0.00,,
coordinates calculator map,,0,"0.00,0.00,0.00,0.00,0.00,0.00,0.00,0.00,0.00,0.00,0.00,0.00",,0.00,0.02,,
corsair k70 rgb keyboard mapping calculator,,0,"0.00,0.00,0.00,0.00,0.00,0.00,0.00,0.00,0.00,0.00,0.00,0.00",,0.00,0.00,,
covid risk calculator map,,0,"0.00,0.00,0.00,0.00,0.00,0.00,0.00,0.00,0.00,0.00,0.00,0.00",,0.00,0.00,,
cpp calculator map icp,,0,"0.00,0.00,0.00,0.00,0.00,0.00,0.00,0.00,0.00,0.00,0.00,0.00",,0.00,0.00,,
cpw conformal mapping calculation,,0,"0.00,0.00,0.00,0.00,0.00,0.00,0.00,0.00,0.00,0.00,0.00,0.00",,0.00,0.00,,
create a qlik map with drive time calculations,,0,"1.00,0.00,0.00,0.00,0.00,0.00,0.00,0.00,0.00,0.00,0.00,0.00",,0.00,0.00,,
creating a calculated field map tableau,,0,"0.00,0.00,0.00,0.00,0.00,0.00,0.00,0.00,0.00,0.00,0.00,0.00",,0.00,0.00,,
crime map calculator by address,,0,"0.00,0.00,0.00,0.00,0.00,0.00,0.00,0.00,0.00,0.00,0.00,0.00",,0.00,0.00,,
crossovers using map distance calculate double crossover,,0,"0.00,0.00,0.00,0.00,0.00,0.00,0.00,0.00,0.00,0.00,0.00,0.00",,0.00,0.00,,
crow flies distance calculation google maps,,0,"0.00,0.00,0.00,0.00,0.00,0.00,0.00,0.00,0.00,0.00,0.00,0.00",,0.00,0.00,,
crown money map budget calculator,,0,"0.00,1.00,0.00,0.00,0.00,0.00,0.00,0.00,0.00,0.00,0.00,0.00",,0.00,0.00,,
crown money map calculator,,0,"0.00,0.00,0.00,0.00,0.00,0.00,0.00,0.00,0.00,0.00,0.00,0.00",,0.00,0.00,,
curvature map calculation,,0,"0.00,0.00,0.00,0.00,0.00,0.00,0.00,0.00,0.00,0.00,0.00,0.00",,0.00,0.00,,
custom map distance calculator,,0,"0.00,0.00,0.00,0.00,0.00,0.00,0.00,0.00,0.00,0.00,0.00,0.00",,0.00,0.00,,
custom map distance calculator 5e,,0,"0.00,0.00,0.00,0.00,0.00,0.00,0.00,0.00,0.00,0.00,0.00,0.00",,0.00,0.00,,
cvt map calculator,,0,"0.00,0.00,0.00,0.00,0.00,0.00,0.00,0.00,0.00,0.00,0.00,0.00",,0.00,0.00,,
cycle route map calculator,,0,"0.00,0.00,0.00,0.00,0.00,0.00,0.00,0.00,0.00,0.00,0.00,0.00",,0.00,0.00,,
cycling map test calculator,,0,"0.00,0.00,0.00,0.00,0.00,0.00,0.00,0.00,0.00,0.00,0.00,0.00",,0.00,0.00,,
cálculo de prestaciones laborales map,,0,"0.00,0.00,0.00,0.00,0.00,0.00,0.00,0.00,0.00,0.00,0.00,0.00",,0.00,0.00,,
cálculo mapa astral,,0,"0.00,0.00,0.00,0.00,0.00,0.00,0.00,0.00,0.00,0.00,0.00,0.00",,0.00,0.13,,
cómo calcular distancias en google maps,,0,"0.00,0.00,0.00,0.00,0.00,0.00,0.00,0.00,0.00,0.00,0.00,0.00",,0.00,0.03,,
d map with distance calculator,,0,"0.00,0.00,0.00,0.00,0.00,0.00,0.00,0.00,0.00,0.00,0.00,0.00",,0.00,0.00,,
daft logic google map calculator,,0,"0.00,0.00,0.00,0.00,0.00,0.00,0.00,0.00,0.00,0.00,0.00,0.00",,0.00,0.00,,
daft logic map area calculator,,0,"0.00,0.00,0.00,0.00,0.00,0.00,0.00,0.00,0.00,0.00,0.00,0.00",,0.00,0.00,,
daft logic map calculator,,0,"0.00,0.00,0.00,0.00,0.00,0.00,0.00,0.00,0.00,0.00,0.00,0.00",,0.00,0.00,,
dao fate calculator life map,,0,"0.00,0.00,0.00,0.00,0.00,0.00,0.00,0.00,0.00,0.00,0.00,0.00",,0.00,0.00,,
darw rroute map calculate distance,,0,"0.00,0.00,0.00,0.00,0.00,0.00,0.00,0.00,0.00,0.00,0.00,0.00",,0.00,0.00,,
dasymetric mapping calculation,,0,"0.00,0.00,0.00,0.00,0.00,0.00,0.00,0.00,0.00,0.00,0.00,0.00",,0.00,0.00,,
date astronomical map calculator,,0,"0.00,0.00,0.00,0.00,0.00,0.00,0.00,0.00,0.00,0.00,0.00,0.00",,0.00,0.00,,
daylight map background calculations,,0,"0.00,0.00,0.00,0.00,0.00,0.00,0.00,0.00,0.00,0.00,0.00,0.00",,0.00,0.00,,
declination calculator map,,0,"0.00,0.00,0.00,0.00,0.00,0.00,0.00,0.00,0.00,0.00,0.00,0.00",,0.00,0.00,,
define topographic map calculating travel time,,0,"0.00,0.00,0.00,0.00,0.00,0.00,0.00,0.00,0.00,0.00,0.00,0.00",,0.00,0.00,,
degrees calculation map,,0,"0.00,0.00,0.00,0.00,0.00,0.00,0.00,0.00,0.00,0.00,0.00,0.00",,0.00,0.00,,
degrees map calculator,,0,"0.00,0.00,0.00,0.00,0.00,0.00,0.00,0.00,0.00,0.00,0.00,0.00",,0.00,0.00,,
delegate calculator map,,0,"0.00,0.00,0.00,0.00,0.00,0.00,0.00,0.00,0.00,0.00,0.00,0.00",,0.00,0.00,,
delhi map distance calculator,,0,"0.00,0.00,0.00,0.00,0.00,0.00,0.00,0.00,0.00,0.00,0.00,0.00",,0.00,0.00,,
delhi map with distance calculator,,0,"0.00,0.00,0.00,0.00,0.00,0.00,0.00,0.00,0.00,0.00,0.00,0.00",,0.00,0.00,,
delhi road map with distance calculator,,0,"0.00,0.00,0.00,0.00,0.00,0.00,0.00,0.00,0.00,0.00,0.00,0.00",,0.00,0.00,,
delivery fee calculator on map,,0,"0.00,0.00,0.00,0.00,0.00,0.00,0.00,0.00,0.00,0.00,0.00,0.00",,0.00,0.00,,
depth map calculator,,0,"0.00,0.00,0.00,0.00,0.00,0.00,0.00,0.00,0.00,0.00,0.00,0.00",,0.00,0.00,,
describe how map algebra is used for raster calculations,,0,"0.00,0.00,0.00,0.00,0.00,0.00,0.00,0.00,0.00,0.00,0.00,0.00",,0.00,0.00,,
determine map calculator,,0,"0.00,0.00,0.00,0.00,0.00,0.00,0.00,0.00,0.00,0.00,0.00,0.00",,0.00,0.00,,
device to calculate degree with map,,0,"1.00,0.00,0.00,0.00,0.00,0.00,0.00,0.00,0.00,0.00,0.00,0.00",,0.00,0.00,,
device to calculate degree with map survey,,0,"1.00,0.00,0.00,0.00,0.00,0.00,0.00,0.00,0.00,0.00,0.00,0.00",,0.00,0.00,,
device to calculate degree with map survey transit,,0,"1.00,0.00,0.00,0.00,0.00,0.00,0.00,0.00,0.00,0.00,0.00,0.00",,0.00,0.00,,
direct cache map calculator,,0,"0.00,0.00,0.00,0.00,0.00,0.00,0.00,0.00,0.00,0.00,0.00,0.00",,0.00,0.00,,
direct distance calculator map,,0,"0.00,0.00,0.00,0.00,0.00,0.00,0.00,0.00,0.00,0.00,0.00,0.00",,0.00,0.00,,
direct mapped cache calculate tag,,0,"0.00,0.00,0.00,0.00,0.00,0.00,0.00,0.00,0.00,0.00,0.00,0.00",,0.00,0.00,,
direct mapped cache tag calculator,,0,"0.00,0.00,0.00,0.00,0.00,0.00,0.00,0.00,0.00,0.00,0.00,0.00",,0.00,0.00,,
direct mapping cache memory calculation,,0,"0.00,0.00,0.00,0.00,0.00,0.00,0.00,0.00,0.00,0.00,0.00,0.00",,0.00,0.00,,
disney map distance calculator,,0,"0.00,0.00,0.00,0.00,0.00,0.00,0.00,0.00,0.00,0.00,0.00,0.00",,0.00,0.00,,
disparity map calculation,,0,"0.00,0.00,0.00,0.00,0.00,0.00,0.00,0.00,0.00,0.00,0.00,0.00",,0.00,0.00,,
disparity map calculation video,,0,"0.00,0.00,0.00,0.00,0.00,0.00,0.00,0.00,0.00,0.00,0.00,0.00",,0.00,0.00,,
distance and travel time calculator google maps api,,0,"0.00,0.00,0.00,0.00,0.00,0.00,0.00,0.00,0.00,0.00,0.00,0.00",,0.00,0.00,,
distance area calculator google maps,,0,"0.00,0.00,0.00,0.00,0.00,0.00,0.00,0.00,0.00,0.00,0.00,0.00",,0.00,0.00,,
distance between 2 coordinates calculator map,,0,"0.00,0.00,0.00,0.00,0.00,0.00,0.00,0.00,0.00,0.00,0.00,0.00",,0.00,0.00,,
distance between map coordinates calculator,,0,"0.00,0.00,0.00,0.00,0.00,0.00,0.00,0.00,0.00,0.00,0.00,0.00",,0.00,0.00,,
distance between map coordinates calculator in feet,,0,"0.00,0.00,0.00,0.00,0.00,0.00,0.00,0.00,0.00,0.00,0.00,0.00",,0.00,0.00,,
distance between two map points calculator,,0,"0.00,0.00,0.00,0.00,0.00,0.00,0.00,0.00,0.00,0.00,0.00,0.00",,0.00,0.00,,
distance between two points calculator map math,,0,"0.00,0.00,0.00,0.00,0.00,0.00,0.00,0.00,0.00,0.00,0.00,0.00",,0.00,0.00,,
distance between two points on a map calculator,,0,"0.00,0.00,0.00,0.00,0.00,0.00,0.00,0.00,0.00,0.00,0.00,0.00",,0.00,0.00,,
distance calculating map,,0,"0.00,0.00,0.00,0.00,0.00,0.00,0.00,0.00,0.00,0.00,0.00,0.00",,0.72,0.01,,
distance calculation google maps,,0,"0.00,0.00,0.00,0.00,0.00,0.00,0.00,0.00,0.00,0.00,0.00,0.00",,0.43,0.00,,
distance calculation map,,0,"0.00,0.00,0.00,0.00,0.00,0.00,0.00,0.00,0.00,0.00,0.00,0.00",,0.72,0.01,,
distance calculation on map,,0,"0.00,0.00,0.00,0.00,0.00,0.00,0.00,0.00,0.00,0.00,0.00,0.00",,0.72,0.01,,
distance calculation on maps,,0,"0.00,0.00,0.00,0.00,0.00,0.00,0.00,0.00,0.00,0.00,0.00,0.00",,0.00,0.00,,
distance calculation using bing map,,0,"0.00,0.00,0.00,0.00,0.00,0.00,0.00,0.00,0.00,0.00,0.00,0.00",,0.00,0.00,,
distance calculation using bing map in excel,,0,"0.00,0.00,0.00,0.00,0.00,0.00,0.00,0.00,0.00,0.00,0.00,0.00",,0.00,0.00,,
distance calculation using google map api,,0,"0.00,0.00,0.00,0.00,0.00,0.00,0.00,0.00,0.00,0.00,0.00,0.00",,0.00,0.00,,
distance calculation with google maps,,0,"0.00,0.00,0.00,0.00,0.00,0.00,0.00,0.00,0.00,0.00,0.00,0.00",,0.00,0.00,,
distance calculations google maps,,0,"0.00,0.00,0.00,0.00,0.00,0.00,0.00,0.00,0.00,0.00,0.00,0.00",,0.00,0.00,,
distance calculator aa route map,,0,"0.00,0.00,0.00,0.00,0.00,0.00,1.00,0.00,0.00,0.00,0.00,0.00",,0.00,0.00,,
distance calculator active map,,0,"0.00,0.00,0.00,0.00,0.00,0.00,0.00,0.00,0.00,0.00,0.00,0.00",,0.00,0.00,,
distance calculator and route map,,0,"0.00,0.00,0.00,0.00,0.00,0.00,0.00,0.00,0.00,0.00,0.00,0.00",,0.00,0.00,,
distance calculator between cities google map,,0,"0.00,0.00,0.00,0.00,0.00,0.00,0.00,0.00,0.00,0.00,0.00,0.00",,0.00,0.00,,
distance calculator between points on map,,0,"0.00,0.00,0.00,0.00,0.00,0.00,0.00,0.00,0.00,0.00,0.00,0.00",,0.00,0.00,,
distance calculator by google map,,0,"0.00,0.00,0.00,0.00,0.00,0.00,0.00,0.00,0.00,0.00,1.00,0.00",,0.43,0.00,,
distance calculator canada map,,0,"0.00,0.00,0.00,0.00,0.00,0.00,0.00,0.00,0.00,0.00,0.00,0.00",,0.00,0.00,,
distance calculator for google maps,,0,"0.00,0.00,0.00,0.00,0.00,0.00,0.00,0.00,0.00,0.00,0.00,0.00",,0.43,0.00,,
distance calculator for maps,,0,"0.00,0.00,0.00,0.00,0.00,0.00,0.00,0.00,0.00,0.00,0.00,0.00",,0.00,0.00,,
distance calculator france map,,0,"0.00,0.00,0.00,0.00,0.00,0.00,0.00,0.00,0.00,0.00,0.00,0.00",,0.00,0.00,,
distance calculator free map tools how far is it between,,0,"0.00,0.00,0.00,0.00,0.00,0.00,0.00,0.00,0.00,0.00,0.00,0.00",,0.00,0.00,,
distance calculator google map app,,0,"0.00,0.00,0.00,0.00,0.00,0.00,0.00,0.00,0.00,0.00,0.00,0.00",,0.00,0.00,,
distance calculator google map karachi,,0,"0.00,0.00,0.00,0.00,0.00,0.00,0.00,0.00,0.00,0.00,0.00,0.00",,0.00,0.00,,
distance calculator google map lahore,,0,"0.00,0.00,0.00,0.00,0.00,0.00,0.00,0.00,0.00,0.00,0.00,0.00",,0.00,0.00,,
distance calculator google map malaysia,,0,"0.00,0.00,0.00,0.00,0.00,1.00,0.00,0.00,0.00,0.00,0.00,0.00",,0.00,0.00,,
distance calculator google map pakistan,,0,"0.00,0.00,0.00,0.00,0.00,0.00,0.00,0.00,0.00,0.00,0.00,0.00",,0.00,0.00,,
distance calculator google map philippines,,0,"0.00,0.00,0.00,0.00,0.00,0.00,0.00,0.00,0.00,0.00,0.00,0.00",,0.00,0.00,,
distance calculator google map singapore,,0,"0.00,0.00,0.00,0.00,0.00,0.00,0.00,0.00,0.00,0.00,0.00,0.00",,0.00,0.00,,
distance calculator google maps android,,0,"0.00,0.00,0.00,0.00,0.00,0.00,0.00,0.00,0.00,0.00,0.00,0.00",,0.00,0.00,,
distance calculator google maps excel,,0,"0.00,0.00,0.00,0.00,0.00,0.00,0.00,0.00,0.00,0.00,0.00,0.00",,0.00,0.00,,
distance calculator google maps in sheets,,0,"0.00,0.00,0.00,0.00,0.00,0.00,0.00,0.00,0.00,0.00,0.00,0.00",,0.00,0.00,,
distance calculator google maps india,,0,"0.00,0.00,0.00,0.00,0.00,0.00,0.00,0.00,0.00,0.00,0.00,0.00",,0.00,0.00,,
distance calculator google maps iphone,,0,"0.00,0.00,0.00,0.00,0.00,0.00,0.00,0.00,0.00,0.00,0.00,0.00",,0.00,0.00,,
distance calculator google maps javascript,,0,"0.00,0.00,0.00,0.00,0.00,0.00,0.00,0.00,0.00,0.00,0.00,0.00",,0.00,0.00,,
distance calculator google maps malaysia,,0,"0.00,0.00,0.00,0.00,0.00,0.00,0.00,0.00,0.00,0.00,0.00,0.00",,0.00,0.00,,
distance calculator google maps nz,,0,"0.00,0.00,0.00,0.00,0.00,0.00,0.00,0.00,0.00,0.00,0.00,0.00",,0.00,0.00,,
distance calculator google maps php,,0,"0.00,0.00,0.00,0.00,0.00,0.00,0.00,0.00,0.00,0.00,0.00,0.00",,0.00,0.00,,
distance calculator google maps south africa,,0,"0.00,0.00,0.00,0.00,0.00,1.00,0.00,0.00,0.00,0.00,0.00,1.00",,0.00,0.00,,
distance calculator in google map,,0,"0.00,0.00,0.00,0.00,0.00,0.00,0.00,0.00,0.00,0.00,0.00,0.00",,0.43,0.00,,
distance calculator in google maps,,0,"0.00,0.00,0.00,0.00,0.00,0.00,0.00,0.00,0.00,0.00,0.00,0.00",,0.43,0.00,,
distance calculator in google maps api,,0,"0.00,0.00,0.00,0.00,0.00,0.00,0.00,0.00,0.00,0.00,0.00,0.00",,0.00,0.00,,
distance calculator india road map,,0,"0.00,0.00,0.00,0.00,0.00,0.00,0.00,0.00,0.00,0.00,0.00,0.00",,0.00,0.00,,
distance calculator india using google map,,0,"0.00,0.00,0.00,0.00,0.00,0.00,0.00,0.00,0.00,0.00,0.00,0.00",,0.00,0.00,,
distance calculator map app,,0,"0.00,0.00,0.00,0.00,0.00,0.00,0.00,0.00,0.00,0.00,0.00,0.00",,0.00,0.00,,
distance calculator map as the crow flies,,0,"0.00,0.00,0.00,0.00,0.00,0.00,0.00,0.00,0.00,0.00,0.00,0.00",,0.00,0.00,,
distance calculator map australia,,0,"0.00,0.00,1.00,0.00,0.00,0.00,0.00,0.00,0.00,0.00,0.00,0.00",,0.00,0.00,,
distance calculator map bike,,0,"0.00,0.00,0.00,0.00,0.00,0.00,0.00,0.00,0.00,0.00,0.00,0.00",,0.00,0.00,,
distance calculator map crow,,0,"0.00,0.00,0.00,0.00,0.00,0.00,0.00,0.00,0.00,0.00,0.00,0.00",,0.00,0.00,,
distance calculator map developers,,0,"0.00,0.00,0.00,0.00,0.00,0.00,0.00,0.00,0.00,0.00,0.00,0.00",,0.00,0.00,,
distance calculator map draw,,0,"0.00,0.00,0.00,0.00,0.00,0.00,0.00,0.00,0.00,0.00,0.00,0.00",,0.00,0.00,,
distance calculator map france,,0,"0.00,0.00,0.00,0.00,0.00,0.00,0.00,0.00,0.00,0.00,0.00,0.00",,0.00,0.00,,
distance calculator map google maps,,0,"0.00,0.00,0.00,0.00,0.00,0.00,0.00,0.00,0.00,0.00,0.00,0.00",,0.00,0.00,,
distance calculator map hike,,0,"0.00,0.00,0.00,0.00,0.00,0.00,0.00,0.00,0.00,0.00,0.00,0.00",,0.00,0.00,,
distance calculator map india,,0,"0.00,0.00,0.00,0.00,0.00,0.00,0.00,0.00,0.00,0.00,0.00,0.00",,0.00,0.00,,
distance calculator map latitude longitude,,0,"0.00,0.00,0.00,0.00,0.00,0.00,0.00,0.00,0.00,0.00,0.00,0.00",,0.00,0.00,,
distance calculator map leed,,0,"0.00,0.00,0.00,0.00,0.00,0.00,0.00,0.00,0.00,0.00,0.00,0.00",,0.00,0.00,,
distance calculator map malaysia,,0,"0.00,0.00,0.00,0.00,0.00,0.00,0.00,0.00,0.00,0.00,0.00,0.00",,0.00,0.00,,
distance calculator map namibia,,0,"0.00,0.00,0.00,0.00,0.00,0.00,0.00,0.00,0.00,0.00,0.00,0.00",,0.00,0.00,,
distance calculator map path running,,0,"0.00,0.00,0.00,0.00,0.00,0.00,0.00,0.00,0.00,0.00,0.00,0.00",,0.00,0.00,,
distance calculator map philippines,,0,"1.00,0.00,0.00,0.00,0.00,1.00,0.00,0.00,0.00,0.00,0.00,0.00",,0.00,0.00,,
distance calculator map points,,0,"0.00,0.00,0.00,0.00,0.00,0.00,0.00,0.00,0.00,0.00,0.00,0.00",,0.00,0.00,,
distance calculator map points math,,0,"0.00,0.00,0.00,0.00,0.00,0.00,0.00,0.00,0.00,0.00,0.00,0.00",,0.00,0.00,,
distance calculator map radius,,0,"0.00,0.00,0.00,0.00,0.00,0.00,0.00,0.00,0.00,0.00,0.00,0.00",,0.00,0.00,,
distance calculator map run,,0,"0.00,0.00,0.00,0.00,0.00,0.00,0.00,0.00,0.00,0.00,0.00,0.00",,0.00,0.00,,
distance calculator map running uk,,0,"0.00,0.00,0.00,0.00,0.00,0.00,0.00,0.00,0.00,0.00,0.00,0.00",,0.00,0.00,,
distance calculator map singapore,,0,"0.00,0.00,0.00,0.00,0.00,0.00,0.00,0.00,0.00,0.00,0.00,0.00",,0.00,0.00,,
distance calculator map south africa,,0,"0.00,0.00,0.00,0.00,0.00,0.00,0.00,0.00,0.00,0.00,0.00,0.00",,0.00,0.00,,
distance calculator map spain,,0,"0.00,0.00,0.00,0.00,0.00,0.00,0.00,0.00,0.00,0.00,0.00,0.00",,0.00,0.00,,
distance calculator map sri lanka,,0,"0.00,0.00,0.00,0.00,0.00,0.00,0.00,0.00,0.00,0.00,0.00,0.00",,0.00,0.00,,
distance calculator map tax,,0,"0.00,0.00,0.00,0.00,0.00,0.00,0.00,0.00,0.00,0.00,0.00,0.00",,0.00,0.00,,
distance calculator map uganda,,0,"0.00,0.00,0.00,0.00,0.00,0.00,0.00,0.00,0.00,0.00,0.00,0.00",,0.00,0.00,,
distance calculator map usa,,0,"0.00,0.00,0.00,0.00,0.00,0.00,0.00,0.00,0.00,0.00,0.00,0.00",,0.00,0.00,,
distance calculator map walking,,0,"0.00,0.00,0.00,0.00,0.00,0.00,0.00,0.00,0.00,0.00,0.00,0.00",,0.74,0.06,,
distance calculator map water,,0,"0.00,0.00,0.00,0.00,0.00,0.00,0.00,0.00,0.00,0.00,0.00,0.00",,0.00,0.00,,
distance calculator map.net,,0,"0.00,0.00,0.00,0.00,0.00,0.00,0.00,0.00,0.00,0.00,0.00,0.00",,0.00,0.00,,
distance calculator mapo,,0,"0.00,0.00,0.00,0.00,0.00,0.00,0.00,0.00,0.00,0.00,0.00,0.00",,0.00,0.00,,
distance calculator maps australia,,0,"0.00,0.00,0.00,0.00,0.00,0.00,0.00,0.00,0.00,0.00,0.00,0.00",,0.00,0.00,,
distance calculator maps google,,0,"0.00,0.00,0.00,0.00,0.00,0.00,0.00,0.00,0.00,0.00,0.00,0.00",,0.43,0.00,,
distance calculator nz google maps,,0,"0.00,0.00,0.00,0.00,0.00,0.00,0.00,0.00,0.00,0.00,0.00,0.00",,0.00,0.00,,
distance calculator nz map,,0,"0.00,0.00,0.00,0.00,0.00,0.00,0.00,0.00,0.00,0.00,0.00,0.00",,0.00,0.00,,
distance calculator on a map,,0,"0.00,0.00,0.00,1.00,0.00,0.00,0.00,0.00,0.00,0.00,0.00,0.00",,0.72,0.01,,
distance calculator on google map,,0,"0.00,0.00,0.00,0.00,0.00,0.00,0.00,0.00,0.00,0.00,0.00,0.00",,0.43,0.00,,
distance calculator on google maps,,0,"1.00,0.00,0.00,0.00,0.00,0.00,0.00,0.00,0.00,0.00,0.00,0.00",,0.43,0.00,,
distance calculator on map uk,,0,"0.00,0.00,0.00,0.00,0.00,0.00,0.00,0.00,0.00,0.00,0.00,0.00",,0.00,0.00,,
distance calculator on maps india,,0,"0.00,0.00,0.00,0.00,0.00,0.00,0.00,0.00,0.00,0.00,0.00,0.00",,0.00,0.00,,
distance calculator on pretoria map,,0,"0.00,0.00,0.00,0.00,0.00,0.00,0.00,0.00,0.00,0.00,0.00,0.00",,0.00,0.00,,
distance calculator pakistan map,,0,"0.00,0.00,0.00,0.00,0.00,0.00,0.00,0.00,0.00,0.00,0.00,0.00",,0.00,0.00,,
distance calculator points map,,0,"0.00,0.00,0.00,0.00,0.00,0.00,0.00,0.00,0.00,0.00,0.00,0.00",,0.00,0.00,,
distance calculator route map,,0,"0.00,0.00,0.00,0.00,0.00,0.00,0.00,0.00,0.00,0.00,0.00,0.00",,0.00,0.00,,
distance calculator running map,,0,"0.00,0.00,0.00,0.00,0.00,0.00,0.00,0.00,0.00,0.00,0.00,0.00",,1.22,0.02,,
distance calculator through google map,,0,"0.00,0.00,0.00,0.00,0.00,0.00,0.00,0.00,0.00,0.00,0.00,0.00",,0.00,0.00,,
distance calculator tool google maps,,0,"0.00,0.00,0.00,0.00,0.00,0.00,0.00,0.00,0.00,0.00,0.00,0.00",,0.00,0.00,,
distance calculator two points map,,0,"0.00,0.00,0.00,0.00,0.00,0.00,0.00,0.00,0.00,0.00,0.00,0.00",,0.00,0.00,,
distance calculator us map,,0,"0.00,0.00,0.00,0.00,0.00,0.00,0.00,0.00,0.00,0.00,0.00,0.00",,0.00,0.00,,
distance calculator using a map,,0,"0.00,0.00,0.00,0.00,0.00,0.00,0.00,0.00,0.00,0.00,0.00,0.00",,0.00,0.00,,
distance calculator using google maps api,,0,"0.00,0.00,0.00,0.00,0.00,0.00,0.00,0.00,0.00,0.00,0.00,0.00",,0.00,0.00,,
distance calculator walking google maps,,0,"0.00,0.00,0.00,0.00,0.00,0.00,0.00,0.00,0.00,0.00,0.00,0.00",,0.62,0.01,,
distance calculator walking map,,0,"0.00,0.00,0.00,0.00,0.00,0.00,0.00,0.00,0.00,0.00,0.00,0.00",,0.74,0.06,,
distance calculator with map,,0,"0.00,0.00,0.00,0.00,0.00,0.00,0.00,0.00,0.00,0.00,0.00,0.00",,0.72,0.01,,
distance calculator world map,,0,"0.00,0.00,0.00,0.00,0.00,0.00,0.00,0.00,1.00,0.00,0.00,0.00",,0.00,0.00,,
distance coordinates calculator map,,0,"0.00,0.00,0.00,0.00,0.00,0.00,0.00,0.00,0.00,0.00,0.00,0.00",,0.00,0.00,,
distance from a point on map calculator,,0,"0.00,0.00,0.00,0.00,0.00,0.00,0.00,0.00,0.00,0.00,0.00,0.00",,0.00,0.00,,
distance from calculator map,,0,"0.00,0.00,0.00,0.00,0.00,0.00,0.00,0.00,0.00,0.00,0.00,0.00",,0.00,0.00,,
distance google map calculator,,0,"0.00,0.00,0.00,0.00,0.00,0.00,0.00,0.00,0.00,0.00,0.00,0.00",,0.43,0.00,,
distance gps map calculator,,0,"0.00,0.00,0.00,0.00,0.00,0.00,0.00,0.00,0.00,0.00,0.00,0.00",,0.00,0.00,,
distance map calculator australia,,0,"0.00,0.00,0.00,0.00,0.00,0.00,0.00,0.00,0.00,0.00,0.00,0.00",,0.00,0.00,,
distance map calculator nz,,0,"0.00,0.00,0.00,0.00,0.00,0.00,0.00,0.00,0.00,0.00,0.00,0.00",,0.00,0.00,,
distance map calculator pakistan,,0,"0.00,0.00,0.00,0.00,0.00,0.00,0.00,0.00,0.00,0.00,0.00,0.00",,0.00,0.00,,
distance map calculator singapore,,0,"0.00,0.00,0.00,0.00,0.00,0.00,0.00,0.00,0.00,0.00,0.00,0.00",,0.00,0.00,,
distance map calculator south africa,,0,"0.00,0.00,0.00,0.00,0.00,0.00,0.00,0.00,0.00,0.00,0.00,0.00",,0.00,0.00,,
distance map google calculator,,0,"0.00,0.00,0.00,0.00,0.00,0.00,0.00,0.00,0.00,0.00,0.00,0.00",,0.00,0.00,,
distance mapping calculator,,0,"0.00,0.00,0.00,0.00,0.00,0.00,0.00,0.00,0.00,0.00,0.00,0.00",,0.00,0.00,,
distance on the globe calculator map,,0,"0.00,0.00,0.00,0.00,0.00,0.00,0.00,0.00,0.00,0.00,0.00,0.00",,0.00,0.00,,
distance time calculation google maps,,0,"0.00,0.00,0.00,0.00,0.00,0.00,0.00,0.00,0.00,0.00,0.00,0.00",,0.00,0.00,,
distance time calculator map,,0,"0.00,0.00,0.00,0.00,0.00,0.00,0.00,0.00,0.00,0.00,0.00,0.00",,0.00,0.00,,
distance to map calculator,,0,"0.00,0.00,0.00,0.00,0.00,0.00,0.00,0.00,0.00,0.00,0.00,0.00",,0.00,0.00,,
distance-based price calculation google maps,,0,"0.00,0.00,0.00,0.00,0.00,0.00,0.00,0.00,0.00,0.00,0.00,0.00",,0.00,0.00,,
distance.calculator map,,0,"0.00,0.00,0.00,0.00,0.00,0.00,0.00,0.00,0.00,0.00,0.00,0.00",,0.00,0.00,,
distances from a point on map calculator,,0,"0.00,0.00,0.00,0.00,0.00,0.00,0.00,0.00,0.00,0.00,0.00,0.00",,0.00,0.00,,
distant calculator on map,,0,"0.00,0.00,0.00,0.00,0.00,0.00,0.00,0.00,0.00,0.00,0.00,0.00",,0.00,0.00,,
distantce calculator map,,0,"0.00,0.00,0.00,0.00,0.00,0.00,0.00,0.00,0.00,0.00,0.00,0.00",,0.00,0.00,,
dna calculator mapping,,0,"0.00,0.00,0.00,0.00,0.00,0.00,0.00,0.00,0.00,0.00,0.00,0.00",,0.00,0.00,,
dnd map calculating travel distance time,,0,"0.00,0.00,0.00,0.00,0.00,0.00,0.00,0.00,0.00,0.00,0.00,0.00",,0.00,0.00,,
dnd map square calculator,,0,"0.00,0.00,0.00,0.00,0.00,0.00,0.00,0.00,0.00,0.00,0.00,0.00",,0.00,0.00,,
do i need to know how to calculate map nclex,,0,"0.00,0.00,0.00,0.00,0.00,0.00,0.00,0.00,0.00,0.00,0.00,0.00",,0.00,0.00,,
do map calculations api,,0,"0.00,0.00,0.00,0.00,0.00,0.00,0.00,0.00,0.00,0.00,0.00,0.00",,0.00,0.00,,
do maps calculate time assuming you're going the speed limit,,0,"0.00,0.00,0.00,0.00,0.00,0.00,0.00,0.00,0.00,0.00,0.00,0.00",,0.00,0.00,,
does apple maps calculate time zone changes,,0,"0.00,0.00,0.00,0.00,0.00,0.00,0.00,0.00,0.00,0.00,0.00,0.00",,0.00,0.00,,
does apple maps calculate time zones,,0,"0.00,0.00,0.00,0.00,0.00,0.00,0.00,0.00,0.00,0.00,0.00,0.00",,0.00,0.00,,
does google map calculate carpool lane,,0,"0.00,0.00,0.00,0.00,0.00,0.00,0.00,0.00,0.00,0.00,0.00,0.00",,0.00,0.00,,
does google maps calculate change in elevation,,0,"0.00,0.00,0.00,0.00,0.00,0.00,0.00,0.00,0.00,0.00,0.00,0.00",,0.00,0.00,,
does google maps calculate distance on speed limits,,0,"0.00,0.00,0.00,0.00,0.00,0.00,0.00,0.00,0.00,0.00,0.00,0.00",,0.00,0.00,,
does google maps calculate elevation,,0,"0.00,0.00,0.00,0.00,0.00,0.00,0.00,0.00,0.00,0.00,0.00,0.00",,0.00,0.00,,
does google maps calculate eta when crossing time zones,,0,"0.00,0.00,0.00,0.00,0.00,0.00,0.00,0.00,0.00,0.00,0.00,0.00",,0.00,0.00,,
does google maps calculate fastest trip for multi-leg travel,,0,"0.00,0.00,0.00,0.00,0.00,0.00,0.00,0.00,0.00,0.00,0.00,0.00",,0.00,0.00,,
does google maps calculate food and gas stops,,0,"0.00,0.00,0.00,0.00,0.00,0.00,0.00,0.00,0.00,0.00,0.00,0.00",,0.00,0.00,,
does google maps calculate speed limits,,0,"0.00,0.00,0.00,0.00,0.00,0.00,0.00,0.00,0.00,0.00,0.00,0.00",,0.00,0.00,,
does google maps calculate square footage,,0,"0.00,0.00,0.00,0.00,0.00,0.00,0.00,0.00,0.00,0.00,0.00,0.00",,0.00,0.00,,
does google maps calculate stops,,0,"0.00,0.00,0.00,0.00,0.00,0.00,0.00,0.00,0.00,0.00,0.00,0.00",,0.00,0.00,,
does google maps calculate time change in length of trip,,0,"0.00,0.00,0.00,0.00,0.00,0.00,0.00,0.00,0.00,0.00,0.00,0.00",,0.00,0.00,,
does google maps calculate time zone changes,,0,"0.00,0.00,0.00,0.00,0.00,0.00,0.00,0.00,0.00,0.00,0.00,0.00",,0.00,0.00,,
does google maps calculate traffic lights,,0,"0.00,0.00,0.00,0.00,0.00,0.00,0.00,0.00,0.00,0.00,0.00,0.00",,0.00,0.00,,
does google maps calculate travel time,,0,"0.00,0.00,0.00,0.00,0.00,0.00,0.00,0.00,0.00,0.00,0.00,0.00",,0.00,0.00,,
does google maps calculate using average amount over speed limit,,0,"0.00,0.00,0.00,0.00,0.00,0.00,0.00,0.00,0.00,0.00,0.00,0.00",,0.00,0.00,,
does google maps count hills when calculating distance,,0,"0.00,0.00,0.00,0.00,0.00,0.00,0.00,0.00,0.00,0.00,0.00,0.00",,0.00,0.00,,
does google maps have a distance calculation function,,0,"0.00,0.00,0.00,0.00,0.00,0.00,0.00,0.00,0.00,0.00,0.00,0.00",,0.00,0.00,,
does google maps have a mileage calculator,,0,"0.00,0.00,0.00,0.00,0.00,0.00,0.00,0.00,0.00,0.00,0.00,0.00",,0.00,0.00,,
does google maps show calculate weather conditions,,0,"0.00,0.00,0.00,0.00,0.00,0.00,0.00,0.00,0.00,0.00,0.00,0.00",,0.00,0.00,,
does google maps use speed limit to calculate time,,0,"0.00,0.00,0.00,0.00,0.00,0.00,0.00,0.00,0.00,0.00,0.00,0.00",,0.00,0.00,,
doom mapping how to calculate a par time,,0,"0.00,0.00,0.00,0.00,0.00,0.00,0.00,0.00,0.00,0.00,0.00,0.00",,0.00,0.00,,
download google map distance calculator,,0,"0.00,0.00,0.00,0.00,0.00,0.00,0.00,0.00,0.00,0.00,0.00,0.00",,0.00,0.00,,
dq9 grotto map calculator,,0,"0.00,0.00,0.00,0.00,0.00,0.00,0.00,0.00,0.00,0.00,0.00,0.00",,0.00,0.00,,
dq9 map calculator,,0,"0.00,0.00,0.00,0.00,0.00,0.00,0.00,0.00,0.00,0.00,0.00,0.00",,0.00,0.00,,
dragon quest 9 treasure map calculator,,0,"0.00,0.00,0.00,0.00,0.00,0.00,0.00,0.00,0.00,0.00,0.00,0.00",,0.00,0.00,,
dragon quest ix map calculator,,0,"0.00,0.00,0.00,0.00,0.00,0.00,0.00,0.00,0.00,0.00,0.00,0.00",,0.00,0.00,,
dragon quest ix treasure map calculator,,0,"0.00,0.00,0.00,0.00,0.00,0.00,0.00,0.00,0.00,0.00,0.00,0.00",,0.00,0.00,,
drainage area calculator map for culvert,,0,"0.00,0.00,0.00,0.00,0.00,0.00,0.00,0.00,0.00,0.00,0.00,0.00",,0.00,0.00,,
draw and calculate area in google maps,,0,"0.00,0.00,0.00,0.00,0.00,0.00,0.00,0.00,0.00,0.00,0.00,0.00",,0.00,0.00,,
draw map distance calculator,,0,"0.00,0.00,0.00,0.00,0.00,0.00,0.00,0.00,0.00,0.00,0.00,0.00",,0.00,0.00,,
draw on google map to calculate distance,,0,"0.00,0.00,0.00,0.00,0.00,0.00,0.00,0.00,0.00,0.00,0.00,0.00",,0.00,0.00,,
draw on map calculate distance,,0,"0.00,0.00,0.00,0.00,0.00,0.00,0.00,0.00,0.00,0.00,0.00,1.00",,0.70,0.01,,
draw route calculate distance google maps,,0,"0.00,0.00,0.00,0.00,0.00,0.00,0.00,0.00,0.00,0.00,0.00,0.00",,0.00,0.00,,
draw route on map and calculate time,,0,"0.00,0.00,0.00,0.00,0.00,0.00,0.00,0.00,0.00,0.00,0.00,0.00",,0.00,0.00,,
drive time map calculator,,0,"0.00,0.00,0.00,0.00,0.00,0.00,0.00,0.00,0.00,1.00,0.00,1.00",,0.00,0.00,,
driving distance calculator google maps,,0,"0.00,0.00,0.00,0.00,1.00,0.00,0.00,0.00,0.00,0.00,0.00,0.00",,0.52,0.00,,
driving distance calculator google maps api,,0,"0.00,0.00,0.00,0.00,0.00,0.00,0.00,0.00,0.00,0.00,0.00,0.00",,0.00,0.00,,
driving radius calculator google maps,,0,"0.00,0.00,0.00,0.00,0.00,0.00,0.00,0.00,0.00,0.00,0.00,0.00",,0.00,0.00,,
driving time map calculator,,0,"0.00,0.00,0.00,0.00,0.00,0.00,0.00,0.00,0.00,0.00,0.00,0.00",,0.00,0.00,,
drone deploy mapping calculator,,0,"0.00,0.00,0.00,0.00,0.00,0.00,0.00,0.00,0.00,0.00,0.00,0.00",,0.00,0.00,,
drone map distance calculation,,0,"0.00,0.00,0.00,0.00,0.00,0.00,0.00,0.00,0.00,0.00,0.00,0.00",,0.00,0.00,,
drone mapping calculator,,0,"0.00,0.00,0.00,0.00,0.00,0.00,0.00,0.00,0.00,0.00,0.00,0.00",,0.00,0.00,,
drone mapping pricing calculator,,0,"0.00,0.00,0.00",,0.00,0.00,,
drone mapping resolution calculator,,0,"0.00,0.00,0.00,0.00,0.00,0.00,0.00,0.00,0.00,0.00,0.00,0.00",,0.00,0.00,,
drone mapping volume calculation,,0,"0.00,0.00,0.00,0.00,0.00,0.00,0.00,0.00,0.00,0.00,0.00,0.00",,0.00,0.00,,
due date calculator life map,,0,"0.00,0.00,0.00,0.00,0.00,0.00,0.00,0.00,0.00,0.00,0.00,0.00",,0.00,0.00,,
earth map area calculator tool,,0,"0.00,0.00,0.00,0.00,0.00,0.00,0.00,0.00,0.00,0.00,0.00,0.00",,0.00,0.00,,
easy calculation of map,,0,"0.00,0.00,0.00,0.00,0.00,0.00,0.00,0.00,0.00,0.00,0.00,0.00",,0.00,0.00,,
easy way to get a map calculation,,0,"0.00,0.00,0.00,0.00,0.00,0.00,0.00,0.00,0.00,0.00,0.00,0.00",,0.00,0.00,,
eclipse calculator map,,0,"0.00,0.00,0.00,0.00,0.00,0.00,0.00,0.00,0.00,0.00,0.00,0.00",,0.00,0.00,,
eclipse map calculator,,0,"0.00,0.00,1.00,0.00,0.00,1.00,0.00,0.00,0.00,0.00,0.00,0.00",,0.00,0.00,,
eclipse path map time calculator,,0,"0.00,0.00,0.00,0.00,0.00,0.00,0.00,0.00,0.00,0.00,0.00,0.00",,0.00,0.00,,
ecm uses the data from the map to calculate,,0,"0.00,0.00,0.00,0.00,0.00,0.00,0.00,0.00,0.00,0.00,0.00,0.00",,0.00,0.00,,
elecotral map calculator,,0,"0.00,0.00,0.00,0.00,0.00,0.00,0.00,0.00,0.00,0.00,0.00,0.00",,0.00,0.00,,
election 2020 map calculator,,0,"0.00,0.00,0.00,0.00,0.00,0.00,0.00,0.00,0.00,0.00,0.00,0.00",,0.00,0.00,,
election calculation map,,0,"0.00,0.00,0.00,0.00,0.00,0.00,0.00,0.00,0.00,0.00,0.00,0.00",,0.00,0.00,,
election map 2020 calculator,,0,"0.00,0.00,0.00,0.00,0.00,0.00,0.00,0.00,0.00,0.00,0.00,0.00",,0.00,0.00,,
election map calculation,,0,"0.00,0.00,0.00,0.00,0.00,0.00,0.00,0.00,0.00,0.00,0.00,0.00",,0.00,0.00,,
election map calculator 2020,,0,"0.00,0.00,0.00,0.00,0.00,0.00,0.00,0.00,0.00,0.00,0.00,0.00",,0.00,0.00,,
election map do it yourself calculator,,0,"0.00,0.00,0.00,0.00,0.00,0.00,0.00,0.00,0.00,0.00,0.00,0.00",,0.00,0.00,,
election results map calculator,,0,"0.00,1.00,0.00,0.00,0.00,0.00,0.00,0.00,0.00,0.00,0.00,0.00",,0.00,0.00,,
electoral calculator map,,0,"0.00,1.00,0.00,0.00,0.00,0.00,0.00,0.00,0.00,0.00,0.00,0.00",,0.00,0.00,,
electoral colege map calculator,,0,"0.00,0.00,0.00,0.00,0.00,0.00,0.00,0.00,0.00,0.00,0.00,0.00",,0.00,0.00,,
electoral college calculator and map generator,,0,"0.00,0.00,0.00,0.00,0.00,0.00,0.00,0.00,0.00,0.00,0.00,0.00",,0.00,0.00,,
electoral college calculator map,,0,"0.00,1.00,0.00,0.00,0.00,0.00,0.00,0.00,0.00,0.00,0.00,0.00",,0.00,0.00,,
electoral college calculator map generator,,0,"0.00,0.00,0.00,0.00,0.00,0.00,0.00,0.00,0.00,0.00,0.00,0.00",,0.00,0.00,,
electoral college map 2020 calculator,,0,"0.00,0.00,0.00,0.00,0.00,0.00,0.00,0.00,0.00,0.00,0.00,0.00",,0.00,0.00,,
electoral college map calculator bp,,0,"0.00,0.00,0.00,0.00,0.00,0.00,0.00,0.00,0.00,0.00,0.00,0.00",,0.00,0.00,,
electoral map 2020 calculator,,0,"0.00,0.00,0.00,0.00,0.00,0.00,0.00,0.00,0.00,0.00,0.00,0.00",,0.00,0.00,,
electoral map calculation,,0,"0.00,0.00,0.00,0.00,0.00,0.00,0.00,0.00,0.00,0.00,0.00,0.00",,0.00,0.00,,
electoral map calculator 2008,,0,"0.00,0.00,0.00,0.00,0.00,0.00,0.00,0.00,0.00,0.00,0.00,0.00",,0.00,0.00,,
electoral map calculator 2020,,0,"0.00,0.00,0.00,0.00,0.00,0.00,0.00,0.00,0.00,0.00,0.00,0.00",,0.00,0.00,,
electoral map calculator cnn,,0,"0.00,0.00,0.00,0.00,0.00,0.00,0.00,0.00,0.00,0.00,0.00,0.00",,0.00,0.00,,
electoral map demographics calculator,,0,"0.00,0.00,0.00,0.00,0.00,0.00,0.00,0.00,0.00,0.00,0.00,0.00",,0.00,0.00,,
electoral maps calculations wolf blitzer,,0,"0.00,0.00,0.00,0.00,0.00,0.00,0.00,0.00,0.00,0.00,0.00,0.00",,0.00,0.00,,
electoral maps calculations wolf blitzer elections,,0,"0.00,0.00,0.00,0.00,0.00,0.00,0.00,0.00,0.00,0.00,0.00,0.00",,0.00,0.00,,
electoral vote calculator map,,0,"0.00,0.00,0.00,0.00,0.00,0.00,0.00,0.00,0.00,0.00,0.00,0.00",,0.00,0.00,,
electoral vote map calculator,,0,"0.33,1.00,0.00,0.00,0.00,0.00,0.00,0.00,0.00,0.00,0.00,0.00",,0.00,0.00,,
electoral vote map prediction 2016 calculator,,0,"0.00,0.00,0.00,0.00,0.00,0.00,0.00,0.00,0.00,0.00,0.00,0.00",,0.00,0.00,,
electoral votes map calculator,,0,"0.00,0.00,0.00,0.00,0.00,0.00,0.00,0.00,0.00,0.00,0.00,0.00",,0.00,0.00,,
electoral.map calculator,,0,"0.00,0.00,0.00,0.00,0.00,0.00,0.00,0.00,0.00,0.00,0.00,0.00",,0.00,0.00,,
electorate map calculator,,0,"0.00,0.00,0.00,0.00,0.00,0.00,0.00,0.00,0.00,0.00,0.00,0.00",,0.00,0.00,,
electorial college map calculator,,0,"0.00,0.00,0.00,0.00,0.00,0.00,0.00,0.00,0.00,0.00,0.00,0.00",,0.00,0.00,,
electorial map calculator,,0,"0.00,0.00,0.00,0.00,0.00,0.00,0.00,0.00,0.00,0.00,0.00,0.00",,0.00,0.00,,
electorial maps calculations wolf blitzer,,0,"0.00,0.00,0.00,0.00,0.00,0.00,0.00,0.00,0.00,0.00,0.00,0.00",,0.00,0.00,,
electric field map calculator,,0,"0.00,0.00,0.00,0.00,0.00,0.00,0.00,0.00,0.00,0.00,0.00,0.00",,0.00,0.00,,
electric field mapping lab calculation,,0,"0.00,0.00,0.00,0.00,0.00,0.00,0.00,0.00,0.00,0.00,0.00,0.00",,0.00,0.00,,
electric field mapping lab calculation for leff and alpha,,0,"0.00,0.00,0.00,0.00,0.00,0.00,0.00,0.00,0.00,0.00,0.00,0.00",,0.00,0.00,,
electroal map calculator,,0,"0.00,0.00,0.00,0.00,0.00,0.00,0.00,0.00,0.00,0.00,0.00,0.00",,0.00,0.00,,
electron density map calculation,,0,"0.00,0.00,0.00,0.00,0.00,0.00,0.00,0.00,0.00,0.00,0.00,0.00",,0.00,0.00,,
electrostatic potential map calculation,,0,"0.00,0.00,0.00,0.00,0.00,0.00,0.00,0.00,0.00,0.00,0.00,0.00",,0.00,0.00,,
electrostatic potential map calculator,,0,"0.00,0.00,0.00,0.00,0.00,0.00,0.00,0.00,0.00,0.00,0.00,0.00",,0.00,0.00,,
eletoral collage map calculator,,0,"0.00,0.00,0.00,0.00,0.00,0.00,0.00,0.00,0.00,0.00,0.00,0.00",,0.00,0.00,,
elevation change map calculator,,0,"0.00,0.00,0.00,0.00,0.00,0.00,0.00,0.00,0.00,0.00,0.00,0.00",,0.00,0.00,,
employee transit time map calculator,,0,"0.00,0.00,0.00,0.00,0.00,0.00,0.00,0.00,0.00,0.00,0.00,0.00",,0.00,0.00,,
enclosed map calculator,,0,"0.00,0.00,0.00,0.00,0.00,0.00,0.00,0.00,0.00,0.00,0.00,0.00",,0.00,0.00,,
end of a google maps route calculation crossword,,0,"1.00,0.00,0.00,0.00,0.00,0.00,0.00,0.00,1.00,0.00,0.00,0.00",,0.00,0.00,,
end of a google maps route calculation crossword clue,,0,"0.00,0.00,0.00,0.00,0.00,0.00,0.00,0.00,0.00,0.00,0.00,0.00",,0.00,0.00,,
end of google maps route calculation crossword,,0,"0.00,0.00,0.00,0.00,0.00,0.00,0.00,0.00,0.00,0.00,0.00,0.00",,0.00,0.00,,
epass toll map calculator,,0,"0.00,0.00,0.00,0.00,0.00,0.00,0.00,0.00,0.00,0.00,0.00,0.00",,0.00,0.00,,
epicenter calculator map,,0,"0.00,0.00,0.00,0.00,0.00,0.00,0.00,0.00,0.00,0.00,0.00,0.00",,0.00,0.00,,
epicenter calculator map online,,0,"0.00,0.00,0.00,0.00,0.00,0.00,0.00,0.00,0.00,0.00,0.00,0.00",,0.00,0.00,,
equatoin to calculate map,,0,"0.00,0.00,0.00,0.00,0.00,0.00,0.00,0.00,0.00,0.00,0.00,0.00",,0.00,0.00,,
equidistant point calculator on a map,,0,"0.00,0.00,0.00,0.00,0.00,0.00,0.00,0.00,0.00,0.00,0.00,0.00",,0.00,0.00,,
equidistant point calculator us map,,0,"0.00,0.00,0.00,0.00,0.00,0.00,0.00,0.00,0.00,0.00,0.00,0.00",,0.00,0.00,,
error between maf and calculated map airflow,,0,"0.00,0.00,0.00,0.00,0.00,0.00,0.00,0.00,0.00,0.00,0.00,0.00",,0.00,0.00,,
error between maf and calculated map airflow ford,,0,"0.00,0.00,0.00,0.00,0.00,0.00,0.00,0.00,0.00,0.00,0.00,0.00",,0.00,0.00,,
escala de mapa calculo,,0,"0.00,0.00,0.00,0.00,0.00,0.00,0.00,0.00,0.00,0.00,0.00,0.00",,0.00,0.00,,
escala de mapa como calcular,,0,"0.00,0.00,0.00,0.00,0.00,0.00,0.00,0.00,0.00,0.00,0.00,0.00",,0.00,0.00,,
escalas de mapas como calcular,,0,"0.00,0.00,0.00,1.00,0.00,0.00,0.00,0.00,0.00,0.00,0.00,0.00",,0.00,0.00,,
eso harvest map route calculation error,,0,"0.00,0.00,0.00,0.00,0.00,0.00,0.00,0.00,0.00,0.00,0.00,0.00",,0.00,0.00,,
eurogenes map calculator,,0,"0.00,0.00,0.00,0.00,0.00,0.00,0.00,0.00,0.00,0.00,0.00,0.00",,0.00,0.00,,
eve map calculator,,0,"0.00,0.00,0.00,0.00,0.00,0.00,0.00,0.00,0.00,0.00,0.00,0.00",,0.00,0.00,,
exact distance calculator map,,0,"0.00,0.00,0.00,0.00,0.00,0.00,0.00,0.00,0.00,0.00,0.00,0.00",,0.00,0.00,,
exalted map distance calculator,,0,"0.00,0.00,0.00,0.00,0.00,0.00,0.00,0.00,0.00,0.00,0.00,0.00",,0.00,0.00,,
example lagrangian strain mapping calculation of grid,,0,"0.00,0.00,0.00,0.00,0.00,0.00,0.00,0.00,0.00,0.00,0.00,0.00",,0.00,0.00,,
example lagrangian strain mapping calculation of nonuniform grid,,0,"0.00,0.00,0.00,0.00,0.00,0.00,0.00,0.00,0.00,0.00,0.00,0.00",,0.00,0.00,,
example strain mapping calculation of grid,,0,"0.00,0.00,0.00,0.00,0.00,0.00,0.00,0.00,0.00,0.00,0.00,0.00",,0.00,0.00,,
excel automatically calculate mileage using google maps,,0,"0.00,0.00,0.00,0.00,0.00,0.00,0.00,0.00,0.00,0.00,0.00,0.00",,0.00,0.00,,
excel bing maps distance and travel time calculator,,0,"0.00,0.00,0.00,0.00,0.00,0.00,0.00,0.00,0.00,0.00",,0.00,0.00,,
excel bing maps distance calculator,,0,"0.00,0.00,0.00,0.00,0.00,0.00,0.00,0.00,0.00,0.00,0.00,0.00",,0.00,0.00,,
excel calculate google maps distance between addresses,,0,"0.00,0.00,0.00,0.00,0.00,0.00,0.00,0.00,0.00,0.00,0.00,0.00",,0.00,0.00,,
excel calculate mad mape,,0,"0.00,0.00,0.00,0.00,0.00,0.00,0.00,0.00,0.00,0.00,0.00,0.00",,0.00,0.00,,
excel calculate mape,,0,"0.00,0.00,0.00,0.00,0.00,0.00,0.00,0.00,0.00,0.00,0.00,0.00",,0.00,0.00,,
excel calculate mape youtube,,0,"0.00,0.00,0.00,0.00,0.00,0.00,0.00,0.00,0.00,0.00,0.00,0.00",,0.00,0.00,,
excel calculate route google maps,,0,"0.00,0.00,0.00,0.00,0.00,0.00,0.00,0.00,0.00,0.00,0.00,0.00",,0.00,0.00,,
excel map distance calculator,,0,"0.00,0.00,0.00,0.00,0.00,0.00,0.00,0.00,0.00,0.00,0.00,0.00",,0.00,0.00,,
excel mileage calculator google maps,,0,"0.00,0.00,0.00,0.00,0.00,0.00,0.00,0.00,0.00,0.00,0.00,0.00",,0.00,0.07,,
excel power map distance calculator,,0,"0.00,0.00,0.00,0.00,0.00,0.00,0.00,0.00,0.00,0.00,0.00,0.00",,0.00,0.00,,
excel vba proc to calculate distance using google maps,,0,"0.00,0.00,0.00,0.00,0.00,0.00,0.00,0.00,0.00,0.00,0.00,0.00",,0.00,0.00,,
ez pass calculator google maps,,0,"0.00,0.00,0.00,0.00,0.00,0.00,0.00,0.00,0.00,0.00,0.00,0.00",,0.00,0.00,,
factorio mapping calculator,,0,"0.00,0.00,0.00,0.00,0.00,0.00,0.00,0.00,0.00,0.00,0.00,0.00",,0.00,0.00,,
faerun map distance calculator,,0,"0.00,0.00,0.00,0.00,0.00,0.00,0.00,0.00,0.00,0.00,0.00,0.00",,0.00,0.00,,
famme's bdo map horse calculator,,0,"0.00,0.00,0.00,0.00,0.00,0.00,0.00,0.00,0.00,0.00,0.00,0.00",,0.00,0.00,,
fantasy map distance calculator,,0,"0.00,0.00,0.00,0.00,0.00,0.00,0.00,0.00,0.00,0.00,0.00,0.00",,0.00,0.00,,
farm service agency satellite map acreage calculator,,0,"0.00,0.00,0.00,0.00,0.00,0.00,0.00,0.00,0.00,0.00,0.00,0.00",,0.00,0.00,,
feature map size calculation,,0,"0.00,0.00,0.00,0.00,1.00,1.00,0.00,0.00,0.00,0.00,0.00,0.00",,0.00,0.00,,
fedex shipping map calculator,,0,"0.00,0.00,0.00,0.00,0.00,0.00,0.00,0.00,0.00,0.00,0.00,0.00",,0.00,0.00,,
feet calculator map,,0,"0.00,0.00,0.00,0.00,0.00,0.00,0.00,0.00,0.00,0.00,0.00,0.00",,0.00,0.00,,
feet calculator map bird view,,0,"0.00,0.00,0.00,0.00,0.00,0.00,0.00,0.00,0.00,0.00,0.00,0.00",,0.00,0.00,,
fence calculator google maps,,0,"0.00,0.00,0.00,0.00,0.00,0.00,0.00,0.00,0.00,0.00,0.00,0.00",,0.00,0.00,,
fencing calculator map,,0,"0.00,0.00,0.00,0.00,0.00,0.00,0.00,0.00,0.00,0.00,0.00,0.00",,0.00,0.00,,
feng shui bagua map calculator,,0,"0.00,0.00,0.00,0.00,0.00,0.00,0.00,0.00,0.00,0.00,0.00,0.00",,0.00,0.00,,
fg map calculator,,0,"0.00,0.00,0.00,0.00,0.00,0.00,0.00,0.00,0.00,0.00,0.00,0.00",,0.00,0.00,,
field calculation arc map,,0,"0.00,0.00,0.00,0.00,0.00,0.00,0.00,0.00,0.00,0.00,0.00,0.00",,0.00,0.00,,
field map calculator,,0,"0.00,0.00,0.00,0.00,0.00,0.00,0.00,0.00,0.00,0.00,0.00,0.00",,0.00,0.00,,
field maps calculate expressions,,0,"0.00,0.00,0.00,0.00,0.00,0.00,0.00,0.00,0.00,0.00,0.00,0.00",,0.00,0.00,,
find distance between cities locations on map mileage calculator,,0,"0.00,0.00,0.00,0.00,0.00,0.00,0.00,0.00,0.00,0.00,0.00,0.00",,0.00,0.00,,
find distance between coordinates calculator map,,0,"0.00,0.00,0.00,0.00,0.00,0.00,0.00,0.00,0.00,0.00,0.00,0.00",,0.00,0.00,,
find the distance between two points calculator map,,0,"0.00,0.00,0.00,0.00,0.00,0.00,0.00,0.00,0.00,0.00,0.00,0.00",,0.00,0.00,,
fl toll calculator by map,,0,"0.00,0.00,0.00,0.00,0.00,0.00,0.00,0.00,0.00,0.00,0.00,0.00",,0.00,0.00,,
flight distance calculator google maps,,0,"0.00,0.00,0.00,0.00,0.00,0.00,0.00,0.00,0.00,0.00,0.00,0.00",,0.00,0.00,,
flight mile calculator map,,0,"0.00,0.00,0.00,0.00,0.00,0.00,0.00,0.00,0.00,0.00,0.00,0.00",,0.00,0.00,,
flight range calculator map,,0,"0.00,0.00,0.00,0.00,0.00,0.00,0.00,0.00,0.00,0.00,0.00,0.00",,0.00,0.00,,
flight route map calculator,,0,"0.00,0.00,0.00,0.00,0.00,0.00,0.00,0.00,0.00,0.00,0.00,0.00",,0.00,0.00,,
flight route map distance calculator,,0,"0.00,0.00,0.00,0.00,0.00,0.00,0.00,0.00,0.00,0.00,0.00,0.00",,0.00,0.00,,
flight time calculator google maps,,0,"0.00,0.00,0.00,0.00,0.00,0.00,0.00,0.00,0.00,0.00,0.00,0.00",,0.00,0.00,,
flood insurance rate map calculator,,0,"0.00,0.00,0.00,0.00,0.00,0.00,0.00,0.00,0.00,0.00,0.00,0.00",,0.00,0.00,,
flood map calculator,,0,"0.00,0.00,0.00,0.00,0.00,0.00,0.00,0.00,0.00,0.00,0.00,0.00",,0.00,0.00,,
flood map calculator sacramento,,0,"0.00,0.00,0.00,0.00,0.00,0.00,0.00,0.00,0.00,0.00,0.00,0.00",,0.00,0.00,,
florida dot map mileage calculator,,0,"0.00,0.00,0.00,0.00,0.00,0.00,0.00,0.00,0.00,0.00,0.00,0.00",,0.00,0.00,,
flunet nhibernate map calculate column,,0,"0.00,0.00,0.00,0.00,0.00,0.00,0.00,0.00,0.00,0.00,0.00,0.00",,0.00,0.00,,
forecast accuracy calculation mape,,0,"0.00,0.00,0.00,0.00,0.00,0.00,0.00,0.00,0.00,0.00,0.00,0.00",,0.00,0.00,,
formidable google maps api calculation,,0,"0.00,0.00,0.00,0.00,0.00,0.00,0.00,0.00,0.00,0.00,0.00,0.00",,0.00,0.00,,
formula calculating map blood pressure,,0,"0.00,0.00,0.00,0.00,0.00,0.00,0.00,0.00,0.00,0.00,0.00,0.00",,0.00,0.00,,
formula for calculating distance on a map,,0,"0.00,0.00,0.00,0.00,1.00,0.00,0.00,0.00,0.00,0.00,0.00,0.00",,0.00,0.00,,
formula for calculating gradient on a map,,0,"0.00,0.00,0.00,0.00,0.00,0.00,0.00,0.00,0.00,0.00,0.00,0.00",,0.00,0.00,,
formula for calculating gradient on topographic maps,,0,"0.00,0.00,0.00,0.00,0.00,0.00,0.00,0.00,0.00,0.00,0.00,0.00",,0.00,0.00,,
formula for calculating hexagonal maps,,0,"0.00,0.00,0.00,0.00,0.00,0.00,0.00,0.00,0.00,0.00,0.00,0.00",,0.00,0.00,,
formula for calculating log map,,0,"0.00,0.00,0.00,0.00,0.00,0.00,0.00,0.00,0.00,0.00,0.00,0.00",,0.00,0.00,,
formula for calculating log map for manifolds,,0,"0.00,0.00,0.00,0.00,0.00,0.00,0.00,0.00,0.00,0.00,0.00,0.00",,0.00,0.00,,
formula for calculating log map for procrustes analysis,,0,"0.00,0.00,0.00,0.00,0.00,0.00,0.00,0.00,0.00,0.00,0.00,0.00",,0.00,0.00,,
formula for calculating log map for procusters,,0,"0.00,0.00,0.00,0.00,0.00,0.00,0.00,0.00,0.00,0.00,0.00,0.00",,0.00,0.00,,
formula for calculating log map for procusters analysis,,0,"0.00,0.00,0.00,0.00,0.00,0.00,0.00,0.00,0.00,0.00,0.00,0.00",,0.00,0.00,,
formula for calculating slope on map,,0,"0.00,0.00,0.00,0.00,0.00,0.00,0.00,0.00,0.00,0.00,0.00,0.00",,0.00,0.00,,
formula for calculating the contour interval of a topographic map,,0,"0.00,0.00,0.00,0.00,0.00,0.00,0.00,0.00,0.00,0.00,0.00,0.00",,0.00,0.00,,
formula of calculating area on a map,,0,"0.00,0.00,0.00,0.00,0.00,0.00,0.00,0.00,0.00,0.00,0.00,0.00",,0.00,0.00,,
formula para calcular el map,,0,"0.00,0.00,0.00,0.00,0.00,0.00,0.00,0.00,0.00,0.00,0.00,0.00",,0.00,0.00,,
formula para calcular el map arterial,,0,"0.00,0.00,0.00,0.00,0.00,0.00,0.00,0.00,0.00,0.00,0.00,0.00",,0.00,0.00,,
formula para calcular map arterial adulto,,0,"0.00,0.00,0.00,0.00,0.00,0.00,0.00,0.00,0.00,0.00,0.00,0.00",,0.00,0.00,,
formula to calculate distance on a map,,0,"0.00,0.00,0.00,0.00,0.00,0.00,0.00,0.00,0.00,0.00,0.00,0.00",,0.00,0.00,,
formula to calculate map distance,,0,"0.00,0.00,0.00,0.00,0.00,0.00,0.00,0.00,0.00,0.00,0.00,0.00",,0.00,0.00,,
formula to calculate mape,,0,"0.00,0.00,0.00,0.00,0.00,0.00,0.00,0.00,0.00,0.00,0.00,0.00",,0.00,0.00,,
fortnite aim trainer map calculator,,0,"0.00,0.00,0.00,0.00,0.00,0.00,0.00,0.00,0.00,0.00,0.00,0.00",,0.00,0.00,,
fortnite map time calculator,,0,"0.00,0.00,0.00,0.00,0.00,0.00,0.00,0.00,0.00,0.00,0.00,0.00",,0.00,0.00,,
four color theorem map online calculator,,0,"0.00,0.00,0.00,0.00,0.00,0.00,0.00,0.00,0.00,0.00,0.00,0.00",,0.00,0.00,,
fraction map scale calculator,,0,"0.00,0.00,0.00,0.00,0.00,0.00,0.00,0.00,0.00,0.00,0.00,0.00",,0.00,0.00,,
fractional map scale calculator,,0,"0.00,0.00,0.00,0.00,0.00,0.00,0.00,0.00,0.00,0.00,0.00,0.00",,0.00,0.00,,
free acre calculator map,,0,"0.00,0.00,0.00,0.00,0.00,0.00,0.00,0.00,0.00,0.00,0.00,0.00",,0.00,0.00,,
free delivery fee calculator on map,,0,"0.00,0.00,0.00,0.00,0.00,0.00,0.00,0.00,0.00,0.00,0.00,0.00",,0.00,0.00,,
free distance calculator map,,0,"0.00,0.00,0.00,0.00,0.00,0.00,0.00,0.00,0.00,0.00,0.00,0.00",,0.00,0.00,,
free google maps distance calculator,,0,"0.00,0.00,0.00,0.00,0.00,0.00,0.00,0.00,0.00,0.00,0.00,0.00",,0.00,0.00,,
free land area calculator map,,0,"0.00,0.00,0.00,0.00,0.00,0.00,0.00,0.00",,0.00,0.00,,
free map radius calculator,,0,"0.00,0.00,0.00,0.00,0.00,0.00,0.00,0.00,0.00,0.00,0.00,0.00",,0.00,0.00,,
free map tools acreage calculator,,0,"0.00,0.00,0.00,0.00,0.00,0.00,0.00,0.00,0.00,0.00,0.00,0.00",,0.00,0.00,,
free maps area calculator,,0,"0.00,0.00,0.00,0.00,0.00,0.00,0.00,0.00,0.00,0.00,0.00,0.00",,0.00,0.00,,
free maps tools area calculator,,0,"0.00,0.00,0.00,0.00,0.00,0.00,0.00,0.00,0.00,0.00,0.00,0.00",,0.00,0.05,,
free maps tools calculator,,0,"0.00,0.00,0.00,0.00,0.00,0.00,0.00,0.00,0.00,0.00,0.00,0.00",,0.00,0.00,,
free running map calorie calculator,,0,"0.00,0.00,0.00,0.00,0.00,0.00,0.00,0.00,0.00,0.00,0.00,0.00",,0.00,0.00,,
free solar panel calculator map,,0,"0.00,0.00,0.00,0.00,0.00,0.00,0.00,0.00",,0.00,0.00,,
free toll calculator google maps,,0,"0.00,0.00,0.00,0.00,0.00,0.00,0.00,0.00,0.00,0.00,0.00,0.00",,0.00,0.00,,
fresnel zone calculator google maps,,0,"0.00,0.00,0.00,0.00,0.00,0.00,0.00,0.00,0.00,0.00,0.00,0.00",,0.00,0.00,,
fresnel zone calculator map,,0,"0.00,0.00,0.00,0.00,0.00,0.00,0.00,0.00,0.00,0.00,0.00,0.00",,0.00,0.00,,
from k map to boolean algebra calculator,,0,"0.00,0.00,0.00,0.00,0.00,0.00,0.00,0.00,0.00,0.00,0.00,0.00",,0.00,0.00,,
from this data calculate the map distance,,0,"0.00,0.00,0.00,0.00,0.00,0.00,0.00,0.00,0.00,0.00,0.00,0.00",,0.00,0.00,,
from this data calculate the map distance bet,,0,"0.00,0.00,0.00,0.00,0.00,0.00,0.00,0.00,0.00,0.00,0.00,0.00",,0.00,0.00,,
from this data calculate the map distance bet chegg,,0,"0.00,0.00,0.00,0.00,0.00,0.00,0.00,0.00,0.00,0.00,0.00,0.00",,0.00,0.00,,
fsa maps to calculate acres,,0,"0.00,0.00,0.00,0.00,0.00,0.00,0.00,0.00,0.00,0.00,0.00,0.00",,0.00,0.00,,
fsa maps to calculator,,0,"0.00,0.00,0.00,0.00,0.00,0.00,0.00,0.00,0.00,0.00,0.00,0.00",,0.00,0.00,,
fuel consumption calculator google maps,,0,"0.00,0.00,0.00,0.00,0.00,0.00,0.00,0.00,0.00,0.00,0.00,0.00",,0.00,0.00,,
fuel economy calculator map,,0,"0.00,0.00,0.00,0.00,0.00,0.00,0.00,0.00,0.00,0.00,0.00,0.00",,0.00,0.00,,
g map pace calculator,,0,"0.00,0.00,0.00,0.00,0.00,0.00,0.00,0.00,0.00,0.00,0.00,0.00",,0.00,0.00,,
galactic map calculator,,0,"0.00,0.00,0.00,0.00,0.00,0.00,0.00,0.00,0.00,0.00,0.00,0.00",,0.00,0.00,,
garmin 94st route calculation error maps do not have routable,,0,"0.00,0.00,0.00,0.00,0.00,0.00,0.00,0.00,0.00,0.00,0.00,0.00",,0.00,0.00,,
garmin route calculation error maps do not have routable roads,,0,"0.00,0.00,0.00,0.00,0.00,0.00,0.00,0.00,0.00,0.00,0.00,0.00",,0.00,0.00,,
gas calculator by map,,0,"0.00,0.00,0.00,0.00,0.00,0.00,0.00,0.00,0.00,0.00,0.00,0.00",,0.00,0.00,,
gas calculator google maps canada,,0,"0.00,0.00,0.00,0.00,0.00,0.00,0.00,0.00,0.00,0.00,0.00,0.00",,0.00,0.00,,
gas calculator map google,,0,"0.00,0.00,0.00,0.00,0.00,0.00,0.00,0.00,0.00,0.00,0.00,0.00",,0.00,0.00,,
gas mileage calculator map,,0,"0.00,0.00,0.00,0.00,0.00,0.00,0.00,0.00,0.00,0.00,0.00,0.00",,0.00,0.00,,
gas mileage map calculator,,0,"0.00,0.00,0.00,0.00,0.00,0.00,0.00,0.00,0.00,0.00,0.00,0.00",,0.00,0.00,,
gas price calculator google maps,,0,"0.00,0.00,0.00,0.00,0.00,0.00,0.00,0.00,0.00,0.00,0.00,0.00",,0.00,0.00,,
gas price calculator on google maps,,0,"0.00,0.00,0.00,0.00,0.00,0.00,0.00,0.00,0.00,0.00,0.00,0.00",,0.00,0.00,,
gas refill map calculator,,0,"0.00,0.00,0.00,0.00,0.00,0.00,0.00,0.00,0.00,0.00,0.00,0.00",,0.00,0.00,,
gause map calculator,,0,"0.00,0.00,0.00,0.00,0.00,0.00,0.00,0.00,0.00,0.00,0.00,0.00",,0.00,0.00,,
gauss map calculator,,0,"0.00,0.00,0.00,0.00,0.00,0.00,0.00,0.00,0.00,0.00,0.00,0.00",,0.00,0.00,,
gb per map slot calculation,,0,"0.00,0.00,0.00,0.00,0.00,0.00,0.00,0.00,0.00,0.00,0.00,0.00",,0.00,0.00,,
gb per map slot calculation map reduce counters,,0,"0.00,0.00,0.00,0.00,0.00,0.00,0.00,0.00,0.00,0.00,0.00,0.00",,0.00,0.00,,
gedmatch map projects calculator,,0,"0.00,0.00,0.00,0.00,0.00,0.00,0.00,0.00,0.00,0.00,0.00,0.00",,0.00,0.00,,
gene map unit calculator,,0,"0.00,0.00,0.00,0.00,0.00,0.00,0.00,0.00,0.00,0.00,0.00,0.00",,0.00,0.00,,
gene mapping calculations,,0,"0.00,0.00,0.00,0.00,0.00,0.00,0.00,0.00,0.00,0.00,0.00,0.00",,0.00,0.00,,
genetic linkage map calculation,,0,"0.00,0.00,0.00,0.00,0.00,0.00,0.00,0.00,0.00,0.00,0.00,0.00",,0.00,0.00,,
genetic map positions calculate,,0,"0.00,0.00,0.00,0.00,0.00,0.00,0.00,0.00,0.00,0.00,0.00,0.00",,0.00,0.00,,
genetic map units calculations,,0,"0.00,0.00,0.00,0.00,0.00,0.00,0.00,0.00,0.00,0.00,0.00,0.00",,0.00,0.00,,
genetic mapping problems calculating distances,,0,"0.00,0.00,0.00,0.00,0.00,0.00,0.00,0.00,0.00,0.00,0.00,0.00",,0.00,0.00,,
genetic mapping units distance calculator,,0,"0.00,0.00,0.00,0.00,0.00,0.00,0.00,0.00,0.00,0.00,0.00,0.00",,0.00,0.00,,
genetics calculation of the map distance between two genes,,0,"0.00,0.00,0.00,0.00,0.00,0.00,0.00,0.00,0.00,0.00,0.00,0.00",,0.00,0.00,,
geographic midpoint calculator map,,0,"0.00,0.00,0.00,0.00,0.00,0.00,0.00,0.00,0.00,0.00,0.00,0.00",,0.00,0.00,,
geography map work calculations,,0,"0.00,0.00,0.00,0.00,0.00,0.00,0.00,1.00,0.00,0.00,0.00,0.00",,0.00,0.00,,
geologic mapping calculations,,0,"0.00,0.00,0.00,0.00,0.00,0.00,0.00,0.00,0.00,0.00,0.00,0.00",,0.00,0.00,,
germany map distance calculator,,0,"0.00,0.00,0.00,0.00,0.00,0.00,0.00,0.00,0.00,0.00,0.00,0.00",,0.00,0.00,,
gibbs free energy calculation map,,0,"0.00,0.00,0.00,0.00,0.00,0.00,0.00,0.00,0.00,0.00,0.00,0.00",,0.00,0.00,,
give google maps api two locations and calculate distance between,,0,"0.00,0.00,0.00,0.00,0.00,0.00,0.00,0.00,0.00,0.00,0.00,0.00",,0.00,0.00,,
give google maps two locations and calculate distance between,,0,"0.00,0.00,0.00,0.00,0.00,0.00,0.00,0.00,0.00,0.00,0.00,0.00",,0.00,0.00,,
given forecast and actual information calculate mape,,0,"0.00,0.00,0.00,0.00,0.00,0.00,0.00,0.00,0.00,0.00,0.00,0.00",,0.00,0.00,,
global map distance calculator,,0,"0.00,1.00,0.00,0.00,0.00,0.00,0.00,0.00,0.00,0.00,0.00,0.00",,0.00,0.00,,
global rh map calculator,,0,"0.00,0.00,0.00,0.00,0.00,0.00,0.00,0.00,0.00,0.00,0.00,0.00",,0.00,0.00,,
globalrph map calculator,,0,"0.00,0.00,0.00,0.00,0.00,0.00,0.00,0.00,0.00,0.00,0.00,0.00",,0.00,0.00,,
goa map distance calculator,,0,"0.00,0.00,0.00,0.00,0.00,0.00,0.00,0.00,0.00,0.00,0.00,0.00",,0.00,0.00,,
goggle maps area calculator tool,,0,"0.00,0.00,0.00,0.00,0.00,0.00,0.00,0.00,0.00,0.00,0.00,0.00",,0.00,0.00,,
gogle maps area calculator,,0,"0.00,0.00,0.00,0.00,0.00,0.00,0.00,0.00,0.00,0.00,0.00,0.00",,0.00,0.00,,
golden hour calculator map,,0,"0.00,0.00,0.00,0.00,0.00,0.00,0.00,0.00,0.00,0.00,0.00,0.00",,0.00,0.00,,
golf course distance calculator map,,0,"0.00,0.00,0.00,0.00,0.00,0.00,0.00,0.00,0.00,0.00,0.00,0.00",,0.00,0.00,,
googe map developers distance calculator,,0,"0.00,0.00,0.00,0.00,0.00,0.00,0.00,0.00,0.00,0.00,0.00,0.00",,0.00,0.00,,
google acre calculator map,,0,"0.00,0.00,0.00,0.00,0.00,0.00,0.00,0.00,0.00,0.00,0.00,0.00",,0.00,0.00,,
google acre map calculator,,0,"0.00,0.00,0.00,0.00,0.00,0.00,0.00,0.00,0.00,0.00,0.00,0.00",,0.00,0.00,,
google acreage calculator map,,0,"0.00,0.00,0.00,0.00,0.00,0.00,0.00,0.00,0.00,0.00,0.00,0.00",,0.00,0.00,,
google area calculator map,,0,"0.00,0.00,0.00,0.00,0.00,0.00,0.00,0.00,0.00,0.00,0.00,0.00",,0.00,0.00,,
google area calculator using maps,,0,"0.00,0.00,0.00,0.00,0.00,0.00,0.00,0.00,0.00,0.00,0.00,0.00",,0.00,0.00,,
google area maps calculator tool,,0,"0.00,0.00,0.00,0.00,0.00,0.00,0.00,0.00,0.00,0.00,0.00,0.00",,0.00,0.00,,
google can't calculate map,,0,"0.00,0.00,0.00,0.00,0.00,0.00,0.00,0.00,0.00,0.00,0.00,0.00",,0.00,0.00,,
google cant calculate map,,0,"0.00,0.00,0.00,0.00,0.00,0.00,0.00,0.00,0.00,0.00,0.00,0.00",,0.00,0.00,,
google distance calculation maps,,0,"0.00,0.00,0.00,0.00,0.00,0.00,0.00,0.00,0.00,0.00,0.00,0.00",,0.00,0.00,,
google earth maps distance calculator,,0,"0.00,0.00,0.00,0.00,0.00,0.00,0.00,0.00,0.00,0.00,0.00,0.00",,0.00,0.00,,
google map 141 wilderwood dr distance calculator,,0,"0.00,0.00,0.00,0.00,0.00,0.00,0.00,0.00,0.00,0.00,0.00,0.00",,0.00,0.00,,
google map acre calculator,,0,"0.00,0.00,0.00,0.00,0.00,0.00,0.00,0.00,0.00,0.00,0.00,0.00",,0.40,0.05,,
google map angle calculator,,0,"0.00,0.00,0.00,0.00,0.00,0.00,0.00,0.00,0.00,0.00,0.00,0.00",,0.00,0.00,,
google map api calcul itineraire,,0,"0.00,0.00,0.00,0.00,0.00,0.00,0.00,0.00,0.00,0.00,0.00,0.00",,0.00,0.00,,
google map api calculate distance between two points,,0,"0.00,0.00,0.00,0.00,0.00,0.00,0.00,0.00,0.00,0.00,0.00,0.00",,0.00,0.04,,
google map api calculate distance between two points 2019,,0,"0.00,0.00,0.00,0.00,0.00,0.00,0.00,0.00,0.00,0.00,0.00,0.00",,0.00,0.00,,
google map api distance calculation,,0,"0.00,0.00,0.00,0.00,0.00,0.00,0.00,0.00,0.00,0.00,0.00,0.00",,0.00,0.00,,
google map api distance calculator example,,0,"0.00,0.00,0.00,0.00,0.00,0.00,0.00,0.00,0.00,0.00,0.00,0.00",,0.00,0.00,,
google map api distance calculator php,,0,"0.00,0.00,0.00,0.00,0.00,0.00,0.00,0.00,0.00,0.00,0.00,0.00",,0.00,0.00,,
google map api for distance calculation plugin,,0,"0.00,0.00,0.00,0.00,0.00,0.00,0.00,0.00,0.00,0.00,0.00,0.00",,0.00,0.00,,
google map api for distance calculation plugin for taxi,,0,"0.00,0.00,0.00,0.00,0.00,0.00,0.00,0.00,0.00,0.00,0.00,0.00",,0.00,0.00,,
google map api pricing calculator,,0,"0.50,0.00,0.00,0.50,0.50,0.50,1.00,0.00,0.00,0.00,0.00,0.00",,2.17,0.09,,
google map api v3 calculate distance,,0,"0.00,0.00,0.00,0.00,0.00,0.00,0.00,0.00,0.00,0.00,0.00,0.00",,0.00,0.00,,
google map area and distance calculator,,0,"0.00,0.00,0.00,0.00,0.00,0.00,0.00,0.00,0.00,0.00,0.00,0.00",,0.00,0.00,,
google map area calculator api,,0,"0.00,0.00,0.00,0.00,0.00,0.00,0.00,0.00,0.00,0.00,0.00,0.00",,0.00,0.00,,
google map area calculator download,,0,"0.00,0.00,0.00,0.00,0.00,0.00,0.00,0.00,0.00,0.00,0.00,0.00",,0.00,0.00,,
google map area calculator tool,,0,"0.00,0.00,0.00,0.00,0.00,0.00,0.00,0.00,0.00,0.00,0.00,0.00",,0.40,0.03,,
google map bike distance calculator,,0,"0.00,0.00,0.00,0.00,0.00,0.00,0.00,0.00,0.00,0.00,0.00,0.00",,0.00,0.00,,
google map calcul d& 39,,0,"0.00,0.00,0.00,0.00,0.00,0.00,0.00,0.00,0.00,0.00,0.00,0.00",,0.00,0.00,,
google map calcul distance,,0,"0.00,0.00,0.00,0.00,0.00,0.00,0.00,0.00,0.00,0.00,0.00,0.00",,0.43,0.00,,
google map calcul itineraire pieton,,0,"0.00,0.00,0.00,0.00,0.00,0.00,0.00,0.00,0.00,0.00,0.00,0.00",,0.00,0.00,,
google map calcul itinéraire,,0,"0.00,0.00,0.00,0.00,0.00,0.00,0.00,0.00,0.00,0.00,0.00,0.00",,0.00,0.00,,
google map calcul surface,,0,"0.00,0.00,0.00,0.00,0.00,0.00",,0.00,0.00,,
google map calcul temps de trajet,,0,"0.00,0.00,0.00,0.00,0.00,0.00,0.00,0.00,0.00,0.00,0.00,0.00",,0.00,0.00,,
google map calcul trajet,,0,"0.00,0.00,0.00,0.00,0.00,0.00,0.00,0.00,0.00,0.00,0.00,0.00",,0.00,0.00,,
google map calculate,,0,"0.00,0.00,0.00,0.00,0.00,0.00,0.00,0.00,0.00,0.00,0.00,0.00",,0.00,0.00,,
google map calculate area,,0,"0.00,0.00,0.00,0.00,0.00,0.00,0.00,0.00,0.00,0.00,0.00,0.00",,0.40,0.03,,
google map calculate bike speed,,0,"0.00,0.00,0.00,0.00,0.00,0.00,0.00,0.00,0.00,0.00,0.00,0.00",,0.00,0.00,,
google map calculate center point,,0,"0.00,0.00,0.00,0.00,0.00,0.00,0.00,0.00,0.00,0.00,0.00,0.00",,0.00,0.00,,
google map calculate distance between 2 points,,0,"0.00,0.00,0.00,0.00,0.00,0.00,0.00,0.00,0.00,0.00,0.00,0.00",,0.00,0.00,,
google map calculate distance between two points,,0,"0.00,0.00,0.00,0.00,0.00,0.00,0.00,0.00,0.00,0.00,0.00,0.00",,0.00,0.00,,
google map calculate distance between two points php,,0,"0.00,0.00,0.00,0.00,0.00,0.00,0.00,0.00,0.00,0.00,0.00,0.00",,0.00,0.00,,
google map calculate distance of path,,0,"0.00,0.00,0.00,0.00,0.00,0.00,0.00,0.00,0.00,0.00,0.00,0.00",,0.00,0.00,,
google map calculate fastest without traffic,,0,"0.00,0.00,0.00,0.00,0.00,0.00,0.00,0.00,0.00,0.00,0.00,0.00",,0.00,0.00,,
google map calculate tolls,,0,"0.00,0.00,0.00,0.00,0.00,0.00,0.00,0.00,0.00,0.00,0.00,0.00",,0.00,0.00,,
google map calculator distance,,0,"0.00,0.00,0.00,0.00,0.00,1.00,0.00,0.00,0.00,1.00,0.00,0.00",,0.43,0.00,,
google map calculator satellite,,0,"0.00,0.00,0.00,0.00,0.00,0.00,0.00,0.00,0.00,0.00",,0.00,0.00,,
google map calculator tool,,0,"0.00,0.00,0.00,0.00,0.00,0.00,1.00,0.00,0.00,0.00,0.00,0.00",,0.00,0.00,,
google map calculer distance entre deux points,,0,"0.00,0.00,0.00,0.00,0.00,0.00,0.00,0.00,0.00,0.00,0.00,0.00",,0.00,0.00,,
google map calculer un trajet,,0,"0.00,0.00,0.00,0.00,0.00,0.00,0.00,0.00,0.00,0.00,0.00,0.00",,0.00,0.00,,
google map calorie calculator,,0,"0.00,0.00,0.00,0.00,0.00,0.00,0.00,0.00,0.00,0.00,0.00,0.00",,0.00,0.00,,
google map can't calculate walking distance in hong kong,,0,"0.00,0.00,0.00,0.00,0.00,0.00,0.00,0.00,0.00,0.00,0.00,0.00",,0.00,0.00,,
google map can't calculate walking in hong kong,,0,"0.00,0.00,0.00,0.00,0.00,0.00,0.00,0.00,0.00,0.00,0.00,0.00",,0.00,0.00,,
google map carbon footprint calculator,,0,"0.00,0.00,0.00,0.00,0.00,0.00,0.00,0.00,0.00,0.00",,0.00,0.00,,
google map chennai distance calculator,,0,"0.00,0.00,0.00,0.00,0.00,0.00,0.00,0.00,0.00,0.00,0.00,0.00",,0.00,0.00,,
google map cost calculator,,0,"0.00,0.00,0.00,0.00,0.00,0.00,0.00,0.00,0.00,0.00,0.00,0.00",,0.00,0.02,,
google map delhi distance calculator,,0,"0.00,0.00,0.00,0.00,0.00,0.00,0.00,0.00,0.00,0.00,0.00,0.00",,0.00,0.00,,
google map distance calculation,,0,"0.00,0.00,0.00,0.00,0.00,0.00,0.00,0.00,0.00,0.00,0.00,0.00",,0.43,0.00,,
google map distance calculator kenya,,0,"0.00,0.00,0.00,0.00,0.00,0.00,0.00,0.00,0.00,0.00,0.00,0.00",,0.00,0.00,,
google map distance calculator mumbai,,0,"0.00,0.00,0.00,0.00,0.00,0.00,0.00,0.00,0.00,0.00,0.00,0.00",,0.00,0.00,,
google map distance calculator no spam,,0,"0.00,0.00,0.00,0.00,0.00,0.00,0.00,0.00,0.00,0.00,0.00,0.00",,0.00,0.00,,
google map distance calculator philippines,,0,"0.00,0.00,0.00,0.00,0.00,0.00,0.00,0.00,0.00,0.00,0.00,0.00",,0.00,0.00,,
google map distance calculator radius,,0,"0.00,0.00,0.00,0.00,0.00,0.00,0.00,0.00,0.00,0.00,0.00,0.00",,0.00,0.00,,
google map distance calculator usa,,0,"0.00,0.00,0.00,0.00,0.00,0.00,0.00,0.00,0.00,0.00,0.00,0.00",,0.00,0.00,,
google map distances calculator,,0,"0.00,0.00,0.00,0.00,0.00,0.00,0.00,0.00,0.00,0.00,0.00,0.00",,0.43,0.00,,
google map drive time calculator,,0,"0.00,0.00,0.00,0.00,0.00,0.00,0.00,0.00,0.00,0.00,0.00,0.00",,0.00,0.00,,
google map driving distance calculator mauritius,,0,"0.00,0.00,0.00,0.00,0.00,0.00,0.00,0.00,0.00,0.00,0.00,0.00",,0.00,0.00,,
google map for distance calculation,,0,"0.00,0.00,0.00,0.00,0.00,0.00,0.00,0.00,0.00,0.00,0.00,0.00",,0.43,0.00,,
google map how to calculate area,,0,"0.00,0.00,0.00,0.00,0.00,0.00,0.00,0.00,0.00,0.00,0.00,0.00",,0.00,0.00,,
google map karachi distance calculator,,0,"0.00,0.00,0.00,0.00,0.00,0.00,0.00,0.00,0.00,0.00,0.00,0.00",,0.00,0.00,,
google map km calculator,,0,"0.00,0.00,0.00,0.00,0.00,0.00,0.00,0.00,0.00,0.00,0.00,0.00",,0.00,0.00,,
google map land area calculator,,0,"0.00,0.00,0.00,0.00,0.00,0.00,0.00,0.00,0.00,0.00,0.00,0.00",,0.00,0.05,,
google map land size calculator,,0,"0.00,0.00,0.00,0.00,0.00,0.00,0.00,0.00,0.00,0.00,0.00,0.00",,0.00,0.00,,
google map length calculator,,0,"0.00,0.00,0.00,0.00,0.00,0.00,0.00,0.00,0.00,0.00,0.00,0.00",,0.00,0.00,,
google map long and lat calculation,,0,"0.00,0.00,0.00,0.00,0.00,0.00,0.00,0.00,0.00,0.00,0.00,0.00",,0.00,0.00,,
google map long and lat calculator,,0,"0.00,0.00,0.00,0.00,0.00,0.00,0.00,0.00,0.00,0.00,0.00,0.00",,0.00,0.00,,
google map midpoint calculator uk,,0,"0.00,0.00,0.00,0.00,0.00,0.00,0.00,0.00,0.00,0.00,0.00,0.00",,0.00,0.00,,
google map nz distance calculator,,0,"0.00,0.00,0.00,0.00,0.00,0.00,0.00,0.00,0.00,0.00,0.00,0.00",,0.00,0.00,,
google map perimeter calculator,,0,"0.00,0.00,0.00,0.00,0.00,0.00,0.00,0.00,0.00,0.00,0.00,0.00",,0.00,0.00,,
google map price calculator,,0,"0.00,0.00,0.00,0.00,0.00,0.00,0.00,0.00,0.00,0.00,0.00,0.00",,0.00,0.05,,
google map pricing calculator,,0,"0.00,0.00,0.00,0.00,1.00,1.00,0.00,0.00,0.00,0.00,0.00,0.00",,0.00,0.05,,
google map route distance calculator,,0,"0.00,0.00,0.00,0.00,0.00,0.00,0.00,0.00,0.00,0.00,0.00,0.00",,0.00,0.00,,
google map singapore mileage calculator,,0,"0.00,0.00,0.00,0.00,0.00,0.00,0.00,0.00,0.00,0.00,0.00,0.00",,0.00,0.00,,
google map size calculator,,0,"0.00,0.00,1.00,0.00,0.00,0.00,1.00,0.00,0.00,0.00,0.00,0.00",,0.00,0.02,,
google map sorry we could not calculate transit directions from,,0,"0.00,0.00,0.00,0.00,0.00,0.00,0.00,0.00,0.00,0.00,0.00,0.00",,0.00,0.00,,
google map speed calculation,,0,"0.00,0.00,0.00,0.00,0.00,1.00,0.00,0.00,0.00,0.00,0.00,0.00",,0.00,0.00,,
google map sq ft calculator,,0,"0.00,0.00,0.00,0.00,0.00,0.50,1.00,0.00,0.00,0.00,0.00,0.00",,0.00,0.03,,
google map sri lanka distance calculator,,0,"0.00,0.00,0.00,0.00,0.00,0.00,0.00,0.00,0.00,0.00,0.00,0.00",,0.00,0.00,,
google map straight line distance calculator,,0,"0.00,0.00,0.00,0.00,0.00,0.00,0.00,0.00,0.00,0.00,0.00,0.00",,0.00,0.00,,
google map surface area calculator,,0,"0.00,0.00,0.00,0.00,0.00,0.00,0.00,0.00,0.00,0.00,0.00,0.00",,0.00,0.00,,
google map taxi fare calculator,,0,"0.00,0.00,0.00,0.00,0.00,0.00,0.00,0.00,0.00,0.00,0.00,0.00",,0.00,0.00,,
google map time calculation,,0,"0.00,0.00,0.00,0.00,0.00,0.00,0.00,0.00,0.00,0.00,0.00,0.00",,0.00,0.00,,
google map to calculate distance,,0,"0.00,0.00,0.00,0.00,0.00,0.00,0.00,0.00,0.00,0.00,0.00,0.00",,0.43,0.00,,
google map with distance calculator,,0,"0.00,0.00,0.00,0.00,0.00,0.00,0.00,0.00,0.00,0.00,0.00,0.00",,0.43,0.00,,
google map with toll calculator,,0,"0.00,0.00,0.00,0.00,0.00,0.00,0.00,0.00,1.00,0.00,0.00,0.00",,0.00,0.00,,
google map won't calculate directions,,0,"0.00,0.00,0.00,0.00,0.00,0.00,0.00,0.00,0.00,0.00,0.00,0.00",,0.00,0.00,,
google map won't calculate distance,,0,"0.00,0.00,0.00,0.00,0.00,0.00,0.00,0.00,0.00,0.00,0.00,0.00",,0.00,0.00,,
google mapping area calculator tools,,0,"0.00,0.00,0.00,0.00,0.00,0.00,0.00,0.00,0.00,0.00,0.00,0.00",,0.00,0.00,,
google maps acre calculator scribbler,,0,"0.00,0.00,0.00,0.00,0.00,0.00,0.00,0.00,0.00,0.00,0.00,0.00",,0.00,0.00,,
google maps acreage calculator free,,0,"0.00,0.00,0.00",,0.00,0.00,,
google maps adds a fuel cost calculator,,0,"0.00,0.00,0.00,0.00,0.00,0.00,0.00,0.00,0.00,0.00,0.00,0.00",,0.00,0.00,,
google maps advanced distance calculator,,0,"0.00,0.00,0.00,0.00,0.00,0.00,0.00,0.00,0.00,0.00,0.00,0.00",,0.00,0.00,,
google maps air distance calculator,,0,"0.00,0.00,0.00,0.00,0.00,0.00,0.00,0.00,0.00,0.00,0.00,1.00",,0.00,0.00,,
google maps and distance calculator,,0,"0.00,0.00,0.00,0.00,0.00,0.00,0.00,0.00,1.00,0.00,0.00,0.00",,0.43,0.00,,
google maps api area calculator,,0,"0.00,0.00,0.00,0.00,0.00,0.00,0.00,0.00,0.00,0.00,0.00,0.00",,0.00,0.00,,
google maps api area calculator code,,0,"0.00,0.00,0.00,0.00,0.00,0.00,0.00,0.00,0.00,0.00,0.00,0.00",,0.00,0.00,,
google maps api calculate center,,0,"0.00,0.00,0.00,0.00,0.00,0.00,0.00,0.00,0.00,0.00,0.00,0.00",,0.00,0.00,,
google maps api calculate distance between 2 points,,0,"0.00,0.00,0.00,0.00,0.00,0.00,0.00,0.00,0.00,0.00,0.00,0.00",,0.00,0.00,,
google maps api calculate distance between points,,0,"0.00,0.00,0.00,0.00,0.00,0.00,0.00,0.00,0.00,0.00,0.00,0.00",,0.00,0.00,,
google maps api calculate distance between two cities,,0,"0.00,0.00,0.00,0.00,0.00,0.00,0.00,0.00,0.00,0.00,0.00,0.00",,0.00,0.00,,
google maps api calculate distance between two markers,,0,"0.00,0.00,0.00,0.00,0.00,0.00,0.00,0.00,0.00,0.00,0.00,0.00",,0.00,0.00,,
google maps api calculate distance between two points android,,0,"0.00,0.00,0.00,0.00,0.00,0.00,0.00,0.00,0.00,0.00,0.00,0.00",,0.00,0.00,,
google maps api calculate distance between two points c,,0,"0.00,0.00,0.00,0.00,0.00,0.00,0.00,0.00,0.00,0.00,0.00,0.00",,0.00,0.00,,
google maps api calculate distance between two points c#,,0,"0.00,0.00,0.00,0.00,0.00,0.00,0.00,0.00,0.00,0.00,0.00,0.00",,0.00,0.00,,
google maps api calculate distance between two points java,,0,"0.00,0.00,0.00,0.00,0.00,0.00,0.00,0.00,0.00,0.00,0.00,0.00",,0.00,0.00,,
google maps api calculate distance between two postcodes,,0,"0.00,0.00,0.00,0.00,0.00,0.00,0.00,0.00,0.00,0.00,0.00,0.00",,0.00,0.00,,
google maps api calculate distance between two zip codes,,0,"0.00,0.00,0.00,0.00,0.00,0.00,0.00,0.00,0.00,0.00,0.00,0.00",,0.00,0.00,,
google maps api calculate distance c,,0,"0.00,0.00,0.00,0.00,0.00,0.00,0.00,0.00,0.00,0.00,0.00,0.00",,0.00,0.00,,
google maps api calculate distance c#,,0,"0.00,0.00,0.00,0.00,0.00,0.00,0.00,0.00,0.00,0.00,0.00,0.00",,0.00,0.00,,
google maps api calculate distance java,,0,"0.00,0.00,0.00,0.00,0.00,0.00,0.00,0.00,0.00,0.00,0.00,0.00",,0.00,0.00,,
google maps api calculate distance multiple locations,,0,"0.00,0.00,0.00,0.00,0.00,0.00,0.00,0.00,0.00,0.00,0.00,0.00",,0.00,0.00,,
google maps api calculate drive time,,0,"0.00,0.00,0.00,0.00,0.00,0.00,0.00,0.00,0.00,0.00,0.00,0.00",,0.00,0.00,,
google maps api calculate route time,,0,"0.00,0.00,0.00,0.00,0.00,0.00,0.00,0.00,0.00,0.00,0.00,0.00",,0.00,0.00,,
google maps api calculate speed,,0,"0.00,0.00,0.00,0.00,0.00,0.00,0.00,0.00,0.00,0.00,0.00,0.00",,0.00,0.00,,
google maps api calculate speed beetwin tow points,,0,"0.00,0.00,0.00,0.00,0.00,0.00,0.00,0.00,0.00,0.00,0.00,0.00",,0.00,0.00,,
google maps api calculate time between two points,,0,"0.00,0.00,0.00,0.00,0.00,0.00,0.00,0.00,0.00,0.00,0.00,0.00",,0.00,0.00,,
google maps api calculate zoom level,,0,"0.00,0.00,0.00,0.00,0.00,0.00,0.00,0.00,0.00,0.00,0.00,0.00",,0.00,0.00,,
google maps api distance calculator php,,0,"0.00,0.00,0.00,0.00,0.00,0.00,0.00,0.00,0.00,0.00,0.00,0.00",,0.00,0.00,,
google maps api distance calculator units,,0,"0.00,0.00,0.00,0.00,0.00,0.00,0.00,0.00,0.00,0.00,0.00,0.00",,0.00,0.00,,
google maps api distance matrix.calculate,,0,"0.00,0.00,0.00,0.00,0.00,0.00,0.00,0.00,0.00,0.00,0.00,0.00",,0.00,0.00,,
google maps api distance matrix.calculate rails,,0,"0.00,0.00,0.00,0.00,0.00,0.00,0.00,0.00,0.00,0.00,0.00,0.00",,0.00,0.00,,
google maps api distance matrix.calculate you must use api key,,0,"0.00,0.00,0.00,0.00,0.00,0.00,0.00,0.00,0.00,0.00,0.00,0.00",,0.00,0.00,,
google maps api driving distance calculator,,0,"0.00,0.00,0.00,0.00,0.00,0.00,0.00,0.00,0.00,0.00,0.00,0.00",,0.52,0.00,,
google maps api github calculate distance android,,0,"0.00,0.00,0.00,0.00,0.00,0.00,0.00,0.00,0.00,0.00,0.00,0.00",,0.00,0.00,,
google maps api how to calculate distance,,0,"0.00,0.00,0.00,0.00,0.00,0.00,0.00,0.00,0.00,0.00,0.00,0.00",,0.00,0.00,,
google maps api php calculate distance,,0,"0.00,0.00,0.00,0.00,0.00,0.00,0.00,0.00,0.00,0.00,0.00,0.00",,0.00,0.00,,
google maps api premium calculator,,0,"0.00,0.00,0.00,0.00,0.00,0.00,0.00,0.00,0.00,0.00,0.00,0.00",,0.00,0.00,,
google maps api pricing calculator uber,,0,"0.00,0.00,0.00,0.00,0.00,0.00,0.00,0.00,0.00,0.00,0.00,0.00",,0.00,0.00,,
google maps api pricing calculator uber cost,,0,"0.00,0.00,0.00,0.00,0.00,0.00,0.00,0.00,0.00,0.00,0.00,0.00",,0.00,0.00,,
google maps api tutorial routes distance calculation,,0,"0.00,0.00,0.00,0.00,0.00,0.00,0.00,0.00,0.00,0.00,0.00,0.00",,0.00,0.00,,
google maps api v3 calculate polygon area,,0,"0.00,0.00,0.00,0.00,0.00,0.00,0.00,0.00,0.00,0.00,0.00,0.00",,0.00,0.00,,
google maps app calculate distance,,0,"0.00,0.00,0.00,0.00,0.00,0.00,0.00,0.00,0.00,0.00,0.00,0.00",,0.00,0.00,,
google maps app to calculate distance,,0,"0.00,0.00,0.00,0.00,0.00,0.00,0.00,0.00,0.00,0.00,0.00,0.00",,0.00,0.00,,
google maps area calculation,,0,"0.00,0.00,0.00,0.00,0.00,0.00,0.00,0.00,0.00,0.00,0.00,0.00",,0.40,0.03,,
google maps area calculation tool,,0,"0.00,0.00,0.00,0.00,0.00,0.00,0.00,0.00,0.00,0.00,0.00,0.00",,0.00,0.00,,
google maps area calculation tool download,,0,"0.00,0.00,0.00,0.00,0.00,0.00,0.00,0.00,0.00,0.00,0.00,0.00",,0.00,0.00,,
google maps area calculator addon,,0,"0.00,0.00,0.00,0.00,0.00,0.00,0.00,0.00,0.00,0.00,0.00,0.00",,0.00,0.00,,
google maps area calculator android,,0,"0.00,0.00,0.00,0.00,0.00,0.00,0.00,0.00,0.00,0.00,0.00,0.00",,0.00,0.00,,
google maps area calculator api,,0,"0.00,0.00,0.00,0.00,0.00,0.00,0.00,0.00,0.00,0.00,0.00,0.00",,0.00,0.00,,
google maps area calculator code,,0,"0.00,0.00,0.00,0.00,0.00,0.00,0.00,0.00,0.00,0.00,0.00,0.00",,0.00,0.00,,
google maps area calculator free,,0,"0.00,0.00,0.00,0.00,0.00,0.00,0.00,0.00,0.00,0.00,0.00,0.00",,0.00,0.00,,
google maps area calculator tool download,,0,"0.00,0.00,0.00,0.00,0.00,0.00,0.00,0.00,0.00,0.00,0.00,0.00",,0.00,0.00,,
google maps area calculator tool-daft logic,,0,"0.00,0.00,0.00,0.00,0.00,0.00,0.00,0.00,0.00,0.00,0.00,0.00",,0.00,0.00,,
google maps area calculator tools,,0,"0.00,0.00,0.00,0.00,0.00,0.00,0.00,0.00,0.00,0.00,0.00,0.00",,0.40,0.03,,
google maps area calculator uk,,0,"0.00,0.00,0.00,0.00,0.00,0.00,0.00,0.00,0.00,0.00,0.00,0.00",,0.00,0.00,,
google maps as the crow flies calculator,,0,"0.00,0.00,0.00,0.00,0.00,0.00,0.00,0.00,0.00,0.00,0.00,0.00",,0.00,0.00,,
google maps australia distance calculator,,0,"0.00,0.00,0.00,0.00,0.00,0.00,0.00,0.00,0.00,0.00,0.00,0.00",,0.00,0.00,,
google maps bike distance calculator,,0,"0.00,0.00,0.00,0.00,0.00,0.00,0.00,0.00,0.00,1.00,1.00,0.00",,0.00,0.00,,
google maps bike time calculation,,0,"0.00,0.00,0.00,0.00,0.00,0.00,0.00,0.00,0.00,0.00,0.00,0.00",,0.00,0.00,,
google maps block size calculator,,0,"0.00,0.00,0.00,0.00,0.00,0.00,0.00,0.00,0.00,0.00,0.00,0.00",,0.00,0.00,,
google maps calcul d& 39,,0,"0.00,0.00,0.00,0.00,0.00,0.00,0.00,0.00,0.00,0.00,0.00,0.00",,0.00,0.00,,
google maps calcul itinéraire voiture,,0,"0.00,0.00,0.00,0.00,0.00,0.00,0.00,0.00,0.00,0.00,0.00,0.00",,0.00,0.00,,
google maps calcul surface,,0,"0.00,0.00,0.00,0.00,0.00,1.00,0.00,0.00,0.00,0.00,0.00,0.00",,0.00,0.00,,
google maps calcul vol d& 39,,0,"0.00,0.00,0.00,0.00,0.00,0.00,0.00,0.00,0.00,0.00,0.00,0.00",,0.00,0.00,,
google maps calcula devagar,,0,"0.00,0.00,0.00,0.00,0.00,0.00,0.00,0.00,0.00,0.00,0.00,0.00",,0.00,0.00,,
google maps calcular distancia entre dois pontos,,0,"0.00,0.00,0.00,0.00,0.00,0.00,0.00,0.00,0.00,0.00,0.00,0.00",,0.00,0.00,,
google maps calcular distancias,,0,"0.00,0.00,0.00,0.00,0.00,0.00,0.00,0.00,1.00,0.00,0.00,0.00",,0.00,0.00,,
google maps calcular gasolina,,0,"0.00,0.00,0.00,0.00,0.00,0.00,0.00,0.00,0.00,0.00,0.00,0.00",,0.00,0.00,,
google maps calcular km,,0,"0.00,0.00,0.00",,0.00,0.00,,
google maps calcular ruta,,0,"0.00,0.00,0.00,0.00,0.00,0.00,0.00,0.00,0.00,0.00,0.00,0.00",,0.00,0.00,,
google maps calcular ruta coche,,0,"0.00,0.00,0.00,0.00,0.00,0.00,0.00,0.00,0.00,0.00",,0.00,0.00,,
google maps calculate altitude,,0,"0.00,0.00,0.00,0.00,0.00,0.00,0.00,0.00,0.00,0.00,0.00,0.00",,0.00,0.00,,
google maps calculate altitude from which image was made,,0,"0.00,0.00,0.00,0.00,0.00,0.00,0.00,0.00,0.00,0.00,0.00,0.00",,0.00,0.00,,
google maps calculate angle,,0,"0.00,0.00,0.00,0.00,0.00,0.00,0.00,0.00,0.00,0.00,0.00,0.00",,0.00,0.00,,
google maps calculate area of heatmap,,0,"0.00,0.00,0.00,0.00,0.00,0.00,0.00,0.00,0.00,0.00,0.00,0.00",,0.00,0.00,,
google maps calculate azimuth between two cities,,0,"0.00,0.00,0.00,0.00,0.00,0.00,0.00,0.00,0.00,0.00,0.00,0.00",,0.00,0.00,,
google maps calculate best route between 2 points,,0,"0.00,0.00,0.00,0.00,0.00,0.00,0.00,0.00,0.00,0.00,0.00,0.00",,0.00,0.00,,
google maps calculate center of list of coordinates,,0,"0.00,0.00,0.00,0.00,0.00,0.00,0.00,0.00,0.00,0.00,0.00,0.00",,0.00,0.00,,
google maps calculate center of polygon,,0,"0.00,0.00,0.00,0.00,0.00,0.00,0.00,0.00,0.00,0.00,0.00,0.00",,0.00,0.00,,
google maps calculate center point,,0,"0.00,0.00,0.00,0.00,0.00,0.00,0.00,0.00,0.00,0.00,0.00,0.00",,0.00,0.00,,
google maps calculate directions out or range,,0,"0.00,0.00,0.00,0.00,0.00,0.00,0.00,0.00,0.00,0.00,0.00,0.00",,0.00,0.00,,
google maps calculate distance between 2 locations android tutorials,,0,"0.00,0.00,0.00,0.00,0.00,0.00,0.00,0.00,0.00,0.00,0.00,0.00",,0.00,0.00,,
google maps calculate distance between 2 postcodes,,0,"0.00,0.00,0.00,0.00,0.00,0.00,0.00,0.00,0.00,0.00,0.00,0.00",,0.00,0.00,,
google maps calculate distance between cities,,0,"0.00,0.00,0.00,0.00,0.00,0.00,0.00,0.00,0.00,0.00,0.00,0.00",,0.00,0.00,,
google maps calculate distance between coordinates,,0,"0.00,0.00,0.00,0.00,0.00,0.00,0.00,0.00,0.00,0.00,0.00,0.00",,0.00,0.00,,
google maps calculate distance between two points android,,0,"0.00,0.00,0.00,0.00,0.00,0.00,0.00,0.00,0.00,0.00,0.00,0.00",,0.00,0.00,,
google maps calculate distance between two points react native,,0,"0.00,0.00,0.00,0.00,0.00,0.00,0.00,0.00,0.00,0.00,0.00,0.00",,0.00,0.00,,
google maps calculate distance between zip codes,,0,"0.00,0.00,0.00,0.00,0.00,0.00,0.00,0.00,0.00,0.00,0.00,0.00",,0.00,0.00,,
google maps calculate distance from markers,,0,"0.00,0.00,0.00,0.00,0.00,0.00,0.00,0.00,0.00,0.00,0.00,0.00",,0.00,0.00,,
google maps calculate distance javascript,,0,"0.00,0.00,0.00,0.50,0.00,1.00,0.00,0.50,0.00,0.00,0.00,0.00",,0.00,0.00,,
google maps calculate distance php,,0,"0.00,0.00,0.00,0.00,0.00,0.00,0.00,0.00,0.00,0.00,0.00,0.00",,0.00,0.00,,
google maps calculate distance polyline,,0,"0.00,0.00,0.00,0.00,0.00,0.00,0.00,0.00,0.00,0.00,0.00,0.00",,0.00,0.00,,
google maps calculate distance rount,,0,"0.00,0.00,0.00,0.00,0.00,0.00,0.00,0.00,0.00,0.00,0.00,0.00",,0.00,0.00,,
google maps calculate distance route,,0,"0.00,0.00,0.00,0.00,0.00,0.00,0.00,0.00,0.00,0.00,0.00,0.00",,0.00,0.00,,
google maps calculate distance tool,,0,"0.00,0.00,0.00,0.00,0.00,0.00,0.00,0.00,0.00,0.00,0.00,0.00",,0.00,0.00,,
google maps calculate driving distance between two cities,,0,"0.00,0.00,0.00,0.00,0.00,0.00,0.00,0.00,0.00,0.00,0.00,0.00",,0.00,0.00,,
google maps calculate elevation,,0,"1.00,0.00,0.00,0.00,0.00",,0.00,0.00,,
google maps calculate elevation gain,,0,"0.00,0.00,0.00,0.00,0.00,0.00,0.00,0.00,0.00,0.00,0.00,0.00",,0.00,0.00,,
google maps calculate entire tolls,,0,"0.00,0.00,0.00,0.00,0.00,0.00,0.00,0.00,0.00,0.00,0.00,0.00",,0.00,0.00,,
google maps calculate fastest without traffic,,0,"0.00,0.00,0.00,0.00,0.00,0.00,0.00,0.00,0.00,0.00,0.00,0.00",,0.00,0.00,,
google maps calculate gas mileage,,0,"0.00,0.00,0.00,0.00,0.00,0.00,0.00,0.00,0.00,0.00,0.00,0.00",,0.00,0.00,,
google maps calculate gas price,,0,"0.00,0.00,0.00,0.00,0.00,0.00,0.00,0.00,0.00,0.00,0.00,0.00",,0.00,0.00,,
google maps calculate halfway point,,0,"0.00,0.00,0.00,0.00,0.00,0.00,0.00,0.00,0.00,0.00,0.00,0.00",,0.00,0.00,,
google maps calculate height,,0,"0.00,0.00,0.00,0.00,0.00,0.00,0.00,0.00,0.00,0.00,0.00,0.00",,0.00,0.00,,
google maps calculate leaving at different times,,0,"0.00,0.00,0.00,0.00,0.00,0.00,0.00,0.00,0.00,0.00,0.00,0.00",,0.00,0.00,,
google maps calculate midpoint,,0,"0.00,0.00,0.00,0.00,0.00,0.00,0.00,0.00,0.00,0.00,0.00,0.00",,0.00,0.00,,
google maps calculate mileage between cities,,0,"0.00,0.00,0.00,0.00,0.00,0.00,0.00,0.00,0.00,0.00,0.00,0.00",,0.00,0.00,,
google maps calculate rectangle area,,0,"0.00,0.00,0.00,0.00,0.00,0.00,0.00,0.00,0.00,0.00,0.00,0.00",,0.00,0.00,,
google maps calculate route length,,0,"0.00,0.00,0.00,0.00,0.00,0.00,0.00,0.00,0.00,0.00,0.00,0.00",,0.00,0.00,,
google maps calculate route typical traffic,,0,"0.00,0.00,0.00,0.00,0.00,0.00,0.00,0.00,0.00,0.00,0.00,0.00",,0.00,0.00,,
google maps calculate route without road closings,,0,"0.00,0.00,0.00,0.00,0.00,0.00,0.00,0.00,0.00,0.00,0.00,0.00",,0.00,0.00,,
google maps calculate shortest distance,,0,"0.00,0.00,0.00,0.00,0.00,0.00,0.00,0.00,0.00,0.00,0.00,0.00",,0.00,0.00,,
google maps calculate shortest route,,0,"0.00,0.00,0.00,0.00,0.00,0.00,0.00,0.00,0.00,0.00,0.00,0.00",,0.00,0.00,,
google maps calculate straight line distance,,0,"0.00,0.00,0.00,0.00,0.00,0.00,0.00,0.00,0.00,0.00,0.00,0.00",,0.00,0.00,,
google maps calculate time rush hour,,0,"0.00,0.00,0.00,0.00,0.00,0.00,0.00,0.00,0.00,0.00,0.00,0.00",,0.00,0.00,,
google maps calculate time to leave,,0,"0.00,0.00,0.00,0.00,0.00,0.00,0.00,0.00,0.00,0.00,0.00,0.00",,0.00,0.00,,
google maps calculate time with traffic,,0,"0.00,1.00,0.00,0.00,1.00,0.00,0.00,0.00,0.00,0.00,0.00,0.00",,0.00,0.00,,
google maps calculate time without traffic,,0,"0.00,0.00,0.00,0.00,0.00,0.00,0.00,0.00,0.00,0.00,0.00,0.00",,0.00,0.00,,
google maps calculate toll,,0,"0.00,0.00,0.00,0.00,0.00,0.00,0.00,0.00,0.00,0.00,0.00,0.00",,0.00,0.00,,
google maps calculate toll amount,,0,"0.00,0.00,0.00,0.00,0.00,0.00,0.00,0.00,0.00,0.00,0.00,0.00",,0.00,0.00,,
google maps calculate toll cost,,0,"0.00,0.00,0.00,0.00,0.00,0.00,0.00,0.00,0.00,0.00,0.00,0.00",,0.00,0.00,,
google maps calculate trip cost,,0,"0.00,0.00,0.00,0.00,0.00,0.00,0.00,0.00,0.00,0.00,0.00,0.00",,0.00,0.00,,
google maps calculate walking speed,,0,"0.00,0.00,0.00,0.00,0.00,0.00,0.00,0.00,0.00,0.00,0.00,0.00",,0.00,0.00,,
google maps calculates traffic by tracking,,0,"0.00,0.00,0.00,0.00,0.00,0.00,0.00,0.00,0.00,0.00,0.00,0.00",,0.00,0.00,,
google maps calculating distance,,0,"0.00,0.00,0.00,0.00,0.00,0.00,0.00,0.00,0.00,0.00,0.00,0.00",,0.43,0.00,,
google maps calculation,,0,"0.00,0.00,0.00,0.00,0.00,0.00,0.00,0.00,0.00,0.00,0.00,0.00",,0.00,0.00,,
google maps calculations wrong,,0,"0.00,0.00,0.00,0.00,0.00,0.00,0.00,0.00,0.00,0.00,0.00,0.00",,0.00,0.00,,
google maps calculator area,,0,"0.00,0.00,0.00,0.00,0.00,0.00,0.00,0.00,0.00,0.00,0.00,0.00",,0.40,0.03,,
google maps calculator distance,,0,"0.00,0.00,0.00,0.00,0.00,0.00,0.00,0.00,0.00,0.00,0.00,0.00",,0.43,0.00,,
google maps calculator toll,,0,"0.00,0.00,0.00,0.00,0.00,0.00,0.00,0.00,0.00,0.00,0.00,0.00",,0.00,0.00,,
google maps calculer un itinéraire,,0,"0.00,0.00,0.00,0.00,0.00,0.00,0.00,0.00,0.00,0.00,0.00,0.00",,0.00,0.00,,
google maps camera calculator,,0,"0.00,0.00,0.00,1.00,0.00,0.00,0.00,0.00,0.00,0.00,0.00,1.00",,0.00,0.00,,
google maps can t calculate directions,,0,"0.00,0.00,0.00,0.00,0.00,0.00,0.00,0.00,0.00,0.00,0.00,0.00",,0.00,0.00,,
google maps can't calculate directions from canada,,0,"0.00,0.00,0.00,0.00,0.00,0.00,0.00,0.00,0.00,0.00,0.00,0.00",,0.00,0.00,,
google maps canada distance calculator,,0,"0.00,1.00,0.00,0.00,0.00,1.00,0.00,0.00,0.00,0.00,0.00,0.00",,0.00,0.00,,
google maps cannot calculate directions,,0,"0.00,0.00,0.00,0.00,0.00,0.00,0.00,0.00,0.00,0.00,0.00,0.00",,0.00,0.00,,
google maps cannot calculate directions firefox,,0,"0.00,0.00,0.00,0.00,0.00,0.00,0.00,0.00,0.00,0.00,0.00,0.00",,0.00,0.00,,
google maps cannot calculate driving directions,,0,"0.00,0.00,0.00,0.00,0.00,0.00,0.00,0.00,0.00,0.00,0.00,0.00",,0.00,0.00,,
google maps cannot calculate route,,0,"0.00,0.00,0.00,0.00,0.00,0.00,0.00,0.00,0.00,0.00,0.00,0.00",,0.00,0.00,,
google maps cannot calculate transit directions,,0,"0.00,0.00,0.00,0.00,0.00,0.00,0.00,0.00,0.00,0.00,0.00,0.00",,0.00,0.00,,
google maps cannot not calculate transit directions,,0,"0.00,0.00,0.00,0.00,0.00,0.00,0.00,0.00,0.00,0.00,0.00,0.00",,0.00,0.00,,
google maps china calculate distance,,0,"1.00,0.00,0.00,0.00,0.00,0.00,0.00,0.00,0.00,0.00,0.00",,0.00,0.00,,
google maps circle radius miles calculations,,0,"0.00,0.00,0.00,0.00,0.00,0.00,0.00,0.00,0.00,0.00,0.00,0.00",,0.00,0.00,,
google maps code distance calculator,,0,"0.00,0.00,0.00,0.00,0.00,0.00,0.00,0.00,0.00,0.00,0.00,0.00",,0.00,0.00,,
google maps commute calculator,,0,"0.00,0.00,0.00,0.00,0.00,0.00,0.00,0.00,0.00,0.00,0.00,0.00",,0.00,0.00,,
google maps commute time calculator,,0,"0.00,0.00,0.00,0.00,0.00,0.00,0.00,0.00,0.00,0.00,0.00,0.00",,0.88,0.01,,
google maps could not calculate directions,,0,"0.00,0.00,0.00,0.00,0.00,0.00,0.00,0.00,0.00,0.00,0.00,0.00",,0.00,0.00,,
google maps could not calculate driving directions,,0,"0.00,0.00,0.00,0.00,0.00,0.00,0.00,0.00,0.00,0.00,0.00,0.00",,0.00,0.00,,
google maps could not calculate transit directions,,0,"0.00,0.00,0.00,0.00,0.00,0.00,0.00,0.00,0.00,0.00,0.00,0.00",,0.00,0.00,,
google maps could not calculate transit directions abu dhabi,,0,"0.00,0.00,0.00,0.00,0.00,0.00,0.00,0.00,0.00,0.00,0.00,0.00",,0.00,0.00,,
google maps credit calculator,,0,"0.00,0.00,0.00,0.00,0.00,0.00,0.00,0.00,0.00,0.00,0.00,0.00",,0.00,0.00,,
google maps data calculator,,0,"0.00,0.00,0.00,0.00,0.00,0.00,0.00,0.00,0.00,0.00,0.00,0.00",,0.00,0.00,,
google maps destination calculator,,0,"0.00,0.00,0.00,0.00,0.00,0.00,0.00,0.00,0.00,0.00,0.00,0.00",,0.00,0.00,,
google maps direct line distance calculator,,0,"0.00,0.00,0.00,0.00,0.00,0.00,0.00,0.00,0.00,0.00,0.00,0.00",,0.00,0.00,,
google maps directions and gas calculator,,0,"0.00,0.00,0.00,0.00,0.00,0.00,0.00,0.00,0.00,0.00,0.00,0.00",,0.00,0.00,,
google maps directions calculate distance,,0,"0.00,0.00,0.00,0.00,0.00,0.00,0.00,0.00,0.00,0.00,0.00,0.00",,0.00,0.00,,
google maps directions calculate distance total,,0,"0.00,0.00,0.00,0.00,0.00,0.00,0.00,0.00,0.00,0.00,0.00,0.00",,0.00,0.00,,
google maps distace calculator,,0,"0.00,0.00,0.00,0.00,0.00,0.00,0.00,0.00,0.00,0.00,0.00,0.00",,0.00,0.00,,
google maps distance & duration calculator google sheets,,0,"0.00,0.00,0.00,0.00,0.00,0.00,0.00,0.00,0.00,0.00,0.00,0.00",,0.00,0.00,,
google maps distance and area calculator,,0,"0.00,0.00,0.00,0.00,0.00,0.00,0.00,0.00,0.00,0.00,0.00,0.00",,0.00,0.00,,
google maps distance area calculator,,0,"0.00,0.00,0.00,0.00,0.00,0.00,0.00,0.00,0.00,0.00,0.00,0.00",,0.00,0.00,,
google maps distance between two points calculator,,0,"0.00,0.00,0.00,0.00,0.00,0.00,0.00,0.00,0.00,0.00,0.00,0.00",,0.00,0.00,,
google maps distance by road calculator,,0,"0.00,0.00,0.00,0.00,0.00,0.00,0.00,0.00,0.00,0.00,0.00,0.00",,0.00,0.00,,
google maps distance calcul ator,,0,"0.00,0.00,0.00,0.00,0.00,0.00,0.00,0.00,0.00,0.00,0.00,0.00",,0.00,0.00,,
google maps distance calculation accuracy,,0,"0.00,0.00,0.00",,0.00,0.00,,
google maps distance calculation api,,0,"0.00,0.00,0.00,0.00,0.00,0.00,0.00,0.00,0.00,0.00,0.00,0.00",,0.00,0.00,,
google maps distance calculator api puthon,,0,"0.00,0.00,0.00,0.00,0.00,0.00,0.00,0.00,0.00,0.00,0.00,0.00",,0.00,0.00,,
google maps distance calculator api v3,,0,"0.00,0.00,0.00,0.00,0.00,0.00,0.00,0.00,0.00,0.00,0.00,0.00",,0.00,0.00,,
google maps distance calculator changes,,0,"0.00,0.00,0.00,0.00,0.00,0.00,0.00,0.00,0.00,0.00,0.00,0.00",,0.00,0.00,,
google maps distance calculator crow flies,,0,"0.00,0.00,0.00,0.00,0.00,0.00,0.00,0.00,0.00,0.00,0.00,0.00",,0.00,0.00,,
google maps distance calculator driving direction sa,,0,"0.00,0.00,0.00,0.00,0.00,0.00,0.00,0.00,0.00,0.00,0.00,0.00",,0.00,0.00,,
google maps distance calculator dublin,,0,"0.00,0.00,0.00,0.00,0.00,0.00,0.00,0.00,0.00,0.00,0.00,0.00",,0.00,0.00,,
google maps distance calculator excel vba,,0,"0.00,0.00,0.00,0.00,0.00,0.00,0.00,0.00,0.00,0.00,0.00,0.00",,0.00,0.00,,
google maps distance calculator free download,,0,"0.00,0.00,0.00,0.00,0.00,0.00,0.00,0.00,0.00,0.00,0.00,0.00",,0.00,0.00,,
google maps distance calculator from list,,0,"1.00,0.00,0.00,0.00,0.00,0.00,0.00,0.00,0.00,0.00,0.00,0.00",,0.00,0.00,,
google maps distance calculator from list of addresses,,0,"1.00,0.00,0.00,0.00,0.00,0.00,0.00,0.00,0.00,0.00,0.00,0.00",,0.00,0.00,,
google maps distance calculator gratis,,0,"0.00,0.00,0.00,0.00,0.00,0.00,0.00,0.00,0.00,0.00,0.00,0.00",,0.00,0.00,,
google maps distance calculator in miles,,0,"0.00,0.00,0.00,0.00,0.00,0.00,0.00,0.00,0.00,0.00,0.00,0.00",,0.00,0.00,,
google maps distance calculator ireland,,0,"0.00,0.00,0.00,0.00,0.00,0.00,0.00,0.00,0.00,0.00,0.00,0.00",,0.00,0.00,,
google maps distance calculator malaysia,,0,"0.00,0.00,0.00,0.00,0.00,0.00,0.00,0.00,0.00,0.00,0.00,0.00",,0.00,0.00,,
google maps distance calculator nz,,0,"0.00,0.00,0.00,0.00,0.00,0.00,0.00,0.00,0.00,0.00,0.00,0.00",,0.00,0.00,,
google maps distance calculator ontario,,0,"0.00,0.00,0.00,0.00,0.00,0.00,0.00,0.00,0.00,0.00,0.00,0.00",,0.00,0.00,,
google maps distance calculator over water,,0,"0.00,0.00,0.00,0.00,0.00,0.00,0.00,0.00,0.00,0.00,0.00,0.00",,0.00,0.00,,
google maps distance calculator plugin,,0,"0.00,0.00,0.00,0.00,0.00,0.00,0.00,0.00,0.00,0.00,0.00,0.00",,0.00,0.00,,
google maps distance calculator points,,0,"0.00,0.00,0.00,0.00,0.00,0.00,0.00,0.00,0.00,0.00,0.00,0.00",,0.00,0.00,,
google maps distance calculator rate of speed,,0,"0.00,0.00,0.00,0.00,0.00,0.00,0.00,0.00,0.00,0.00,0.00,0.00",,0.00,0.00,,
google maps distance calculator roads,,0,"0.00,0.00,0.00,0.00,0.00,0.00,0.00,0.00,0.00,0.00,0.00,0.00",,0.00,0.00,,
google maps distance calculator sea,,0,"0.00,0.00,0.00,0.00,0.00,0.00,0.00,0.00,0.00,0.00,0.00,0.00",,0.00,0.00,,
google maps distance calculator south africa,,0,"0.00,0.00,0.00,0.00,0.00,0.00,0.00,0.00,0.00,0.00,0.00,0.00",,0.00,0.00,,
google maps distance calculator south australia,,0,"0.00,0.00,0.00,0.00,0.00,0.00,0.00,0.00,0.00,0.00,0.00,0.00",,0.00,0.00,,
google maps distance calculator sri lanka,,0,"0.00,0.00,0.00,0.00,0.00,0.00,0.00,0.00,0.00,0.00,0.00,0.00",,0.00,0.00,,
google maps distance calculator straight line,,0,"0.00,0.00,0.00,0.00,0.00,0.00,0.00,0.00,0.00,0.00,0.00,0.00",,0.00,0.00,,
google maps distance calculator uk running,,0,"0.00,0.00,0.00,0.00,0.00,0.00,0.00,0.00,0.00,0.00,0.00,0.00",,0.00,0.00,,
google maps distance calculator using excel,,0,"0.00,0.00,0.00,0.00,0.00,0.00,0.00,0.00,0.00,0.00,0.00,0.00",,0.00,0.00,,
google maps distance calculator using google maps api,,0,"0.00,0.00,0.00,0.00,0.00,0.00,0.00,0.00,0.00,0.00,0.00,0.00",,0.00,0.00,,
google maps distance calculator wordpress,,0,"0.00,0.00,0.00,0.00,0.00,0.00,0.00,0.00,0.00,0.00,0.00,0.00",,0.00,0.00,,
google maps distance measuring calculator,,0,"0.00,0.00,0.00,0.00,0.00,0.00,0.00,0.00,0.00,0.00,0.00,0.00",,0.00,0.00,,
google maps distance milage calculator,,0,"0.00,0.00,0.00,0.00,0.00,0.00,0.00,0.00,0.00,0.00,0.00,0.00",,0.00,0.00,,
google maps distance route calculator,,0,"0.00,0.00,0.00,0.00,0.00,0.00,0.00,0.00,0.00,0.00,0.00,0.00",,0.00,0.00,,
google maps distance-based price calculation,,0,"0.00,0.00,0.00,0.00,0.00,0.00,0.00,0.00,0.00,0.00,0.00,0.00",,0.00,0.00,,
google maps distance-based price calculation javascript,,0,"0.00,0.00,0.00,0.00,0.00,0.00,0.00,0.00,0.00,0.00,0.00,0.00",,0.00,0.00,,
google maps distance-based price calculation javasript,,0,"0.00,0.00,0.00,0.00,0.00,0.00,0.00,0.00,0.00,0.00,0.00,0.00",,0.00,0.00,,
google maps distances calculator,,0,"0.00,0.00,0.00,0.00,0.00,0.00,0.00,0.00,0.00,0.00,0.00,0.00",,0.43,0.00,,
google maps draw route calculate distance,,0,"0.00,0.00,0.00,0.00,0.00,0.00,0.00,0.00,0.00,0.00,0.00,0.00",,0.00,0.00,,
google maps drive time calculations,,0,"0.00,0.00,0.00,0.00,0.00,0.00,0.00,0.00,0.00,0.00,0.00,0.00",,0.00,0.00,,
google maps driving calculator,,0,"0.00,0.00,0.00,0.00,0.00,0.00,0.00,0.00,0.00,0.00,0.00,0.00",,0.00,0.00,,
google maps driving direction calculator,,0,"0.00,0.00,0.00,0.00,0.00,0.00,0.00,0.00,0.00,0.00,0.00,0.00",,0.00,0.00,,
google maps driving distance calculator api,,0,"0.00,0.00,0.00,0.00,1.00,0.00,0.50,0.50,0.00,0.00,0.00,0.00",,0.00,0.00,,
google maps driving distance calculator india,,0,"0.00,0.00,0.00,0.00,0.00,0.00,0.00,0.00,0.00,0.00,0.00,0.00",,0.00,0.00,,
google maps driving distance calculator malaysia,,0,"0.00,0.00,0.00,0.00,0.00,0.00,0.00,0.00,0.00,0.00,0.00,0.00",,0.00,0.00,,
google maps driving distance calculator nz,,0,"0.00,0.00,0.00,0.00,0.00,0.00,0.00,0.00,0.00,0.00,0.00,0.00",,0.00,0.00,,
google maps driving distance calculator pakistan,,0,"0.00,0.00,0.00,0.00,0.00,0.00,0.00,0.00,0.00,0.00,0.00,0.00",,0.00,0.00,,
google maps driving distance calculator singapore,,0,"0.00,0.00,0.00,0.00,0.00,0.00,0.00,0.00,0.00,0.00,0.00,0.00",,0.00,0.00,,
google maps driving distance calculator south africa,,0,"0.00,0.00,0.00,0.00,0.00,0.00,0.00,0.00,0.00,0.00,0.00,0.00",,0.00,0.00,,
google maps driving distance calculator uganda,,0,"0.00,0.00,0.00,0.00,0.00,0.00,0.00,0.00,0.00,0.00,0.00,0.00",,0.00,0.00,,
google maps driving distance calculator uk,,0,"0.00,0.00,0.00,0.00,0.00,0.00,0.00,0.00,0.00,0.00,0.00,0.00",,0.00,0.00,,
google maps error in calculating distances,,0,"0.00,0.00,0.00,0.00,0.00,0.00,0.00,0.00,0.00,0.00,0.00,0.00",,0.00,0.00,,
google maps flight distance calculator,,0,"0.00,0.00,0.00,0.00,0.00,0.00,0.00,0.00,0.00,0.00,0.00,0.00",,0.00,0.00,,
google maps fuel calculator gone,,0,"0.00,0.00,0.00,0.00,0.00,0.00,0.00,0.00,0.00,0.00,0.00,0.00",,0.00,0.00,,
google maps fuel cost calculator mpg,,0,"0.00,0.00,0.00,0.00,0.00,0.00,0.00,0.00,0.00,0.00,0.00,0.00",,0.00,0.00,,
google maps gas calculation,,0,"0.00,0.00,0.00,0.00,0.00,0.00,0.00,0.00,0.00,0.00,0.00,0.00",,0.00,0.00,,
google maps geometry calculate area examples,,0,"0.00,0.00,0.00,0.00,0.00,0.00,0.00,0.00,0.00,0.00,0.00,0.00",,0.00,0.00,,
google maps gps calculator,,0,"0.00,0.00,0.00,0.00,0.00,0.00,0.00,0.00,0.00,0.00,0.00,0.00",,0.00,0.00,,
google maps gps distance calculator,,0,"0.00,0.00,0.00,0.00,0.00,0.00,0.00,0.00,0.00,0.00,0.00,0.00",,0.00,0.00,,
google maps grade calculator,,0,"0.00,0.00,0.00,0.00,0.00,0.00,0.00,0.00,0.00,0.00,0.00,0.00",,0.00,0.00,,
google maps hazmat toll calculator,,0,"0.00,0.00,0.00,0.00,0.00,0.00,0.00,0.00,0.00,0.00,0.00,0.00",,0.00,0.00,,
google maps heading calculator,,0,"0.00,0.00,0.00,0.00,0.00,0.00,0.00,0.00,0.00,0.00,0.00,0.00",,0.00,0.00,,
google maps height calculator,,0,"0.00,0.00,0.00,0.00,0.00,0.00,0.00,0.00,0.00,0.00,0.00,0.00",,0.00,0.00,,
google maps hiking distance calculator,,0,"0.00,0.00,0.00,0.00,0.00,0.00,0.00,0.00,0.00,0.00,0.00,0.00",,0.00,0.00,,
google maps how are directions calculated,,0,"0.00,0.00,0.00,0.00,0.00,0.00,0.00,0.00,0.00,0.00,0.00,0.00",,0.00,0.00,,
google maps how is the route calculated,,0,"0.00,0.00,0.00,0.00,0.00,0.00,0.00,0.00,0.00,0.00,0.00,0.00",,0.00,0.00,,
google maps incline calculator,,0,"0.00,0.00,0.00,0.00,0.00,0.00,0.00,0.00,0.00,0.00,0.00,0.00",,0.00,0.00,,
google maps ireland area calculator,,0,"0.00,0.00,0.00,0.00,0.00,0.00,0.00,0.00,0.00,0.00,0.00,0.00",,0.00,0.00,,
google maps ireland distance calculator,,0,"0.00,0.00,0.00,0.00,0.00,0.00,0.00,0.00,0.00,0.00,0.00,0.00",,0.00,0.00,,
google maps javascript api v3 calculate distance,,0,"0.00,0.00,0.00,0.00,0.00,0.00,0.00,0.00,0.00,0.00,0.00,0.00",,0.00,0.00,,
google maps javascript pricing calculator,,0,"0.00,0.00,0.00,0.00,0.00,0.00,0.00,0.00,0.00,0.00,0.00,0.00",,0.00,0.00,,
google maps jogging calculator,,0,"0.00,0.00,0.00,0.00,0.00,0.00,0.00,0.00,0.00,0.00,0.00,0.00",,0.00,0.00,,
google maps journey calculator,,0,"0.00,0.00,0.00,0.00,0.00,0.00,0.00,0.00,0.00,0.00,0.00,0.00",,0.00,0.00,,
google maps journey cost calculator,,0,"0.00,0.00,0.00,0.00,0.00,0.00,0.00,0.00,0.00,0.00,0.00,0.00",,0.00,0.00,,
google maps journey time calculation,,0,"0.00,0.00,0.00,0.00,0.00,0.00,0.00,0.00,0.00,0.00,0.00,0.00",,0.00,0.00,,
google maps kilometre calculator,,0,"0.00,0.00,0.00,0.00,0.00,0.00,0.00,0.00,0.00,0.00,0.00,0.00",,0.00,0.00,,
google maps kms calculator,,0,"0.00,0.00,0.00,0.00,0.00,0.00,0.00,0.00,0.00,0.00,0.00,0.00",,0.00,0.00,,
google maps latitude longitude distance calculation,,0,"0.00,0.00,0.00,0.00,0.00,1.00,0.00,0.00,0.00,0.00,0.00,0.00",,0.00,0.00,,
google maps mileage calculator api,,0,"0.00,0.00,0.00,0.00,0.00,0.00,0.00,0.00,0.00,0.00,0.00,0.00",,0.00,0.00,,
google maps mileage calculator canada,,0,"0.00,1.00,0.00,0.00,0.00,1.00,0.00,0.00,0.00,0.00,0.00,0.00",,0.00,0.00,,
google maps mileage calculator free,,0,"0.00,0.00,0.00,0.00,0.00,0.00,0.00,0.00,0.00,0.00,0.00,0.00",,0.00,0.00,,
google maps mileage calculator web service api,,0,"0.00,0.00,0.00,0.00,0.00,0.00,0.00,0.00,0.00,0.00,0.00,0.00",,0.00,0.00,,
google maps mileage cost calculator,,0,"0.00,0.00,0.00,0.00,0.00,0.00,0.00,0.00,0.00,0.00,0.00,0.00",,0.00,0.00,,
google maps multiple distance calculator,,0,"0.00,0.00,0.00,0.00,0.00,0.00,0.00,0.00,0.00,0.00,0.00,0.00",,0.00,0.00,,
google maps nautical miles calculator,,0,"0.00,0.00,0.00,0.00,0.00,0.00,0.00,0.00,0.00,0.00,0.00,0.00",,0.00,0.00,,
google maps not able to calculate directions,,0,"0.00,0.00,0.00,0.00,0.00,0.00,0.00,0.00,0.00,0.00,0.00,0.00",,0.00,0.00,,
google maps not working chrome not calculating transit,,0,"0.00,0.00,0.00,0.00,0.00,0.00,0.00,0.00,0.00,0.00,0.00,0.00",,0.00,0.00,,
google maps nz distance calculator,,0,"0.00,0.00,0.00,0.00,0.00,0.00,0.00,0.00,0.00,0.00,0.00,0.00",,0.00,0.00,,
google maps of india distance calculator,,0,"0.00,0.00,0.00,0.00,0.00,0.00,0.00,0.00,0.00,0.00,0.00,0.00",,0.00,0.00,,
google maps off road distance calculator,,0,"0.00,0.00,0.00,0.00,0.00,0.00,0.00,0.00,0.00,0.00,0.00,0.00",,0.00,0.00,,
google maps orry we could not calculate transit directions from,,0,"0.00,0.00,0.00,0.00,0.00,0.00,0.00,0.00,0.00,0.00,0.00,0.00",,0.00,0.00,,
google maps own fuel cost calculator,,0,"0.00,0.00,0.00,0.00,0.00,0.00,0.00,0.00,0.00,0.00,0.00,0.00",,0.00,0.00,,
google maps paint to calculate area,,0,"0.00,0.00,0.00,0.00,0.00,0.00,0.00,0.00,0.00,0.00,0.00,0.00",,0.00,0.00,,
google maps panorama calculate zoom,,0,"0.00,0.00,0.00,0.00,0.00,0.00,0.00,0.00,0.00,0.00,0.00,0.00",,0.00,0.00,,
google maps pc not calculating distance,,0,"0.00,0.00,0.00,0.00,0.00,0.00,0.00,0.00,0.00,0.00,0.00,0.00",,0.00,0.00,,
google maps petrol cost calculator uk,,0,"0.00,0.00,0.00,0.00,0.00,0.00,0.00,0.00,0.00,0.00,0.00,0.00",,0.00,0.00,,
google maps planimeter calculate area on earth,,0,"0.00,0.00,0.00,0.00,1.00,1.00,0.00,0.00,0.00,0.00,0.00,0.00",,0.00,0.00,,
google maps planned trip calculator,,0,"0.00,0.00,0.00,0.00,0.00,0.00,0.00,0.00,0.00,0.00,0.00,0.00",,0.00,0.00,,
google maps polygon area calculator,,0,"0.00,0.00,0.00,0.00,0.00,0.00,0.00,0.00,0.00,0.00,0.00,0.00",,0.00,0.00,,
google maps polygon calculate area,,0,"0.00,0.00,0.00,0.00,0.00,0.00,0.00,0.00,0.00,0.00,0.00,0.00",,0.00,0.00,,
google maps polyline how to calculate distance to last point,,0,"0.00,0.00,0.00,0.00,0.00,0.00,0.00,0.00,0.00,0.00,0.00,0.00",,0.00,0.00,,
google maps population calculation,,0,"0.00,0.00,0.00,0.00,0.00,0.00,0.00,0.00,0.00,0.00,0.00,0.00",,0.00,0.00,,
google maps population calculator,,0,"0.00,0.00,0.00,0.00,0.00,0.00,0.00,0.00,0.00,0.00,0.00,0.00",,0.00,0.00,,
google maps premium plan calculator,,0,"0.00,0.00,0.00,0.00,0.00,0.00,0.00,0.00,0.00,0.00,0.00,0.00",,0.00,0.00,,
google maps price calculator,,0,"0.00,0.00,1.00,0.00,0.00,0.00,0.50,0.00,0.00,0.00,0.00,0.00",,0.00,0.05,,
google maps pricing calculator for rental,,0,"0.00,0.00,0.00,0.00,0.00,0.00,0.00,0.00,0.00,0.00,0.00,0.00",,0.00,0.00,,
google maps pricing calculator uk,,0,"0.00,0.00,0.00,0.00,0.00,0.00,0.00,0.00,0.00,0.00,0.00,0.00",,0.00,0.00,,
google maps probability calculation,,0,"0.00,0.00,0.00,0.00,0.00,0.00,0.00,0.00,0.00,0.00,0.00,0.00",,0.00,0.00,,
google maps probability calculations,,0,"0.00,0.00,0.00,0.00,0.00,0.00,0.00,0.00,0.00,0.00,0.00,0.00",,0.00,0.00,,
google maps quote calculator,,0,"0.00,0.00,0.00,0.00,0.00,0.00,0.00,0.00,0.00,0.00,0.00,0.00",,0.00,0.00,,
google maps rating calculation formula,,0,"1.00,1.00,0.00,0.00,0.00",,0.00,0.00,,
google maps road distance calculator service,,0,"0.00,0.00,0.00,0.00,0.00,0.00,0.00,0.00,0.00,0.00,0.00,0.00",,0.00,0.00,,
google maps route calculation api,,0,"0.00,0.00,0.00,0.00,0.00,0.00,0.00,0.00,0.00,0.00,0.00,0.00",,0.00,0.00,,
google maps route distance calculator,,0,"0.00,0.00,0.00,0.00,0.00,0.00,0.00,0.00,0.00,0.00,0.00,0.00",,0.00,0.00,,
google maps route drawing calculate distance,,0,"0.00,0.00,0.00,0.00,0.00,0.00,0.00,0.00,0.00,0.00,0.00,0.00",,0.00,0.00,,
google maps running mileage calculator,,0,"0.00,0.00,0.00,0.00,0.00,0.00,0.00,0.00,0.00,0.00,0.00,0.00",,0.00,0.00,,
google maps running route calculator,,0,"0.00,0.00,0.00,0.00,0.00,0.00,0.00,0.00,0.00,0.00,0.00,0.00",,0.00,0.03,,
google maps sa distance calculator,,0,"0.00,0.00,0.00,0.00,0.00,0.00,0.00,0.00,0.00,0.00,0.00,0.00",,0.00,0.00,,
google maps says sorry we couldn't calculate transit directions,,0,"0.00,0.00,0.00,0.00,0.00,0.00,0.00,0.00,0.00,0.00,0.00,0.00",,0.00,0.00,,
google maps sea level rise calculator,,0,"0.00,0.00,0.00,0.00,0.00,0.00,0.00,0.00,0.00,0.00,0.00,0.00",,0.00,0.00,,
google maps sf calculator,,0,"0.00,0.00,0.00,0.00,0.00,0.00,0.00,0.00,0.00,0.00,0.00,0.00",,0.00,0.00,,
google maps singapore distance calculator,,0,"0.00,0.00,0.00,0.00,0.00,0.00,0.00,0.00,0.00,0.00,0.00,0.00",,0.00,0.00,,
google maps sorry we could not calculate,,0,"0.00,0.00,0.00,0.00,0.00,0.00,0.00,0.00,0.00,0.00,0.00,0.00",,0.00,0.00,,
google maps sorry we could not calculate directions from,,0,"0.00,0.00,0.00,0.00,0.00,0.00,0.00,0.00,0.00,0.00,0.00,0.00",,0.00,0.00,,
google maps sorry we could not calculate driving directions,,0,"0.00,0.00,0.00,0.00,0.00,0.00,0.00,0.00,0.00,0.00,0.00,0.00",,0.00,0.00,,
google maps sorry we could not calculate walking directions from,,0,"0.00,0.00,0.00,0.00,0.00,0.00,0.00,0.00,0.00,0.00,0.00,0.00",,0.00,0.00,,
google maps sorry we couldn't calculate driving directions,,0,"0.00,0.00,0.00,0.00,0.00,0.00,0.00,0.00,0.00,0.00,0.00,0.00",,0.00,0.00,,
google maps space calculator,,0,"0.00,0.00,0.00,0.00,0.00,0.00,0.00,0.00,0.00,0.00,0.00,0.00",,0.00,0.00,,
google maps square ft calculator,,0,"0.00,0.00,0.00,0.00,0.00,0.00,0.00,0.00,0.00,0.00,0.00,0.00",,0.00,0.00,,
google maps square ftg calculator,,0,"0.00,0.00,0.00,0.00,0.00,0.00,0.00,0.00,0.00,0.00,0.00,0.00",,0.00,0.00,,
google maps straight line calculator,,0,"0.00,0.00,0.00,0.00,0.00,0.00,0.00,0.00,0.00,0.00,0.00,0.00",,0.00,0.00,,
google maps taxi fare calculator new york,,0,"0.00,0.00,0.00,0.00,0.00,0.00,0.00,0.00,0.00,0.00,0.00,0.00",,0.00,0.00,,
google maps tile coordinates calculator,,0,"0.00,0.00,0.00,0.00,0.00,0.00,0.00,0.00,0.00,0.00,0.00,0.00",,0.00,0.00,,
google maps time calculation basis,,0,"0.00,0.00,0.00,0.00,0.00,0.00,0.00,0.00,0.00,0.00,0.00,0.00",,0.00,0.00,,
google maps to calculate acrrage,,0,"0.00,0.00,0.00,0.00,0.00,0.00,0.00,0.00,0.00,0.00,0.00,0.00",,0.00,0.00,,
google maps to calculate area,,0,"0.00,0.00,0.00,0.00,0.00,0.00,0.00,0.00,0.00,0.00,0.00,0.00",,0.00,0.00,,
google maps to calculate walking distance,,0,"0.00,0.00,0.00,0.00,0.00,0.00,0.00,0.00,0.00,0.00,0.00,0.00",,0.00,0.00,,
google maps toll calculator europe,,0,"0.00,0.00,0.00,0.00,0.00,0.00,0.00,0.00,0.00,0.00,0.00,0.00",,0.00,0.00,,
google maps toll calculator florida,,0,"0.00,0.00,0.00,0.00,0.00,0.00,0.00,0.00,0.00,0.00,0.00,0.00",,0.00,0.00,,
google maps toll calculator malaysia,,0,"0.00,0.00,0.00,0.00,0.00,0.00,0.00,0.00,0.00,0.00,0.00,0.00",,0.00,0.00,,
google maps toll calculator south africa,,0,"0.00,0.00,0.00,0.00,0.00,0.00,0.00,0.00,0.00,0.00,0.00,0.00",,0.00,0.00,,
google maps toll calculator usa,,0,"0.00,0.00,0.00,0.00,0.00,0.00,0.00,0.00,0.00,0.00,0.00,0.00",,0.00,0.00,,
google maps tolls calculator europe,,0,"0.00,0.00,0.00,0.00,0.00,0.00,0.00,0.00,0.00,0.00,0.00,0.00",,0.00,0.00,,
google maps tolls calculator france,,0,"0.00,0.00,0.00,0.00,0.00,0.00,0.00,0.00,0.00,0.00,0.00,0.00",,0.00,0.00,,
google maps tools area calculator,,0,"0.00,0.00,0.00,1.00,0.00,1.00,0.00,0.00,0.00,0.00,0.00,0.00",,0.00,0.00,,
google maps traffic layer for real time congestion calculation,,0,"0.00,0.00,0.00,0.00,0.00,0.00,0.00,0.00,0.00,0.00,0.00,0.00",,0.00,0.00,,
google maps trail distance calculator,,0,"0.00,0.00,0.00,0.00,0.00,0.00,0.00,0.00,0.00,0.00,0.00,0.00",,0.00,0.00,,
google maps travel calculator,,0,"0.00,0.00,0.00,0.00,0.00,0.00,0.00,0.00,0.00,0.00,0.00,0.00",,0.00,0.00,,
google maps travel distance calculator,,0,"0.00,0.00,0.00,0.00,0.00,0.00,0.00,0.00,0.00,0.00,0.00,0.00",,0.00,0.00,,
google maps travel times calculated,,0,"0.00,0.00,0.00,0.00,0.00,0.00,0.00,0.00,0.00,0.00,0.00,0.00",,0.00,0.00,,
google maps trip distance calculator,,0,"0.00,0.00,0.00,0.00,0.00,0.00,0.00,0.00,0.00,0.00,0.00,0.00",,0.00,0.00,,
google maps trip fuel cost calculator,,0,"0.00,0.00,0.00,0.00,0.00,0.00,0.00,0.00,0.00,0.00,0.00,0.00",,0.00,0.00,,
google maps uganda distance calculator,,0,"0.00,0.00,0.00,0.00,0.00,0.00,0.00,0.00,0.00,0.00,1.00,0.00",,0.00,0.00,,
google maps uk postcode distance calculator,,0,"0.00,0.00,0.00,0.00,0.00,0.00,0.00,0.00,0.00,0.00,0.00,0.00",,0.00,0.00,,
google maps unable to calculate directions,,0,"0.00,0.00,0.00,0.00,0.00,0.00,0.00,0.00,0.00,0.00,0.00,0.00",,0.00,0.00,,
google maps unable to calculate directors,,0,"0.00,0.00,0.00,0.00,0.00,0.00,0.00,0.00,0.00,0.00,0.00,0.00",,0.00,0.00,,
google maps unable to calculate driving directions,,0,"0.00,0.00,0.00,0.00,0.00,0.00,0.00,0.00,0.00,0.00,0.00,0.00",,0.00,0.00,,
google maps usage calculator,,0,"0.00,0.00,0.00,0.00,0.00,0.00,0.00,0.00,0.00,0.00,0.00,0.00",,0.00,0.00,,
google maps walking distance calculator australia,,0,"0.00,0.00,0.00,0.00,0.00,0.00,0.00,0.00,0.00,0.00,0.00,0.00",,0.00,0.00,,
google maps walking distance calculator uk,,0,"0.00,0.00,0.00,0.00,0.00,0.00,0.00,0.00,0.00,0.00,0.00,0.00",,0.00,0.00,,
google maps we could not calculate directions between,,0,"0.00,0.00,0.00,0.00,0.00,0.00,0.00,0.00,0.00,0.00,0.00,0.00",,0.00,0.00,,
google maps web service distance calculator,,0,"0.00,0.00,0.00,0.00,0.00,1.00,0.00,0.00,0.00,0.00,0.00,0.00",,0.00,0.00,,
google maps will not calculate directions,,0,"0.00,0.00,0.00,0.00,0.00,0.00,0.00,0.00,0.00,0.00,0.00,0.00",,0.00,0.00,,
google maps will not calculate directions in chrome,,0,"0.00,0.00,0.00,0.00,0.00,0.00,0.00,0.00,0.00,0.00,0.00,0.00",,0.00,0.00,,
google maps with gas stop calculator,,0,"0.00,0.00,0.00,0.00,0.00,0.00,0.00,0.00,0.00,0.00,0.00,0.00",,0.00,0.00,,
google maps won't calculate directions,,0,"0.00,0.00,0.00,0.00,0.00,0.00,0.00,0.00,0.00,0.00,0.00,0.00",,0.00,0.00,,
google maps zoom level calculation,,0,"0.00,0.00,0.00,0.00,0.00,0.00,0.00,0.00,0.00,0.00,0.00,0.00",,0.00,0.00,,
google my maps distance calculator,,0,"0.00,0.00,0.00,0.00,0.00,0.00,0.00,0.00,0.00,0.00,0.00,0.00",,0.00,0.00,,
google road map distance calculator,,0,"0.00,0.00,0.00,0.00,1.00,0.00,0.00,0.00,0.00,0.00,0.00,0.00",,0.00,0.00,,
google run map calculator,,0,"0.00,0.00,0.00,0.00,0.00,0.00,0.00,0.00,0.00,0.00,0.00,0.00",,0.00,0.00,,
google satellite maps area calculator tool,,0,"0.00,0.00,0.00,0.00,0.00,0.00,0.00,0.00,0.00,0.00,0.00,0.00",,0.00,0.00,,
google satellite maps area calculator tool for gilbert az 85233,,0,"0.00,0.00,0.00,0.00,0.00,0.00,0.00,0.00,0.00,0.00,0.00,0.00",,0.00,0.00,,
google static map calculate zoom level,,0,"0.00,0.00,0.00,0.00,0.00,0.00,0.00,0.00,0.00,0.00,0.00,0.00",,0.00,0.00,,
google street map distance calculator,,0,"0.00,0.00,0.00,0.00,0.00,0.00,0.00,0.00,0.00,0.00,0.00,0.00",,0.00,0.00,,
google walking map distance calculator,,0,"0.00,0.00,0.00,1.00,0.00,0.00,0.00,0.00,0.00,0.00,0.00,0.00",,0.00,0.00,,
google world map distance calculator,,0,"0.00,0.00,0.00,0.00,0.00,0.00,0.00,0.00,0.00,0.00,0.00,0.00",,0.00,0.00,,
google-maps-distance-calculator-google-maps-api,,0,"0.00,0.00,0.00,0.00,0.00,0.00,0.00,0.00,0.00,0.00,0.00,0.00",,0.00,0.00,,
google-maps-distance-calculator-using-google-directions-google-maps-android-api,,0,"0.00,0.00,0.00,0.00,0.00,0.00,0.00,0.00,0.00,0.00,0.00,0.00",,0.00,0.00,,
google.maps area calculator,,0,"0.00,0.00,0.00,0.00,0.00,0.00,0.00,0.00,0.00,0.00,0.00,0.00",,0.00,0.00,,
google.maps calculate,,0,"0.00,0.00,0.00,0.00,0.00,0.00,0.00,0.00,0.00,0.00,0.00,0.00",,0.00,0.00,,
google.maps distance calculator,,0,"0.00,0.00,0.00,0.00,0.00,0.00,0.00,0.00,0.00,0.00,0.00,0.00",,0.00,0.00,,
googole maps area radius calculator,,0,"0.00,0.00,0.00,0.00,0.00,0.00,0.00,0.00,0.00,0.00,0.00,0.00",,0.00,0.00,,
goolge maps area calculator,,0,"0.00,0.00,0.00,0.00,0.00,0.00,0.00,0.00,0.00,0.00,0.00,0.00",,0.00,0.00,,
gop primary map calculator,,0,"0.00,0.00,0.00,0.00,0.00,0.00,0.00,0.00,0.00,0.00,0.00,0.00",,0.00,0.00,,
gps calculator maps,,0,"0.00,0.00,0.00,0.00,0.00,0.00,0.00,0.00,0.00,0.00,0.00,0.00",,0.00,0.00,,
gps radius calculator google maps,,0,"0.00,0.00,0.00,0.00,0.00,0.00,0.00,0.00,0.00,0.00,0.00,0.00",,0.00,0.00,,
gps satllite sky map calculator,,0,"0.00,0.00,0.00,0.00,0.00,0.00,0.00,0.00,0.00,0.00,0.00,0.00",,0.00,0.00,,
grade 10 geography map work calculations,,0,"0.00,0.00,0.00,0.00,0.00,0.00,0.00,0.00,0.00,0.00,0.00,0.00",,0.00,0.00,,
grade 10 geography map work calculations pdf,,0,"0.00,0.00,0.00,0.00,0.00,0.00,0.00,0.00,0.00,0.00,0.00,0.00",,0.00,0.00,,
grade calculator maps,,0,"1.00,0.00,0.00,0.00,0.00",,0.00,0.00,,
gradient calculator for topographic maps,,0,"0.00,0.00,0.00,0.00,0.00,0.00,0.00,0.00,0.00,0.00,0.00,0.00",,0.00,0.00,,
gradient topographic map calculate,,0,"0.00,0.00,0.00,0.00,0.00,0.00,0.00,0.00,0.00,0.00,0.00,0.00",,0.00,0.00,,
graph map coordinates calculator,,0,"0.00,0.00,0.00,0.00,0.00,0.00,0.00,0.00,0.00,0.00,0.00,0.00",,0.00,0.00,,
graph mapping calculator,,0,"0.00,0.00,0.00,0.00,0.00,0.00,0.00,0.00,0.00,0.00,0.00,0.00",,0.00,0.00,,
graphing contour map without calculator,,0,"0.00,0.00,0.00,0.00,0.00,0.00,0.00,0.00,0.00,0.00,0.00,0.00",,0.00,0.00,,
grass calculator map,,0,"0.00,0.00,0.00,0.00,0.00,0.00,0.00,0.00,0.00,0.00,0.00,0.00",,0.00,0.00,,
grass map calculator,,0,"0.00,0.00,0.00,0.00,0.00,0.00,0.00,0.00,0.00,0.00,0.00,0.00",,0.00,0.00,,
great circle calculator sailing with map,,0,"0.00,0.00,0.00,0.00,0.00,0.00,0.00,0.00,0.00,0.00,0.00,0.00",,0.00,0.00,,
great circle distance calculator map,,0,"0.00,0.00,0.00,0.00,0.00,0.00,0.00,0.00,0.00,0.00,0.00,0.00",,0.00,0.00,,
grid square calculator map,,0,"0.00,0.00,0.00,0.00,0.00,0.00,0.00,0.00,0.00,0.00,0.00,0.00",,0.00,0.00,,
gta v map route calculator,,0,"0.00,0.00,0.00,0.00,0.00,0.00,0.00,0.00,0.00,0.00,0.00,0.00",,0.00,0.00,,
gujarat map with distance calculator,,0,"0.00,0.00,0.00,0.00,0.00,0.00,0.00,0.00,0.00,0.00,0.00,0.00",,0.00,0.00,,
hadoop how to calculate map slots,,0,"0.00,0.00,0.00,0.00,0.00,0.00,0.00,0.00,0.00,0.00,0.00,0.00",,0.00,0.00,,
halfway between three places calculator map,,0,"0.00,0.00,0.00,0.00,0.00,0.00,0.00,0.00,0.00,0.00,0.00,0.00",,0.00,0.00,,
halfway calculator map,,0,"0.00,0.00,0.00,0.00,0.00,0.00,0.00,0.00,0.00,0.00,0.00,0.00",,0.00,0.00,,
halfway calculator maps,,0,"0.00,0.00,0.00,0.00,0.00,0.00,0.00,0.00,0.00,0.00,0.00,0.00",,0.00,0.00,,
halfway point calculator google maps,,0,"0.00,0.00,0.00,0.00,0.00,0.00,0.00,0.00,0.00,0.00,1.00,0.00",,0.00,0.00,,
halfway point map calculator,,0,"0.00,0.00,0.00,0.00,0.00,0.00,0.00,0.00,0.00,0.00,0.00,1.00",,0.00,0.00,,
ham great circle map calculator,,0,"0.00,0.00,0.00,0.00,0.00,0.00,0.00,0.00,0.00,0.00,0.00,0.00",,0.00,0.00,,
hdtv receive map calculator,,0,"0.00,0.00,0.00,0.00,0.00,0.00,0.00,0.00,0.00,0.00,0.00,0.00",,0.00,0.00,,
hdtv recieve map calculator,,0,"0.00,0.00,0.00,0.00,0.00,0.00,0.00,0.00,0.00,0.00,0.00,0.00",,0.00,0.00,,
heart map calculator,,0,"0.00,0.00,0.00,0.00,0.00,0.00,0.00,0.00,0.00",,0.00,0.00,,
heart rate zone calculator map my run,,0,"0.00,0.00,0.00,0.00,0.00,0.00,0.00,0.00,0.00,0.00,0.00,0.00",,0.00,0.00,,
heat map calculate color,,0,"0.00,0.00,0.00,0.00,0.00,0.00,0.00,0.00,0.00,0.00,0.00,0.00",,0.00,0.00,,
heating btu calculator map,,0,"0.00,0.00,0.00,0.00,0.00,0.00,0.00,0.00,0.00,0.00,0.00,0.00",,0.00,0.00,,
hectare calculator google maps,,0,"0.00,0.00,0.00,0.00,0.00,0.00,0.00,0.00,0.00,0.00,0.00,0.00",,0.00,0.00,,
helium miner coverage map calculator,,0,"0.00,0.00,0.00,0.00,0.00,0.00,0.00,0.00,0.00,0.00,0.00,0.00",,0.00,0.00,,
henon map calculator,,0,"0.00,0.00,0.00,0.00,0.00,0.00,0.00,0.00,0.00,0.00,0.00,0.00",,0.00,0.00,,
here map api calculate route,,0,"0.00,0.00,0.00,0.00,0.00,0.00,0.00,0.00,0.00,0.00,0.00,0.00",,0.00,0.00,,
here map calculate route,,0,"0.00,0.00,0.00,0.00,0.00,0.00,0.00,0.00,0.00,0.00,0.00,0.00",,0.00,0.00,,
here maps calculate distance,,0,"0.00,0.00,0.00,0.00,0.00,0.00,0.00,0.00,0.00,0.00,0.00,0.00",,0.00,0.00,,
hex map size calculator,,0,"0.00,0.00,0.00,0.00,0.00,0.00,0.00,0.00,0.00,0.00,0.00,0.00",,0.00,0.00,,
hexagon map size calculator,,0,"0.00,0.00,0.00,0.00,0.00,0.00,0.00,0.00,0.00,0.00,0.00,0.00",,0.00,0.00,,
hfma map calculator,,0,"0.00,0.00,0.00,0.00,0.00,0.00,0.00,0.00,0.00,0.00,0.00,0.00",,0.00,0.00,,
hierarchical clustering calculator and heat map,,0,"0.00,0.00,0.00,0.00,0.00,0.00,0.00,0.00,0.00,0.00,0.00,0.00",,0.00,0.00,,
hiking map distance calculator,,0,"0.00,0.00,0.00,0.00,0.00,0.00,0.00,0.00,0.00,0.00,0.00,0.00",,0.00,0.00,,
hillsborough county map distance calculator,,0,"0.00,0.00,0.00,0.00,0.00,0.00,0.00,0.00,0.00,0.00,0.00,0.00",,0.00,0.00,,
himachal pradesh map distance calculator,,0,"0.00,0.00,0.00,0.00,0.00,0.00,0.00,0.00,0.00,0.00,0.00,0.00",,0.00,0.00,,
ho to calculate pure miles betwen 2 points google maps,,0,"0.00,0.00,0.00,0.00,0.00,0.00,0.00,0.00,0.00,0.00,0.00,0.00",,0.00,0.00,,
hoe to calculate map,,0,"0.00,0.00,0.00,0.00,0.00,0.00,0.00,0.00,0.00,0.00,0.00,0.00",,0.00,0.00,,
hoffritz of new york map distance calculator,,0,"0.00,0.00,0.00,0.00,0.00,0.00,0.00,0.00,0.00,0.00,0.00,0.00",,0.00,0.00,,
holley how is a map sensor calculated,,0,"0.00,0.00,0.00,0.00,0.00,0.00,0.00,0.00,0.00,0.00,0.00,0.00",,0.00,0.00,,
holset compressor maps and turbo calculator,,0,"0.00,0.00,0.00,0.00,0.00,0.00,0.00,0.00,0.00,0.00,0.00,0.00",,0.00,0.00,,
home price calculator map,,0,"0.00,0.00,0.00,0.00,0.00,0.00,0.00,0.00,0.00,0.00,0.00,0.00",,0.00,0.00,,
hour pillar calculation day stem mapping,,0,0.00,,0.00,0.00,,
hour pillar calculation table day stem hour stem mapping,,0,0.00,,0.00,0.00,,
housing calculator map,,0,"0.00,0.00,0.00,0.00,0.00,0.00,0.00,0.00,0.00,0.00,0.00,0.00",,0.00,0.00,,
how accurate are calories calculated in map my run,,0,"0.00,0.00,0.00,0.00,0.00,0.00,0.00,0.00,0.00,0.00,0.00,0.00",,0.00,0.00,,
how accurate is the google maps distance calculator,,0,"0.00,0.00,0.00,0.00,0.00,0.00,0.00,0.00,0.00,0.00,0.00,0.00",,0.00,0.00,,
how acurate is area map calculator,,0,"0.00,0.00,0.00,0.00,0.00,0.00,0.00,0.00,0.00,0.00,0.00,0.00",,0.00,0.00,,
how are bike speed calculate on google maps,,0,"0.00,0.00,0.00,0.00,0.00,0.00,0.00,0.00,0.00,0.00,0.00,0.00",,0.00,0.00,,
how are charges for google maps calculated,,0,"0.00,0.00,0.00,0.00,0.00,0.00,0.00,0.00,0.00,0.00,0.00,0.00",,0.00,0.00,,
how are gene map distances calculated,,0,"0.00,0.00,0.00,0.00,0.00,0.00,0.00,0.00,0.00,0.00,0.00,0.00",,0.00,0.00,,
how are google map travel times calculated,,0,"0.00,0.00,0.00,0.00,0.00,0.00,0.00,0.00,0.00,0.00,0.00,0.00",,0.00,0.00,,
how are google maps driving times calculated,,0,"0.00,0.00,0.00,0.00,0.00,0.00,0.00,0.00,0.00,0.00,0.00,0.00",,0.00,0.00,,
how are google maps travel times calculated,,0,"0.00,0.00,0.00,0.00,0.00,0.00,0.00,0.00,0.00,0.00,0.00,0.00",,0.00,0.00,,
how are google maps walking times calculated,,0,"0.00,0.00,0.00,0.00,0.00,0.00,0.00,0.00,0.00,0.00,0.00,0.00",,0.00,0.00,,
how are gradients on a topographic map calculated,,0,"1.00,0.00,0.00,0.00,0.00,0.00,0.00,0.00,0.00,0.00,0.00,0.00",,0.00,0.00,,
how are map assessment scores calculated,,0,"0.00,0.00,0.00,0.00,0.00,0.00,0.00,0.00,0.00,0.00,0.00,0.00",,0.00,0.00,,
how are map distances calculated biology,,0,"0.00,0.00,0.00,0.00,0.00,0.00,0.00,0.00,0.00,0.00,0.00,0.00",,0.00,0.00,,
how are map scores calculated,,0,"0.00,0.00,0.00,0.00,0.00,0.00,0.00,0.00,0.00,0.00,0.00,0.00",,0.00,0.00,,
how are map tests norm average calculated,,0,"0.00,0.00,0.00,0.00,0.00,0.00,0.00,0.00,0.00,0.00,0.00,0.00",,0.00,0.00,,
how are map tests scores calculated,,0,"0.00,0.00,0.00,0.00,0.00,0.00,0.00,0.00,0.00,0.00,0.00,0.00",,0.00,0.00,,
how are map units calculated,,0,"0.00,0.00,0.00,0.00,0.00,0.00,0.00,0.00,0.00,0.00,0.00,0.00",,0.00,0.00,,
how are percentiles calculated on the maps,,0,"0.00,0.00,0.00,0.00,0.00,0.00,0.00,0.00,0.00,0.00,0.00,0.00",,0.00,0.00,,
how calculate area google maps,,0,"0.00,0.00,0.00,0.00,0.00,0.00,0.00,0.00,0.00,0.00,0.00,0.00",,0.00,0.00,,
how calculate distance and angle from point on google maps,,0,"0.00,0.00,0.00,0.00,0.00,0.00,0.00,0.00,0.00,0.00,0.00,0.00",,0.00,0.00,,
how calculate gradient on a topographic map,,0,"0.00,0.00,0.00,0.00,0.00,0.00,0.00,0.00,0.00,0.00,0.00,0.00",,0.00,0.00,,
how calculate map bp,,0,"0.00,0.00,0.00,0.00,0.00,0.00,0.00,0.00,0.00,0.00,0.00,0.00",,0.00,0.00,,
how calculate mape,,0,"0.00,0.00,0.00,0.00,0.00,0.00,0.00,0.00,0.00,0.00,0.00,0.00",,0.00,0.00,,
how calculate number of feature maps in cnn,,0,"0.00,0.00,0.00,0.00,0.00,0.00,0.00,0.00,0.00,0.00,0.00,0.00",,0.00,0.00,,
how calculate running sum lisp map,,0,"0.00,0.00,0.00,0.00,0.00,0.00,0.00,0.00,0.00,0.00,0.00,0.00",,0.00,0.00,,
how calculate typically times google maps,,0,"0.00,0.00,0.00,0.00,0.00,0.00,0.00,0.00,0.00,0.00,0.00,0.00",,0.00,0.00,,
how can i calculate a loop in google maps,,0,"0.00,0.00,0.00,0.00,0.00,0.00,0.00,0.00,0.00,0.00,0.00,0.00",,0.00,0.00,,
how can i calculate my mileage on a map,,0,"0.00,0.00,0.00,0.00,0.00,0.00,0.00,0.00,0.00,0.00,0.00,0.00",,0.00,0.00,,
how can we calculate mean arterial pressure map,,0,"0.00,0.00,0.00,0.00,0.00,0.00,0.00,0.00,0.00,0.00,0.00,0.00",,0.00,0.00,,
how distance calculator in map,,0,"0.00,0.00,0.00,0.00,0.00,0.00,0.00,0.00,0.00,0.00,0.00,0.00",,0.00,0.00,,
how do calculate map,,0,"0.00,0.00,0.00,0.00,0.00,0.00,0.00,0.00,0.00,0.00,0.00,0.00",,0.00,0.00,,
how do calculate where to stop in google maps,,0,"0.00,0.00,0.00,0.00,0.00,0.00,0.00,0.00,0.00,0.00,0.00,0.00",,0.00,0.00,,
how do computer calculate map from bp,,0,"0.00,0.00,0.00,0.00,0.00,0.00,0.00,0.00,0.00,0.00,0.00,0.00",,0.00,0.00,,
how do google maps calculate traffic,,0,"0.00,0.00,0.00,0.00,0.00,0.00,0.00,0.00,0.00,0.00,0.00,0.00",,0.00,0.00,,
how do i calculate map scale,,0,"0.00,0.00,0.00,0.00,0.00,0.00,0.00,0.00,0.00,0.00,0.00,0.00",,0.00,0.00,,
how do i calculate mape,,0,"0.00,0.00,0.00,0.00,0.00,0.00,0.00,0.00,0.00,0.00,0.00,0.00",,0.00,0.00,,
how do i calculate mileage on google maps,,0,"0.00,0.00,0.00,0.00,0.00,0.00,0.00,0.00,0.00,0.00,0.00,0.00",,0.00,0.00,,
how do i calculate the map,,0,"0.00,0.00,0.00,0.00,0.00,0.00,0.00,0.00,0.00,0.00,0.00,0.00",,0.00,0.00,,
how do i calculate the scale of a map,,0,"0.00,0.00,0.00,0.00,0.00,0.00,0.00,0.00,0.00,0.00,0.00,0.00",,0.00,0.00,,
how do i calculate travel time in google maps,,0,"0.00,0.00,0.00,0.00,0.00,0.00,0.00,0.00,0.00,0.00,0.00,0.00",,0.00,0.00,,
how do they calculate map score missouri,,0,"0.00,0.00,0.00,0.00,0.00,0.00,0.00,0.00,0.00,0.00,0.00,0.00",,0.00,0.00,,
how do we calculate map,,0,"0.00,0.00,0.00,0.00,0.00,0.00,0.00,0.00,0.00,0.00,0.00,0.00",,0.00,0.00,,
how do you calculate a map scale,,0,"0.00,0.00,0.00,0.00,0.00,0.00,0.00,0.00,0.00,0.00,0.00,0.00",,0.00,0.00,,
how do you calculate a map unit,,0,"0.00,0.00,0.00,0.00,0.00,0.00,0.00,0.00,0.00,0.00,0.00,0.00",,0.00,0.00,,
how do you calculate a scale on a map,,0,"0.00,0.00,0.00,0.00,0.00,0.00,0.00,0.00,0.00,0.00,0.00,0.00",,0.00,0.00,,
how do you calculate area on a map,,0,"0.00,0.00,0.00,0.00,0.00,0.00,0.00,0.00,0.00,0.00,0.00,0.00",,0.00,0.00,,
how do you calculate block size direct-map cache design,,0,"0.00,0.00,0.00,0.00,0.00,0.00,0.00,0.00,0.00,0.00,0.00,0.00",,0.00,0.00,,
how do you calculate blood pressure map,,0,"0.00,0.00,0.00,0.00,0.00,0.00,0.00,0.00,0.00,0.00,0.00,0.00",,0.00,0.00,,
how do you calculate bp map,,0,"0.00,0.00,0.00,0.00,0.00,0.00,0.00,0.00,0.00,0.00,0.00,0.00",,0.00,0.00,,
how do you calculate coordinates on a map,,0,"0.00,0.00,0.00,0.00,0.00,0.00,0.00,0.00,0.00,0.00,0.00,0.00",,0.00,0.00,,
how do you calculate distance on a map scale,,0,"0.00,0.00,0.00,0.00,0.00,0.00,0.00,0.00,0.00,0.00,0.00,0.00",,0.00,0.00,,
how do you calculate gradient on a map,,0,"0.00,0.00,0.00,0.00,0.00,0.00,0.00,0.00,0.00,0.00,0.00,0.00",,0.00,0.00,,
how do you calculate linkage map distance,,0,"0.00,0.00,0.00,0.00,0.00,0.00,0.00,0.00,0.00,0.00,0.00,0.00",,0.00,0.00,,
how do you calculate map distance between genes,,0,"0.00,0.00,0.00,0.00,0.00,0.00,0.00,0.00,0.00,0.00,0.00,0.00",,0.00,0.00,,
how do you calculate map distance in genetics,,0,"0.00,0.00,0.00,0.00,0.00,0.00,0.00,0.00,0.00,0.00,0.00,0.00",,0.00,0.00,,
how do you calculate map distance in geography,,0,"0.00,0.00,0.00,0.00,0.00,0.00,0.00,0.00,0.00,0.00,0.00,0.00",,0.00,0.00,,
how do you calculate map from blood pressure,,0,"0.00,0.00,0.00,0.00,0.00,0.00,0.00,0.00,0.00,0.00,0.00,0.00",,0.00,0.00,,
how do you calculate map unit on a chromosome,,0,"0.00,0.00,0.00,0.00,0.00,0.00,0.00,0.00,0.00,0.00,0.00,0.00",,0.00,0.00,,
how do you calculate map units,,0,"0.00,0.00,0.00,0.00,0.00,0.00,0.00,0.00,0.00,0.00,0.00,0.00",,0.00,0.00,,
how do you calculate mape in excel,,0,"0.00,0.00,0.00,0.00,0.00,0.00,0.00,0.00,0.00,0.00,0.00,0.00",,0.00,0.00,,
how do you calculate maps,,0,"0.00,0.00,0.00,0.00,0.00,0.00,0.00,0.00,0.00,0.00,0.00,0.00",,0.00,0.00,,
how do you calculate mean arterial pressure map,,0,"0.00,0.00,0.00,0.00,0.00,0.00,0.00,0.00,0.00,0.00,0.00,0.00",,0.00,0.00,,
how do you calculate relief on a topographic map,,0,"0.00,0.00,0.00,0.00,0.00,0.00,0.00,0.00,0.00,0.00,0.00,0.00",,0.00,0.00,,
how do you calculate scale on a map,,0,"0.00,0.00,0.00,0.00,0.00,0.00,0.00,0.00,0.00,0.00,0.00,0.00",,0.00,0.00,,
how do you calculate slope on a topographic map,,0,"0.00,0.00,0.00,0.00,0.00,0.00,0.00,0.00,0.00,0.00,0.00,0.00",,0.00,0.00,,
how do you calculate square miles on a map,,0,"0.00,0.00,0.00,0.00,0.00,0.00,0.00,0.00,0.00,0.00,0.00,0.00",,0.00,0.00,,
how do you calculate straight line distance on a map,,0,"0.00,0.00,0.00,0.00,0.00,0.00,0.00,0.00,0.00,0.00,0.00,0.00",,0.00,0.00,,
how do you calculate the contour interval on a map,,0,"0.00,0.00,0.00,0.00,0.00,0.00,0.00,0.00,0.00,0.00,0.00,0.00",,0.00,0.00,,
how does apple.maps calculate eta,,0,"0.00,0.00,0.00,0.00,0.00,0.00,0.00,0.00,0.00,0.00,0.00,0.00",,0.00,0.00,,
how does google maps calculate a route,,0,"0.00,0.00,0.00,0.00,0.00,0.00,0.00,0.00,0.00,0.00,0.00,0.00",,0.00,0.00,,
how does google maps calculate best route,,0,"0.00,0.00,0.00,0.00,0.00,0.00,0.00,0.00,0.00,0.00,0.00,0.00",,0.00,0.00,,
how does google maps calculate bicycle time,,0,"0.00,0.00,0.00,0.00,0.00,0.00,0.00,0.00,0.00,0.00,0.00,0.00",,0.00,0.00,,
how does google maps calculate biking speed,,0,"0.00,0.00,0.00,0.00,0.00,0.00,0.00,0.00,0.00,0.00,0.00,0.00",,0.00,0.00,,
how does google maps calculate biking time,,0,"0.00,0.00,0.00,0.00,0.00,0.00,0.00,0.00,0.00,0.00,0.00,0.00",,0.00,0.00,,
how does google maps calculate directions,,0,"0.00,0.00,0.00,0.00,0.00,0.00,0.00,0.00,0.00,0.00,0.00,0.00",,0.00,0.00,,
how does google maps calculate distances,,0,"0.00,0.00,0.00,0.00,0.00,0.00,0.00,0.00,0.00,0.00,0.00,0.00",,0.00,0.00,,
how does google maps calculate estimated time of arrival,,0,"0.00,0.00,0.00,0.00,0.00,0.00,0.00,0.00,0.00,0.00,0.00,0.00",,0.00,0.00,,
how does google maps calculate eta for bike,,0,"0.00,0.00,0.00,0.00,0.00,0.00,0.00,0.00,0.00,0.00,0.00,0.00",,0.00,0.00,,
how does google maps calculate fastest route,,0,"0.00,0.00,0.00,0.00,0.00,0.00,0.00,0.00,0.00,0.00,0.00,0.00",,0.00,0.00,,
how does google maps calculate nautical miles,,0,"0.00,0.00,0.00,0.00,0.00,0.00,0.00,0.00,0.00,0.00,0.00,0.00",,0.00,0.00,,
how does google maps calculate navigation routes,,0,"0.00,0.00,0.00,0.00,0.00,0.00,0.00,0.00,0.00,0.00,0.00,0.00",,0.00,0.00,,
how does google maps calculate red lights,,0,"0.00,0.00,0.00,0.00,0.00,0.00,0.00,0.00,0.00,0.00,0.00,0.00",,0.00,0.00,,
how does google maps calculate route,,0,"0.00,0.00,0.00,0.00,0.00,0.00,0.00,0.00,0.00,0.00,0.00,0.00",,0.00,0.00,,
how does google maps calculate route distance,,0,"0.00,0.00,0.00,0.00,0.00,0.00,0.00,0.00,0.00,0.00,0.00,0.00",,0.00,0.00,,
how does google maps calculate shortest distance,,0,"0.00,0.00,0.00,0.00,0.00,0.00,0.00,0.00,0.00,0.00,0.00,0.00",,0.00,0.00,,
how does google maps calculate shortest paths,,0,"0.00,0.00,0.00,0.00,0.00,0.00,0.00,0.00,0.00,0.00,0.00,0.00",,0.00,0.00,,
how does google maps calculate shortest route,,0,"0.00,0.00,0.00,0.00,0.00,0.00,0.00,0.00,0.00,0.00,0.00,0.00",,0.00,0.00,,
how does google maps calculate the shortest route,,0,"0.00,0.00,0.00,0.00,0.00,0.00,0.00,0.00,0.00,0.00,0.00,0.00",,0.00,0.00,,
how does google maps calculate time of arrival,,0,"0.00,0.00,0.00,0.00,0.00,0.00,0.00,0.00,0.00,0.00,0.00,0.00",,0.00,0.00,,
how does google maps calculate traffic conditions,,0,"0.00,0.00,0.00,0.00,0.00,0.00,0.00,0.00,0.00,0.00,0.00,0.00",,0.00,0.00,,
how does google maps calculate traffic in india,,0,"0.00,0.00,0.00,0.00,0.00,0.00,0.00,0.00,0.00,0.00,0.00,0.00",,0.00,0.00,,
how does google maps calculate traffic speed,,0,"0.00,0.00,0.00,0.00,0.00,0.00,0.00,0.00,0.00,0.00,0.00,0.00",,0.00,0.00,,
how does google maps calculate traffic time,,0,"0.00,0.00,0.00,0.00,0.00,0.00,0.00,0.00,0.00,0.00,0.00,0.00",,0.00,0.00,,
how does google maps calculate travel time inconsistency,,0,"0.00,0.00,0.00,0.00,0.00,0.00,0.00,0.00,0.00,0.00,0.00,0.00",,0.00,0.00,,
how does google maps calculate walk time,,0,"0.00,0.00,0.00,0.00,0.00,0.00,0.00,0.00,0.00,0.00,0.00,0.00",,0.00,0.00,,
how does google maps calculate walking sped,,0,"0.00,0.00,0.00,0.00,0.00,0.00,0.00,0.00,0.00,0.00,0.00,0.00",,0.00,0.00,,
how does google maps calculate walking times,,0,"0.00,0.00,0.00,0.00,0.00,0.00,0.00,0.00,0.00,0.00,0.00,0.00",,0.00,0.00,,
how does google.maps calculate your route,,0,"0.00,0.00,0.00,0.00,0.00,0.00,0.00,0.00,0.00,0.00,0.00,0.00",,0.00,0.00,,
how does map my fitness calculator calories burned,,0,"0.00,0.00,0.00,0.00,0.00,0.00,0.00,0.00,0.00,0.00,0.00,0.00",,0.00,0.00,,
how does map my hike calculate calories,,0,"0.00,0.00,0.00,0.00,0.00,0.00,0.00,0.00,0.00,0.00,0.00,0.00",,0.00,0.00,,
how does map my hike calculate calories burned,,0,"0.00,0.00,0.00,0.00,0.00,0.00,0.00,0.00,0.00,0.00,0.00,0.00",,0.00,0.00,,
how does map my run calculate calories burned,,0,"0.00,0.00,0.00,0.00,0.00,0.00,0.00,0.00,0.00,0.00,0.00,0.00",,0.00,0.00,,
how does map my run calculate distance,,0,"0.00,0.00,0.00,0.00,0.00,0.00,0.00,0.00,0.00,0.00,0.00,0.00",,0.00,0.00,,
how does map my run calculate intensity,,0,"0.00,0.00,0.00,0.00,0.00,0.00,0.00,0.00,0.00,0.00,0.00,0.00",,0.00,0.00,,
how does map my walk calculate calories,,0,"0.00,0.00,0.00,0.00,0.00,0.00,0.00,0.00,0.00,0.00,0.00,0.00",,0.00,0.00,,
how does map my walk calculate distance,,0,"0.00,0.00,0.00,0.00,0.00,0.00,0.00,0.00,0.00,0.00,0.00,0.00",,0.00,0.00,,
how does nwea calculate achievement percentile for map,,0,"0.00,0.00,0.00,0.00,0.00,0.00,0.00,0.00,0.00,0.00,0.00,0.00",,0.00,0.00,,
how fast does google maps calculate at,,0,"0.00,0.00,0.00,0.00,0.00,0.00,0.00,0.00,0.00,0.00,0.00,0.00",,0.00,0.00,,
how google map calculate travel time,,0,"0.00,0.00,0.00,0.00,0.00,0.00,0.00,0.00,0.00,0.00,0.00,0.00",,0.00,0.00,,
how google maps calculate bike time,,0,"0.00,0.00,0.00,0.00,0.00,0.00,0.00,0.00,0.00,0.00,0.00,0.00",,0.00,0.00,,
how google maps calculate traffic in india,,0,"0.00,0.00,0.00,0.00,0.00,0.00,0.00,0.00,0.00,0.00,0.00,0.00",,0.00,0.00,,
how google maps calculates routes for drivers,,0,"0.00,0.00,0.00,0.00,0.00,0.00,1.00,0.25,0.00,0.00,0.00,0.00",,0.00,0.00,,
how google maps calculates the shortest route,,0,"0.00,0.00,1.00,0.00,0.00,0.00,1.00,0.00,0.00,0.00,0.00,0.00",,0.00,0.00,,
how google maps calculates traffic,,0,"0.00,0.00,0.00,0.00,0.00,0.00,0.00,0.00,0.00,0.00,0.00,0.00",,0.00,0.00,,
how goole maps calculate area from perimeter,,0,"0.00,0.00,0.00,0.00,0.00,0.00,0.00,0.00,0.00,0.00,0.00,0.00",,0.00,0.00,,
how goole maps.calculate traffic jam,,0,"0.00,0.00,0.00,0.00,0.00,0.00,0.00,0.00,0.00,0.00,0.00,0.00",,0.00,0.00,,
how hash map calculates hashes,,0,"0.00,0.00,0.00,0.00,0.00,0.00,0.00,0.00,0.00,0.00,0.00,0.00",,0.00,0.00,,
how i calculate distance in google map,,0,"0.00,0.00,0.00,0.00,0.00,0.00,0.00,0.00,0.00,0.00,0.00,0.00",,0.00,0.00,,
how is a diffuse map calculated,,0,"0.00,0.00,0.00,0.00,0.00,0.00,0.00,0.00,0.00,0.00,0.00,0.00",,0.00,0.00,,
how is a map sensor calculated,,0,"0.00,0.00,0.00,0.00,0.00,0.00,0.00,0.00,0.00,0.00,0.00,0.00",,0.00,0.00,,
how is a specular map calculated,,0,"0.00,0.00,0.00,0.00,0.00,0.00,0.00,0.00,0.00,0.00,0.00,0.00",,0.00,0.00,,
how is blood pressure map calculated,,0,"0.00,0.00,0.00,0.00,0.00,0.00,0.00,0.00,0.00,0.00,0.00,0.00",,0.00,0.00,,
how is driving time calculated in google maps,,0,"0.00,0.00,0.00,0.00,0.00,0.00,0.00,0.00,0.00,0.00,0.00,0.00",,0.00,0.00,,
how is google map bicycle speed calculated,,0,"0.00,0.00,0.00,0.00,0.00,0.00,0.00,0.00,0.00,0.00,0.00,0.00",,0.00,0.00,,
how is google maps live traffic calculated,,0,"0.00,0.00,0.00,0.00,0.00,0.00,0.00,0.00,0.00,0.00,0.00,0.00",,0.00,0.00,,
how is google maps traffic calculated,,0,"0.00,0.00,0.00,0.00,0.00,0.00,0.00,0.00,0.00,0.00,0.00,0.00",,0.00,0.00,,
how is google maps travel time calculated,,0,"0.00,0.00,0.00,0.00,0.00,0.00,0.00,0.00,0.00,0.00,0.00,0.00",,0.00,0.00,,
how is google maps walking speed calculated,,0,"0.00,0.00,0.00,0.00,0.00,0.00,0.00,0.00,0.00,0.00,0.00,0.00",,0.00,0.00,,
how is map bp calculated,,0,"0.00,0.00,0.00,0.00,0.00,0.00,0.00,0.00,0.00,0.00,0.00,0.00",,0.00,0.00,,
how is map calculated in sap,,0,"0.00,0.00,0.00,0.00,0.00,0.00,0.00,0.00,0.00,0.00,0.00,0.00",,0.00,0.00,,
how is mean arterial pressure map calculated,,0,"0.00,0.00,0.00,0.00,0.00,0.00,0.00,0.00,0.00,0.00,0.00,0.00",,0.00,0.00,,
how is the map test score calculated,,0,"0.00,0.00,0.00,0.00,0.00,0.00,0.00,0.00,0.00,0.00,0.00,0.00",,0.00,0.00,,
how is the mean arterial pressure map calculation,,0,"0.00,0.00,0.00,0.00,0.00,0.00,0.00,0.00,0.00,0.00,0.00,0.00",,0.00,0.00,,
how is traffic calculated in google maps,,0,"0.00,0.00,0.00,0.00,0.00,0.00,0.00,0.00,0.00,0.00,0.00,0.00",,0.00,0.00,,
how many miles of road calculator google maps,,0,"0.00,0.00,0.00,0.00,0.00,0.00,0.00,0.00,0.00,0.00,0.00,0.00",,0.00,0.00,,
how map calculated,,0,"0.00,0.00,0.00,0.00,0.00,0.00,0.00,0.00,0.00,0.00,0.00,0.00",,0.00,0.00,,
how mape is calculated as per dpco,,0,"0.00,0.00,0.00,0.00,0.00,0.00,0.00,0.00,0.00,0.00,0.00,0.00",,0.00,0.00,,
how much for a stage 2 map calculator,,0,"0.00,0.00,0.00,0.00,0.00,0.00,0.00,0.00,0.00,0.00,0.00,0.00",,0.00,0.00,,
how much speed google maps calculate,,0,"0.00,0.00,0.00,0.00,0.00,0.00,1.00,0.00,0.00,0.00,1.00,0.00",,0.00,0.00,,
how ro calculate map,,0,"0.00,0.00,0.00,0.00,0.00,0.00,0.00,0.00,0.00,0.00,0.00,0.00",,0.00,0.00,,
how ti calculate map,,0,"0.00,0.00,0.00,0.00,0.00,0.00,0.00,0.00,0.00,0.00,0.00,0.00",,0.00,0.00,,
how to calculate 1 mile run on google maps,,0,"0.00,0.00,0.00,0.00,0.00,0.00,0.00,0.00,0.00,0.00,0.00,0.00",,0.00,0.00,,
how to calculate 5 miles on google maps,,0,"0.00,0.00,0.00,0.00,0.00,0.00,0.00,0.00,0.00,0.00,0.00,0.00",,0.00,0.00,,
how to calculate a gradient on a topographic map,,0,"0.00,0.00,0.00,0.00,0.00,0.00,0.00,0.00,0.00,0.00,0.00,0.00",,0.00,0.00,,
how to calculate a gradient topographic map,,0,"0.00,0.00,0.00,0.00,0.00,0.00,0.00,0.00,0.00,0.00,0.00,0.00",,0.00,0.00,,
how to calculate a key for a map,,0,"0.00,0.00,0.00,0.00,0.00,0.00,0.00,0.00,0.00,0.00,0.00,0.00",,0.00,0.00,,
how to calculate a linear restriction map,,0,"0.00,0.00,0.00,0.00,0.00,0.00,0.00,0.00,0.00,0.00,0.00,0.00",,0.00,0.00,,
how to calculate a linear scale on a map,,0,"0.00,0.00,0.00,0.00,0.00,0.00,0.00,0.00,0.00,0.00,0.00,0.00",,0.00,0.00,,
how to calculate a map scale using actual distance,,0,"0.00,0.00,0.00,0.00,0.00,0.00,0.00,0.00,0.00,0.00,0.00,0.00",,0.00,0.00,,
how to calculate a map score,,0,"0.00,0.00,0.00,0.00,0.00,0.00,0.00,0.00,0.00,0.00,0.00,0.00",,0.00,0.00,,
how to calculate a map unit,,0,"0.00,0.00,0.00,0.00,0.00,0.00,0.00,0.00,0.00,0.00,0.00,0.00",,0.00,0.00,,
how to calculate a maps scale,,0,"0.00,0.00,0.00,0.00,0.00,0.00,0.00,0.00,0.00,0.00,0.00,0.00",,0.00,0.00,,
how to calculate a normal map,,0,"0.00,0.00,0.00,0.00,0.00,0.00,0.00,0.00,0.00,0.00,0.00,0.00",,0.00,0.00,,
how to calculate a normal map from heightmap,,0,"0.00,0.00,0.00,0.00,0.00,0.00,0.00,0.00,0.00,0.00,0.00,0.00",,0.00,0.00,,
how to calculate a parcel map dimensions,,0,"0.00,0.00,0.00,0.00,0.00,0.00,0.00,0.00,0.00,0.00,0.00,0.00",,0.00,0.00,,
how to calculate a radius on google maps,,0,"0.00,0.00,0.00,0.00,0.00,0.00,0.00,0.00,0.00,0.00,0.00,0.00",,0.00,0.00,,
how to calculate a scale bar for map,,0,"0.00,0.00,0.00,0.00,0.00,0.00,0.00,0.00,0.00,0.00,0.00,0.00",,0.00,0.00,,
how to calculate a scale for a map,,0,"0.00,0.00,0.00,0.00,0.00,0.00,0.00,0.00,0.00,0.00,0.00,0.00",,0.00,0.00,,
how to calculate a simple scale for any size map,,0,"0.00,0.00,0.00,0.00,0.00,0.00,0.00,0.00,0.00,0.00,0.00,0.00",,0.00,0.00,,
how to calculate a straight line distance in google maps,,0,"0.00,0.00,0.00,0.00,0.00,0.00,0.00,0.00,0.00,0.00,0.00,0.00",,0.00,0.00,,
how to calculate a topographic map,,0,"0.00,0.00,0.00,0.00,0.00,0.00,0.00,0.00,0.00,0.00,0.00,0.00",,0.00,0.00,,
how to calculate acreage on a 500 scale map,,0,"0.00,0.00,0.00,0.00,0.00,0.00,0.00,0.00,0.00,0.00,0.00,0.00",,0.00,0.00,,
how to calculate acreage on maps,,0,"0.00,0.00,0.00,0.00,0.00,0.00,0.00,0.00,0.00,0.00,0.00,0.00",,0.00,0.00,,
how to calculate acres from a survey map,,0,"0.00,0.00,0.00,0.00,0.00,0.00,0.00,0.00,0.00,0.00,0.00,0.00",,0.00,0.00,,
how to calculate acres using google maps,,0,"0.00,0.00,0.00,0.00,0.00,0.00,0.00,0.00,0.00,0.00,0.00,0.00",,0.00,0.00,,
how to calculate air distance in google map,,0,"0.00,0.00,0.00,0.00,0.00,0.00,0.00,0.00,0.00,0.00,0.00,0.00",,0.00,0.00,,
how to calculate an area from google map,,0,"0.00,0.00,0.00,0.00,0.00,0.00,0.00,0.00,0.00,0.00,0.00,0.00",,0.00,0.00,,
how to calculate angle on map,,0,"0.00,0.00,0.00,0.00,0.00,0.00,0.00,0.00,0.00,0.00,0.00,0.00",,0.00,0.00,,
how to calculate are an nyc tax map,,0,"0.00,0.00,0.00,0.00,0.00,0.00,0.00,0.00,0.00,0.00,0.00,0.00",,0.00,0.00,,
how to calculate area from satellite map,,0,"0.00,0.00,0.00,0.00,0.00,0.00,0.00,0.00,0.00,0.00,0.00,0.00",,0.00,0.00,,
how to calculate area in map,,0,"0.00,0.00,0.00,0.00,1.00,0.00,0.00,0.00,0.00,0.00,1.00,0.00",,0.00,0.00,,
how to calculate area in map reading,,0,"0.00,0.00,0.00,0.00,0.00,0.00,0.00,0.00,0.00,0.00,0.00,0.00",,0.00,0.00,,
how to calculate area in topographic map,,0,"0.00,1.00,0.00,0.00,0.00,0.00,0.00,0.00,0.00,0.00,0.00,0.00",,0.00,0.00,,
how to calculate area map scale,,0,"0.00,0.00,0.00,0.00,0.00,0.00,0.00,0.00,0.00,0.00,0.00,0.00",,0.00,0.00,,
how to calculate area of a google map,,0,"0.00,0.00,0.00,0.00,0.00,0.00,0.00,0.00,0.00,0.00,0.00,0.00",,0.00,0.00,,
how to calculate area of a map,,0,"0.00,0.00,0.00,0.00,0.00,0.00,0.00,0.00,0.00,0.00,0.00,0.00",,0.00,0.00,,
how to calculate area of a polygon in google maps,,0,"0.00,0.00,0.00,0.00,0.00,0.00,0.00,0.00,0.00,0.00,0.00,0.00",,0.00,0.00,,
how to calculate area of an os map,,0,"0.00,0.00,0.00,0.00,0.00,0.00,0.00,0.00,0.00,0.00,0.00,0.00",,0.00,0.00,,
how to calculate area of map,,0,"0.00,0.00,0.00,0.00,0.00,0.00,0.00,0.00,0.00,0.00,0.00,0.00",,0.00,0.00,,
how to calculate area of topographic map,,0,"0.00,0.00,0.00,0.00,1.00,1.00,0.00,0.00,0.00,0.00,0.00,0.00",,0.00,0.00,,
how to calculate area on a map pdf,,0,"0.00,0.00,0.00,0.00,0.00,0.00,0.00,0.00,0.00,0.00,0.00,0.00",,0.00,0.00,,
how to calculate area on an os map,,0,"0.00,0.00,0.00,0.00,0.00,0.00,0.00,0.00,0.00,0.00,0.00,0.00",,0.00,0.00,,
how to calculate area on google map,,0,"0.00,0.00,0.00,0.00,0.00,0.00,0.00,0.00,0.00,0.00,0.00,0.00",,0.00,0.01,,
how to calculate area scale of the map,,0,"0.00,0.00,0.00,0.00,0.00,0.00,0.00,0.00,0.00,0.00,0.00,0.00",,0.00,0.00,,
how to calculate area through google map,,0,"0.00,0.00,0.00,1.00,0.00,0.00,0.00,0.00,0.00,0.00,0.00,0.00",,0.00,0.00,,
how to calculate areas in google maps,,0,"0.00,0.00,0.00,0.00,0.00,0.00,0.00,0.00,0.00,0.00,0.00,0.00",,0.00,0.00,,
how to calculate atmospheric pressure when reading a map,,0,"0.00,0.00,0.00,0.00,0.00,0.00,0.00,0.00,0.00,0.00,0.00,0.00",,0.00,0.00,,
how to calculate average gradient on a map,,0,"0.00,0.00,0.00,0.00,0.00,0.00,0.00,0.00,0.00,0.00,0.00,0.00",,0.00,0.00,,
how to calculate average mape,,0,"0.00,0.00,0.00,0.00,0.00,0.00,0.00,0.00,0.00,0.00,0.00,0.00",,0.00,0.00,,
how to calculate average slope using topo map,,0,"0.00,0.00,0.00,0.00,0.00,0.00,0.00,0.00,0.00,0.00,0.00,0.00",,0.00,0.00,,
how to calculate average slope using topo map arcgis,,0,"0.00,0.00,0.00,0.00,0.00,0.00,0.00,0.00,0.00,0.00,0.00,0.00",,0.00,0.00,,
how to calculate azimuth on a map,,0,"0.00,0.00,0.00,0.00,0.00,0.00,0.00,0.00,0.00,0.00,0.00,0.00",,0.00,0.00,,
how to calculate barometric pressure on a map,,0,"0.00,0.00,0.00,0.00,0.00,0.00,0.00,0.00,0.00,0.00,0.00,0.00",,0.00,0.00,,
how to calculate barometric pressure on a weather map,,0,"0.00,0.00,0.00,0.00,0.00,0.00,0.00,0.00,0.00,0.00,0.00,0.00",,0.00,0.00,,
how to calculate boost rise on a compressor map,,0,"0.00,0.00,0.00,0.00,0.00,0.00,0.00,0.00,0.00,0.00,0.00,0.00",,0.00,0.00,,
how to calculate bpm for an osu map,,0,"0.00,0.00,0.00,0.00,0.00,0.00,0.00,0.00,0.00,0.00,0.00,0.00",,0.00,0.00,,
how to calculate bpm of alt maps osu,,0,"0.00,0.00,0.00,0.00,0.00,0.00,0.00,0.00,0.00,0.00,0.00,0.00",,0.00,0.00,,
how to calculate bpm of alt maps osu reddit,,0,"0.00,0.00,0.00,0.00,0.00,0.00,0.00,0.00,0.00,0.00,0.00,0.00",,0.00,0.00,,
how to calculate building size on google maps,,0,"0.00,0.00,0.00,0.00,0.00,0.00,0.00,0.00,0.00,0.00,0.00,0.00",,0.00,0.00,,
how to calculate calories burned on map my run,,0,"0.00,0.00,0.00,0.00,0.00,0.00,0.00,0.00,0.00,0.00,0.00,0.00",,0.00,0.00,,
how to calculate calories burned on map my walk,,0,"0.00,0.00,0.00,0.00,0.00,0.00,0.00,0.00,0.00,0.00,0.00,0.00",,0.00,0.00,,
how to calculate calories on map walk app,,0,"0.00,0.00,0.00,0.00,0.00,0.00,0.00,0.00,0.00,0.00,0.00,0.00",,0.00,0.00,,
how to calculate catchment area from contour map,,0,"0.00,0.00,0.00,1.00,0.00,0.00,1.00,0.00,0.00,0.00,0.00,0.00",,0.00,0.00,,
how to calculate cfe mse mad mape madt and ts,,0,"0.00,0.00,0.00,0.00,0.00,0.00,0.00,0.00,0.00,0.00,0.00,0.00",,0.00,0.00,,
how to calculate charge of an em field map,,0,"0.00,0.00,0.00,0.00,0.00,0.00,0.00,0.00,0.00,0.00,0.00,0.00",,0.00,0.00,,
how to calculate coco map,,0,"0.00,0.00,0.00,0.00,0.00,0.00,0.00,0.00,0.00,0.00,0.00,0.00",,0.00,0.00,,
how to calculate concept map in nursing,,0,"0.00,0.00,0.00,0.00,0.00,0.00,0.00,0.00,0.00,0.00,0.00,0.00",,0.00,0.00,,
how to calculate contour intervals on a topographic map,,0,"0.00,0.00,0.00,0.00,0.00,0.00,0.00,0.00,0.00,0.00,0.00,0.00",,0.00,0.00,,
how to calculate contour lines on a map,,0,"0.00,0.00,0.00,0.00,0.00,0.00,0.00,0.00,0.00,0.00,0.00,0.00",,0.00,0.00,,
how to calculate contour map,,0,"0.00,0.00,0.00,0.00,0.00,0.00,0.00,0.00,0.00,0.00,0.00,0.00",,0.00,0.00,,
how to calculate coordinates ragnarok map ark ps4,,0,"0.00,0.00,0.00,0.00,0.00,0.00,0.00,0.00,0.00,0.00,0.00,0.00",,0.00,0.00,,
how to calculate coordinates using a compass on a map,,0,"0.00,0.00,0.00,0.00,0.00,0.00,0.00,0.00,0.00,0.00,0.00,0.00",,0.00,0.00,,
how to calculate correspondance map,,0,"1.00,0.00,0.00,0.00,0.00,0.00,0.00,0.00,0.00,0.00,0.00,0.00",,0.00,0.00,,
how to calculate correspondance map image,,0,"1.00,0.00,0.00,0.00,0.00,0.00,0.00,0.00,0.00,0.00,0.00,0.00",,0.00,0.00,,
how to calculate cpp with map,,0,"0.00,0.00,0.00,0.00,0.00,0.00,0.00,0.00,0.00,0.00,0.00,0.00",,0.00,0.00,,
how to calculate crosses with map distance between two genes,,0,"0.00,0.00,0.00,0.00,0.00,0.00,0.00,0.00,0.00,0.00,0.00,0.00",,0.00,0.00,,
how to calculate cvp from map,,0,"0.00,0.00,0.00,0.00,0.00,0.00,0.00,0.00,0.00,0.00,0.00,0.00",,0.00,0.00,,
how to calculate cycle time in value stream mapping,,0,"0.00,0.00,1.00,0.00,0.00,0.00,0.00,0.00,0.00,0.00,0.00,0.00",,0.00,0.00,,
how to calculate depth from disparity map,,0,"0.00,0.00,0.00,0.00,0.00,0.00,0.00,0.00,0.00,0.00,0.00,0.00",,0.00,0.00,,
how to calculate depth map,,0,"0.00,0.00,0.00,0.00,0.00,0.00,0.00,0.00,0.00,0.00,0.00,0.00",,0.00,0.00,,
how to calculate dew point on a map,,0,"0.00,0.00,0.00,0.00,0.00,0.00,0.00,0.00,0.00,0.00,0.00,0.00",,0.00,0.00,,
how to calculate directions at a sepcific time google map,,0,"0.00,0.00,0.00,0.00,0.00,0.00,0.00,0.00,0.00,0.00,0.00,0.00",,0.00,0.00,,
how to calculate disctance in google maps,,0,"0.00,0.00,0.00,0.00,0.00,0.00,0.00,0.00,0.00,0.00,0.00,0.00",,0.00,0.00,,
how to calculate dispance on google map,,0,"0.00,0.00,0.00,0.00,0.00,0.00,0.00,0.00,0.00,0.00,0.00,0.00",,0.00,0.00,,
how to calculate disparity map,,0,"0.00,0.00,0.00,0.00,0.00,0.00,0.00,0.00,0.00,0.00,0.00,0.00",,0.00,0.00,,
how to calculate displacement on google maps,,0,"0.00,0.00,0.00,0.00,0.00,0.00,0.00,0.00,0.00,0.00,0.00,0.00",,0.00,0.00,,
how to calculate distance and time on a map,,0,"0.00,0.00,0.00,0.00,0.00,0.00,0.00,0.00,0.00,0.00,0.00,0.00",,0.00,0.00,,
how to calculate distance between two cities on google maps,,0,"0.00,0.00,0.00,0.00,0.00,0.00,0.00,0.00,0.00,0.00,0.00,0.00",,0.00,0.00,,
how to calculate distance between two coordinates in google maps,,0,"1.00,0.00,0.00,0.00,0.00,0.00,0.00,0.00,0.00,0.00,0.00,0.00",,0.00,0.00,,
how to calculate distance between two places on google maps,,0,"0.00,0.00,0.00,0.00,0.00,0.00,0.00,0.00,0.00,0.00,0.00,0.00",,0.00,0.00,,
how to calculate distance between two places using google maps,,0,"0.00,0.00,0.00,0.00,0.00,0.00,0.00,0.00,0.00,0.00,0.00,0.00",,0.00,0.00,,
how to calculate distance between two points maps,,0,"0.00,0.00,0.00,0.00,0.00,0.00,0.00,0.00,0.00,0.00,0.00,0.00",,0.00,0.00,,
how to calculate distance between two points maps using c,,0,"0.00,0.00,0.00,0.00,0.00,0.00,0.00,0.00,0.00,0.00,0.00,0.00",,0.00,0.00,,
how to calculate distance covered in google maps,,0,"0.00,0.00,0.00,0.00,0.00,0.00,0.00,0.00,0.00,0.00,0.00,0.00",,0.00,0.00,,
how to calculate distance from google maps in website,,0,"0.00,0.00,0.00,0.00,0.00,0.00,0.00,0.00,0.00,0.00,0.00,0.00",,0.00,0.00,,
how to calculate distance google maps app,,0,"0.00,0.00,0.00,0.00,0.00,0.00,0.00,0.00,0.00,0.00,0.00,0.00",,0.00,0.00,,
how to calculate distance in google map in android,,0,"0.00,0.00,0.00,0.00,0.00,0.00,0.00,0.00,0.00,0.00,0.00,0.00",,0.00,0.00,,
how to calculate distance in google maps api,,0,"0.00,0.00,0.00,0.00,0.00,0.00,0.00,0.00,0.00,0.00,0.00,0.00",,0.00,0.00,,
how to calculate distance in maps,,0,"0.00,0.00,0.00,0.00,0.00,0.00,0.00,0.00,0.00,0.00,0.00,0.00",,0.00,0.00,,
how to calculate distance in matlab mapping,,0,"0.00,0.00,0.00,0.00,0.00,0.00,0.00,0.00,0.00,0.00,0.00,0.00",,0.00,0.00,,
how to calculate distance in power bi map,,0,"0.00,0.00,0.00,0.00,0.00,0.00,0.00,0.00,0.00,0.00,0.00,0.00",,0.00,0.00,,
how to calculate distance on a fantasy map,,0,"0.00,0.00,0.00,0.00,0.00,0.00,0.00,0.00,0.00,0.00,0.00,0.00",,0.00,0.00,,
how to calculate distance on a google map,,0,"0.00,0.00,0.00,0.00,0.00,0.00,0.00,0.00,0.00,0.00,0.00,0.00",,0.00,0.00,,
how to calculate distance on a map daft logic,,0,"0.00,0.00,0.00,0.00,0.00,0.00,0.00,0.00,0.00,0.00,0.00,0.00",,0.00,0.00,,
how to calculate distance on a map pdf,,0,"0.00,0.00,0.00,0.00,0.00,0.00,0.00,0.00,0.00,0.00,0.00,0.00",,0.00,0.00,,
how to calculate distance on a map scale,,0,"0.00,0.00,0.00,0.00,0.00,0.00,0.00,0.00,0.00,0.00,0.00,0.00",,0.00,0.00,,
how to calculate distance on google map app,,0,"0.00,0.00,0.00,0.00,0.00,0.00,0.00,0.00,0.00,0.00,0.00,0.00",,0.00,0.00,,
how to calculate distance on google maps android,,0,"0.00,0.00,0.00,0.00,0.00,0.00,0.00,0.00,0.00,0.00,0.00,0.00",,0.00,0.00,,
how to calculate distance on google maps api,,0,"0.00,0.00,0.00,0.00,0.00,0.00,0.00,0.00,0.00,0.00,0.00,0.00",,0.00,0.00,,
how to calculate distance on google maps between two points,,0,"0.00,0.00,0.00,0.00,0.00,0.00,0.00,0.00,0.00,0.00,0.00,0.00",,0.00,0.00,,
how to calculate distance on google maps iphone,,0,"0.00,0.00,0.00,0.00,0.00,0.00,0.00,0.00,0.00,0.00,0.00,0.00",,0.00,0.00,,
how to calculate distance on google maps mobile,,0,"0.00,0.00,0.00,0.00,0.00,0.00,0.00,0.00,0.00,0.00,0.00,0.00",,0.00,0.00,,
how to calculate distance on google maps with multiple pins,,0,"0.00,0.00,0.00,0.00,0.00,0.00,0.00,0.00,0.00,0.00,0.00,0.00",,0.00,0.00,,
how to calculate distance on map,,0,"0.00,0.00,0.00,0.00,0.00,0.00,0.00,0.00,0.00,0.00,0.00,0.00",,0.00,0.00,,
how to calculate distance on maps,,0,"0.00,0.00,0.00,0.00,0.00,0.00,0.00,0.00,0.00,0.00,0.00,0.00",,0.00,0.00,,
how to calculate distance outside of road with google maps,,0,"0.00,0.00,0.00,0.00,0.00,0.00,0.00,0.00,0.00,0.00,0.00,0.00",,0.00,0.00,,
how to calculate distance run on a map,,0,"0.00,0.00,0.00,0.00,0.00,0.00,0.00,0.00,0.00,0.00,0.00,0.00",,0.00,0.00,,
how to calculate distance run on google maps,,0,"0.00,0.00,0.00,0.00,0.00,0.00,0.00,0.00,0.00,0.00,0.00,0.00",,0.00,0.00,,
how to calculate distance through google maps,,0,"0.00,0.00,0.00,0.00,0.00,0.00,0.00,0.00,0.00,0.00,0.00,0.00",,0.00,0.00,,
how to calculate distance traveled withgooglr maps and time,,0,"0.00,0.00,0.00,0.00,0.00,0.00,0.00,0.00,0.00,0.00,0.00,0.00",,0.00,0.00,,
how to calculate distance units on a gene map,,0,"0.00,0.00,0.00,0.00,0.00,0.00,0.00,0.00,0.00,0.00,0.00,0.00",,0.00,0.00,,
how to calculate distance using a compass on a map,,0,"0.00,0.00,0.00,0.00,0.00,0.00,0.00,0.00,0.00,0.00,0.00,0.00",,0.00,0.00,,
how to calculate distance using google maps api,,0,"0.00,0.00,0.00,0.00,0.00,0.00,0.00,0.00,0.00,0.00,0.00,0.00",,0.00,0.00,,
how to calculate distance walkign usign google maps,,0,"0.00,0.00,0.00,0.00,0.00,0.00,0.00,0.00,0.00,0.00,0.00,0.00",,0.00,0.00,,
how to calculate distance with php and google maps api,,0,"0.00,0.00,0.00,0.00,0.00,0.00,0.00,0.00,0.00,0.00,0.00,0.00",,0.00,0.00,,
how to calculate distances in google maps,,0,"0.00,0.00,0.00,0.00,0.00,0.00,0.00,0.00,0.00,0.00,0.00,0.00",,0.00,0.00,,
how to calculate distances on a map,,0,"0.00,0.00,0.00,0.00,0.00,0.00,0.00,0.00,0.00,0.00,0.00,0.00",,0.00,0.00,,
how to calculate distances using google maps,,0,"0.00,0.00,0.00,0.00,0.00,0.00,0.00,0.00,0.00,0.00,0.00,0.00",,0.00,0.00,,
how to calculate dosimetry for y90 mapping,,0,"0.00,0.00,0.00,0.00,0.00,0.00,0.00,0.00,0.00,0.00,0.00,0.00",,0.00,0.00,,
how to calculate drainage density map in arcgis,,0,"0.00,0.00,0.00,0.00,0.00,0.00,0.00,0.00,0.00,0.00,0.00,0.00",,0.00,0.00,,
how to calculate drive tim in google maps,,0,"0.00,0.00,0.00,0.00,0.00,0.00,0.00,0.00,0.00,0.00,0.00,0.00",,0.00,0.00,,
how to calculate driving distance on google maps,,0,"0.00,0.00,0.00,0.00,0.00,0.00,0.00,0.00,0.00,0.00,0.00,0.00",,0.00,0.00,,
how to calculate driving distance with google maps api v3,,0,"0.00,0.00,0.00,0.00,0.00,0.00,0.00,0.00,0.00,0.00,0.00,0.00",,0.00,0.00,,
how to calculate efficiency in value stream mapping,,0,"0.00,0.00,0.00,0.00,0.00,0.00,0.00,0.00,0.00,0.00,0.00,0.00",,0.00,0.00,,
how to calculate electoral map,,0,"0.00,0.00,0.00,0.00,0.00,0.00,0.00,0.00,0.00,0.00,0.00,0.00",,0.00,0.00,,
how to calculate electric field potential voltage map,,0,"0.00,0.00,0.00,0.00,0.00,0.00,0.00,0.00,0.00,0.00,0.00,0.00",,0.00,0.00,,
how to calculate electron potential map spartan,,0,"0.00,0.00,0.00,0.00,0.00,0.00,0.00,0.00,0.00,0.00,0.00,0.00",,0.00,0.00,,
how to calculate elevation different two locations google maps,,0,"0.00,0.00,0.00,0.00,0.00,0.00,0.00,0.00,0.00,0.00,0.00,0.00",,0.00,0.00,,
how to calculate elevation in google maps,,0,"0.00,0.00,0.00,0.00,0.00,0.00,0.00,0.00,0.00,0.00,0.00,0.00",,0.00,0.00,,
how to calculate elevation on google maps,,0,"0.00,0.00,0.00,0.00,0.00,0.00,0.00,0.00,0.00,0.00,0.00,0.00",,0.00,0.00,,
how to calculate evaporation with a map,,0,"0.00,0.00,0.00,0.00,0.00,0.00,0.00,0.00,0.00,0.00,0.00,0.00",,0.00,0.00,,
how to calculate feature map cnn,,0,"0.00,0.00,0.00,0.00,0.00,0.00,0.00,0.00,0.00,0.00,0.00,0.00",,0.00,0.00,,
how to calculate feet on a map,,0,"0.00,0.00,0.00,0.00,0.00,0.00,0.00,0.00,0.00,0.00,0.00,0.00",,0.00,0.00,,
how to calculate feet on maps,,0,"0.00,0.00,0.00,0.00,0.00,0.00,0.00,0.00,0.00,0.00,0.00,0.00",,0.00,0.00,,
how to calculate flight time vs map area drone deploy,,0,"0.00,0.00,0.00,0.00,0.00,0.00,0.00,0.00,0.00,0.00,0.00,0.00",,0.00,0.00,,
how to calculate for map reduction,,0,"0.00,0.00,0.00,0.00,0.00,0.00,0.00,0.00,0.00,0.00,0.00,0.00",,0.00,0.00,,
how to calculate forecast mape,,0,"0.00,0.00,0.00,0.00,0.00,0.00,0.00,0.00,0.00,0.00,0.00,0.00",,0.00,0.00,,
how to calculate fuel for a trip using google maps,,0,"0.00,0.00,0.00,0.00,0.00,0.00,0.00,0.00,0.00,0.00,0.00,0.00",,0.00,0.00,,
how to calculate gas on google maps,,0,"0.00,0.00,0.00,0.00,0.00,0.00,0.00,0.00,0.00,0.00,0.00,0.00",,0.00,0.00,,
how to calculate gas price using google maps,,0,"0.00,0.00,0.00,0.00,0.00,0.00,0.00,0.00,0.00,0.00,0.00,0.00",,0.00,0.00,,
how to calculate gas via google maps,,0,"0.00,0.00,0.00,0.00,0.00,0.00,0.00,0.00,0.00,0.00,0.00,0.00",,0.00,0.00,,
how to calculate gauge height from topographic map,,0,"0.00,0.00,0.00,0.00,0.00,0.00,0.00,0.00,0.00,0.00,0.00,0.00",,0.00,0.00,,
how to calculate gauge height topographic map,,0,"0.00,0.00,0.00,0.00,0.00,0.00,0.00,0.00,0.00,0.00,0.00,0.00",,0.00,0.00,,
how to calculate gauge hight from topographic map,,0,"0.00,0.00,0.00,0.00,0.00,0.00,0.00,0.00,0.00,0.00,0.00,0.00",,0.00,0.00,,
how to calculate gauss map,,0,"0.00,0.00,0.00,0.00,0.00,0.00,0.00,0.00,0.00,0.00,0.00,0.00",,0.00,0.00,,
how to calculate gene map distance,,0,"0.00,1.00,0.00,0.00,0.00,0.00,1.00,0.00,0.00,0.00,0.00,0.00",,0.00,0.00,,
how to calculate gene map units,,0,"0.00,0.00,0.00,0.00,0.00,0.00,0.00,0.00,0.00,0.00,0.00,0.00",,0.00,0.00,,
how to calculate gene maps,,0,"0.00,0.00,0.00,0.00,0.00,0.00,0.00,0.00,0.00,0.00,0.00,0.00",,0.00,0.00,,
how to calculate genetic map length,,0,"0.00,0.00,0.00,0.00,0.00,0.00,0.00,0.00,0.00,0.00,0.00,0.00",,0.00,0.00,,
how to calculate geolocation without google maps,,0,"0.00,0.00,0.00,0.00,0.00,0.00,0.00,0.00,0.00,0.00,0.00,0.00",,0.00,0.00,,
how to calculate google map distance,,0,"0.00,0.00,0.00,0.00,0.00,0.00,0.00,0.00,0.00,0.00,0.00,0.00",,0.00,0.00,,
how to calculate google map scale,,0,"0.00,0.00,0.00,0.00,0.00,0.00,0.00,0.00,0.00,0.00,0.00,0.00",,0.00,0.00,,
how to calculate google maps distance in excel,,0,"0.00,0.00,0.00,0.00,0.00,0.00,0.00,0.00,0.00,0.00,0.00,0.00",,0.00,0.00,,
how to calculate google maps zoom level,,0,"0.00,0.00,0.00,0.00,0.00,0.00,0.00,0.00,0.00,0.00,0.00,0.00",,0.00,0.00,,
how to calculate gps point in google maps,,0,"0.00,0.00,0.00,0.00,0.00,0.00,0.00,0.00,0.00,0.00,0.00,0.00",,0.00,0.00,,
how to calculate gradient between two points on a map,,0,"0.00,0.00,0.00,0.00,0.00,0.00,0.00,0.00,0.00,0.00,0.00,0.00",,0.00,0.00,,
how to calculate gradient in topographic map,,0,"0.00,0.00,0.00,0.00,0.00,0.00,0.00,0.00,0.00,0.00,0.00,0.00",,0.00,0.00,,
how to calculate gradient of a topographic map,,0,"0.00,0.00,0.00,0.00,0.00,0.00,0.00,0.00,0.00,0.00,0.00,0.00",,0.00,0.00,,
how to calculate gradient on a topographic map pdf,,0,"0.00,0.00,0.00,0.00,0.00,0.00,0.00,0.00,0.00,0.00,0.00,0.00",,0.00,0.00,,
how to calculate gradient on a topographic map without scale,,0,"0.00,0.00,0.00,0.00,0.00,0.00,0.00,0.00,0.00,0.00,0.00,0.00",,0.00,0.00,,
how to calculate gradient topogrpahic map,,0,"0.00,0.00,0.00,0.00,0.00,0.00,0.00,0.00,0.00,0.00,0.00,0.00",,0.00,0.00,,
how to calculate gradual slope slope topographic map,,0,"0.00,0.00,0.00,0.00,0.00,0.00,0.00,0.00,0.00,0.00,0.00,0.00",,0.00,0.00,,
how to calculate grid reference on a map,,0,"0.00,0.00,0.00,0.00,1.00,0.00,0.00,0.00,0.00,0.00,0.00,0.00",,0.00,0.00,,
how to calculate ground unit using scale and map unit,,0,"0.00,0.00,0.00,0.00,0.00,0.00,0.00,0.00,0.00,0.00,0.00,0.00",,0.00,0.00,,
how to calculate hailstone nubers using maps and sets,,0,"0.00,0.00,0.00,0.00,0.00,0.00,0.00,0.00,0.00,0.00,0.00,0.00",,0.00,0.00,,
how to calculate hectares on google maps,,0,"0.00,0.00,0.00,0.00,0.00,0.00,0.00,0.00,0.00,0.00,0.00,0.00",,0.00,0.00,,
how to calculate horizontal scale on a topographic map,,0,"1.00,0.00,0.00,0.00,0.00,0.00,0.00,0.00,0.00,0.00,0.00,0.00",,0.00,0.00,,
how to calculate horizontal scale on a topographic map online,,0,"1.00,0.00,0.00,0.00,0.00,0.00,0.00,0.00,0.00,0.00,0.00,0.00",,0.00,0.00,,
how to calculate horsepower using map,,0,"0.00,0.00,0.00,0.00,0.00,0.00,0.00,0.00,0.00,0.00,0.00,0.00",,0.00,0.00,,
how to calculate hours distance on a map,,0,"0.00,0.00,0.00,0.00,0.00,0.00,0.00,0.00,0.00,0.00,0.00,0.00",,0.00,0.00,,
how to calculate how far i walked on google maps,,0,"0.00,0.00,0.00,0.00,0.00,0.00,0.00,0.00,0.00,0.00,0.00,0.00",,0.00,0.00,,
how to calculate how far you walked on google maps,,0,"0.00,0.00,0.00,0.00,0.00,0.00,0.00,0.00,0.00,0.00,0.00,0.00",,0.00,0.00,,
how to calculate how long in google maps,,0,"0.00,0.00,0.00,0.00,0.00,0.00,0.00,0.00,0.00,0.00,0.00,0.00",,0.00,0.00,,
how to calculate icp map,,0,"0.00,0.00,0.00,0.00,0.00,0.00,0.00,0.00,0.00,0.00,0.00,0.00",,0.00,0.00,,
how to calculate inches to miles on a map scale,,0,"0.00,0.00,0.00,0.00,0.00,0.00,0.00,0.00,0.00,0.00,0.00,0.00",,0.00,0.00,,
how to calculate interference in gene mapping,,0,"0.00,0.00,0.00,0.00,0.00,0.00,0.00,0.00,0.00,0.00,0.00,0.00",,0.00,0.00,,
how to calculate inventory in value stream mapping,,0,"0.00,0.00,0.00,0.00,0.00,0.00,0.00,0.00,0.00,0.00,0.00,0.00",,0.00,0.00,,
how to calculate jogging distance on google maps,,0,"0.00,0.00,0.00,0.00,0.00,0.00,0.00,0.00,0.00,0.00,0.00,0.00",,0.00,0.00,,
how to calculate land area from google maps,,0,"0.00,0.00,0.00,0.00,0.00,0.00,0.00,0.00,0.00,0.00,0.00,0.00",,0.00,0.00,,
how to calculate landmass of country using map,,0,"0.00,0.00,0.00,0.00,0.00,0.00,0.00,0.00,0.00,0.00,0.00,0.00",,0.00,0.00,,
how to calculate latitude and longitude on a topographic map,,0,"0.00,0.00,0.00,0.00,1.00,1.00,0.00,0.00,0.00,0.00,0.00,0.00",,0.00,0.00,,
how to calculate latitude and longitude on google maps,,0,"0.00,0.00,0.00,1.00,0.00,0.00,0.00,0.00,0.00,0.00,0.00,0.00",,0.00,0.00,,
how to calculate latitude and longitude on map,,0,"0.00,0.00,0.00,0.00,0.00,0.00,0.00,0.00,0.00,0.00,0.00,0.00",,0.00,0.00,,
how to calculate latitude and longitude on topographic map,,0,"0.00,0.00,0.00,0.00,0.00,0.00,0.00,0.00,0.00,0.00,0.00,0.00",,0.00,0.00,,
how to calculate latitude and longtitude on a map,,0,"0.00,0.00,0.00,0.00,0.00,0.00,0.00,0.00,0.00,0.00,0.00,0.00",,0.00,0.00,,
how to calculate light on depth map,,0,"0.00,0.00,0.00,0.00,0.00,0.00,0.00,0.00,0.00,0.00,0.00,0.00",,0.00,0.00,,
how to calculate linkage map units,,0,"0.00,0.00,0.00,0.00,0.00,0.00,0.00,0.00,0.00,0.00,0.00,0.00",,0.00,0.00,,
how to calculate longitude and latitude in google maps,,0,"0.00,0.00,0.00,0.00,0.00,0.00,0.00,0.00,0.00,0.00,0.00,0.00",,0.00,0.00,,
how to calculate longitude and latitude on a geographical map,,0,"0.00,0.00,0.00,0.00,0.00,0.00,0.00,0.00,0.00,0.00,0.00,0.00",,0.00,0.00,,
how to calculate longitude and latitude on a topographic map,,0,"0.00,0.00,0.00,0.00,0.00,0.00,0.00,0.00,0.00,0.00,0.00,0.00",,0.00,0.00,,
how to calculate longitude and latitude on google map,,0,"0.00,0.00,0.00,0.00,0.00,0.00,0.00,0.00,0.00,0.00,0.00,0.00",,0.00,0.00,,
how to calculate lot size based on parcel map,,0,"0.00,0.00,0.00,0.00,0.00,0.00,0.00,0.00,0.00,0.00,0.00,0.00",,0.00,0.00,,
how to calculate mad and mape,,0,"0.00,0.00,0.00,0.00,0.00,0.00,0.00,0.00,0.00,0.00,0.00,0.00",,0.00,0.00,,
how to calculate mad and mape in excel,,0,"0.00,0.00,0.00,0.00,0.00,0.00,0.00,0.00,0.00,0.00,0.00,0.00",,0.00,0.00,,
how to calculate mad and mse mape in excel,,0,"0.00,0.00,0.00,0.00,0.00,0.00,0.00,0.00,0.00,0.00,0.00,0.00",,0.00,0.00,,
how to calculate mad mse and mape on calculator,,0,"0.00,0.00,0.00,0.00,0.00,0.00,0.00,0.00,0.00,0.00,0.00,0.00",,0.00,0.00,,
how to calculate mad nad mape for moving average,,0,"0.00,0.00,0.00,0.00,0.00,0.00,0.00,0.00,0.00,0.00,0.00,0.00",,0.00,0.00,,
how to calculate maf from map,,0,"0.00,0.00,0.00,0.00,0.00,0.00,0.00,0.00,0.00,0.00,0.00,0.00",,0.00,0.00,,
how to calculate magnetic declination on a topographic map pdf,,0,"0.00,0.00,0.00,0.00,0.00,0.00,0.00,0.00,0.00,0.00,0.00,0.00",,0.00,0.00,,
how to calculate magnetic polarity map,,0,"0.00,0.00,0.00,0.00,0.00,0.00,0.00,0.00,0.00,0.00,0.00,0.00",,0.00,0.00,,
how to calculate many addres in google maps,,0,"0.00,0.00,0.00,0.00,0.00,0.00,0.00,0.00,0.00,0.00,0.00,0.00",,0.00,0.00,,
how to calculate map accuracy,,0,"0.00,0.00,0.00,0.00,0.00,0.00,0.00,0.00,0.00,0.00,0.00,0.00",,0.00,0.00,,
how to calculate map and iou,,0,"0.00,0.00,0.00,0.00,0.00,0.00,0.00,0.00,0.00,0.00,0.00,0.00",,0.00,0.00,,
how to calculate map base on systolic and diastolic bp,,0,"0.00,0.00,0.00,0.00,0.00,0.00,0.00,0.00,0.00,0.00,0.00,0.00",,0.00,0.00,,
how to calculate map calculator,,0,"0.00,0.00,0.00,1.00,0.00,1.00,0.00,0.00,0.00,0.00,0.00,0.00",,0.00,0.00,,
how to calculate map deep learning,,0,"0.00,0.00,0.00,0.00,0.00,0.00,0.00,0.00,0.00,0.00,0.00,0.00",,0.00,0.00,,
how to calculate map distance and recombination frequeny,,0,"0.00,0.00,0.00,0.00,0.00,0.00,0.00,0.00,0.00,0.00,0.00,0.00",,0.00,0.00,,
how to calculate map distance between 2 genes,,0,"0.00,0.00,0.00,0.00,0.00,0.00,0.00,0.00,0.00,0.00,0.00,0.00",,0.00,0.00,,
how to calculate map distance between gene and centromere,,0,"0.00,0.00,0.00,0.00,0.00,0.00,0.00,0.00,0.00,0.00,0.00,0.00",,0.00,0.00,,
how to calculate map distance between linked genes,,0,"0.00,0.00,0.00,0.00,0.00,0.00,0.00,0.00,0.00,0.00,0.00,0.00",,0.00,0.00,,
how to calculate map distance biology,,0,"0.00,0.00,0.00,0.00,0.00,0.00,0.00,0.00,0.00,0.00,0.00,0.00",,0.00,0.00,,
how to calculate map distance from recombination frequency,,0,"0.00,0.00,0.00,0.00,0.00,0.00,0.00,0.00,0.00,0.00,0.00,0.00",,0.00,0.00,,
how to calculate map distance geography,,0,"0.00,0.00,0.00,0.00,0.00,1.00,0.00,0.00,0.00,0.00,0.00,0.00",,0.00,0.00,,
how to calculate map distance given inversion and recombination frequency,,0,"0.00,0.00,0.00,0.00,0.00,0.00,0.00,0.00,0.00,0.00,0.00,0.00",,0.00,0.00,,
how to calculate map distance of genes,,0,"0.00,0.00,0.00,0.00,0.00,0.00,0.00,0.00,0.00,0.00,0.00,0.00",,0.00,0.00,,
how to calculate map distances between genes,,0,"0.00,0.00,0.00,0.00,0.00,0.00,0.00,0.00,0.00,0.00,0.00,0.00",,0.00,0.00,,
how to calculate map easy way,,0,"0.00,0.00,0.00,0.00,0.00,0.00,0.00,0.00,0.00,0.00,0.00,0.00",,0.00,0.00,,
how to calculate map equation,,0,"0.00,0.00,0.00,0.00,0.00,0.00,0.00,0.00,0.00,0.00,0.00,0.00",,0.00,0.00,,
how to calculate map estimate,,0,"0.00,0.00,0.00,0.00,0.00,0.00,0.00,0.00,0.00,0.00,0.00,0.00",,0.00,0.00,,
how to calculate map from a given blood pressure,,0,"0.00,0.00,0.00,0.00,0.00,0.00,0.00,0.00,0.00,0.00,0.00,0.00",,0.00,0.00,,
how to calculate map from blood pressure reading,,0,"0.00,0.00,0.00,0.00,0.00,0.00,0.00,0.00,0.00,0.00,0.00,0.00",,0.00,0.00,,
how to calculate map given 2 distributions,,0,"0.00,0.00,0.00,0.00,0.00,0.00,0.00,0.00,0.00,0.00,0.00,0.00",,0.00,0.00,,
how to calculate map given diastolic and systolic pressure,,0,"0.00,0.00,0.00,0.00,0.00,0.00,0.00,0.00,0.00,0.00,0.00,0.00",,0.00,0.00,,
how to calculate map goals,,0,"0.00,0.00,0.00,0.00,0.00,0.00,0.00,0.00,0.00,0.00,0.00,0.00",,0.00,0.00,,
how to calculate map gradient,,0,"0.00,0.00,0.00,0.00,0.00,0.00,0.00,0.00,0.00,0.00,0.00,0.00",,0.00,0.00,,
how to calculate map heart,,0,"0.00,0.00,0.00,0.00,0.00,0.00,0.00,0.00,0.00,0.00,0.00,0.00",,0.00,0.00,,
how to calculate map in nursing,,0,"0.00,0.00,0.00,0.00,0.00,0.00,0.00,0.00,0.00,0.00,0.00,0.00",,0.00,0.00,,
how to calculate map in object detection,,0,"0.00,0.00,0.00,0.00,0.00,0.00,0.00,0.00,0.00,0.00,0.00,0.00",,0.00,0.00,,
how to calculate map in peads,,0,"0.00,0.00,0.00,0.00,0.00,0.00,0.00,0.00,0.00,0.00,0.00,0.00",,0.00,0.00,,
how to calculate map in tensorflow,,0,"0.00,0.00,0.00,0.00,0.00,0.00,0.00,0.00,0.00,0.00,0.00,0.00",,0.00,0.00,,
how to calculate map mean average precision,,0,"0.00,0.00,0.00,0.00,0.00,0.00,0.00,0.00,0.00,0.00,0.00,0.00",,0.00,0.00,,
how to calculate map mmhg,,0,"0.00,0.00,0.00,0.00,0.00,0.00,0.00,0.00,0.00,0.00,0.00,0.00",,0.00,0.00,,
how to calculate map nwea goals,,0,"0.00,0.00,0.00,0.00,0.00,0.00,0.00,0.00,0.00,0.00,0.00,0.00",,0.00,0.00,,
how to calculate map on bp,,0,"0.00,0.00,0.00,0.00,0.00,0.00,0.00,0.00,0.00,0.00,0.00,0.00",,0.00,0.00,,
how to calculate map on pressure graph,,0,"0.00,0.00,0.00,0.00,0.00,0.00,0.00,0.00,0.00,0.00,0.00,0.00",,0.00,0.00,,
how to calculate map position genetics,,0,"0.00,0.00,0.00,0.00,0.00,0.00,0.00,0.00,0.00,0.00,0.00,0.00",,0.00,0.00,,
how to calculate map projections,,0,"0.00,0.00,0.00,0.00,0.00,0.00,0.00,0.00,0.00,0.00,0.00,0.00",,0.00,0.00,,
how to calculate map ranking,,0,"0.00,0.00,0.00,0.00,0.00,0.00,0.00,0.00,0.00,0.00,0.00,0.00",,0.00,0.00,,
how to calculate map reading in geography,,0,"0.00,0.00,0.00,0.00,0.00,0.00,0.00,0.00,0.00,0.00,0.00,0.00",,0.00,0.00,,
how to calculate map relief,,0,"0.00,0.00,0.00,0.00,0.00,0.00,0.00,0.00,0.00,0.00,0.00,0.00",,0.00,0.00,,
how to calculate map resolution using minimum mapping unit,,0,"0.00,0.00,0.00,0.00,0.00,0.00,0.00,0.00,0.00,0.00,0.00,0.00",,0.00,0.00,,
how to calculate map sbp dbp,,0,"0.00,0.00,0.00,0.00,0.00,0.00,0.00,0.00,0.00,0.00,0.00,0.00",,0.00,0.00,,
how to calculate map scale area,,0,"0.00,0.00,0.00,0.00,0.00,0.00,0.00,0.00,0.00,0.00,0.00,0.00",,0.00,0.00,,
how to calculate map scale in feet,,0,"0.00,0.00,0.00,0.00,0.00,0.00,0.00,0.00,0.00,0.00,0.00,0.00",,0.00,0.00,,
how to calculate map scale of area,,0,"0.00,0.00,0.00,0.00,0.00,0.00,0.00,0.00,0.00,0.00,0.00,0.00",,0.00,0.00,,
how to calculate map scale pdf,,0,"0.00,0.00,0.00,0.00,0.00,0.00,0.00,0.00,0.00,0.00,0.00,0.00",,0.00,0.00,,
how to calculate map scale using 1 24000,,0,"0.00,0.00,0.00,0.00,0.00,0.00,0.00,0.00,0.00,0.00,0.00,0.00",,0.00,0.00,,
how to calculate map scales,,0,"0.00,0.00,0.00,0.00,0.00,0.00,0.00,0.00,0.00,0.00,0.00,0.00",,0.00,0.00,,
how to calculate map scores,,0,"0.00,0.00,0.00,0.00,0.00,0.00,0.00,0.00,0.00,0.00,0.00,0.00",,0.00,0.00,,
how to calculate map test score,,0,"0.00,0.00,0.00,0.00,0.00,0.00,0.00,0.00,0.00,0.00,0.00,0.00",,0.00,0.00,,
how to calculate map unit,,0,"0.00,0.00,0.00,0.00,0.00,0.00,0.00,0.00,0.00,0.00,0.00,0.00",,0.00,0.00,,
how to calculate map unit distance,,0,"0.00,0.00,0.00,0.00,1.00,0.00,0.00,0.00,0.00,0.00,0.00,0.00",,0.00,0.00,,
how to calculate map unit distance bacteriophage,,0,"0.00,0.00,0.00,0.00,0.00,0.00,0.00,0.00,0.00,0.00,0.00,0.00",,0.00,0.00,,
how to calculate map unit using scale and ground unit,,0,"0.00,0.00,0.00,0.00,0.00,0.00,0.00,0.00,0.00,0.00,0.00,0.00",,0.00,0.00,,
how to calculate map unites,,0,"0.00,0.00,0.00,0.00,0.00,0.00,0.00,0.00,0.00,0.00,0.00,0.00",,0.00,0.00,,
how to calculate map units between loci,,0,"0.00,0.00,0.00,0.00,0.00,0.00,0.00,0.00,0.00,0.00,0.00,0.00",,0.00,0.00,,
how to calculate map units biology,,0,"0.00,0.00,0.00,0.00,0.00,0.00,0.00,0.00,0.00,0.00,0.00,0.00",,0.00,0.00,,
how to calculate map units in ap bio,,0,"0.00,0.00,0.00,0.00,0.00,0.00,0.00,0.00,0.00,0.00,0.00,0.00",,0.00,0.00,,
how to calculate map units in genes,,0,"0.00,0.00,0.00,0.00,0.00,0.00,0.00,0.00,0.00,0.00,0.00,0.00",,0.00,0.00,,
how to calculate map units in genetics,,0,"0.00,0.00,0.00,0.00,0.00,0.00,0.00,0.00,0.00,0.00,0.00,0.00",,0.00,0.00,,
how to calculate map units mcat,,0,"0.00,0.00,0.00,0.00,0.00,0.00,0.00,0.00,0.00,0.00,0.00,0.00",,0.00,0.00,,
how to calculate map units sordaria,,0,"0.00,0.00,0.00,0.00,0.00,0.00,0.00,0.00,0.00,0.00,0.00,0.00",,0.00,0.00,,
how to calculate map units with three variables,,0,"0.00,0.00,0.00,0.00,0.00,0.00,0.00,0.00,0.00,0.00,0.00,0.00",,0.00,0.00,,
how to calculate map unitss,,0,"0.00,0.00,0.00,0.00,0.00,0.00,0.00,0.00,0.00,0.00,0.00,0.00",,0.00,0.00,,
how to calculate map untis,,0,"0.00,0.00,0.00,0.00,0.00,0.00,0.00,0.00,0.00,0.00,0.00,0.00",,0.00,0.00,,
how to calculate map using blood pressure,,0,"0.00,0.00,0.00,0.00,0.00,0.00,0.00,0.00,0.00,0.00,0.00,0.00",,0.00,0.00,,
how to calculate map using bp,,0,"0.00,0.00,0.00,0.00,0.00,0.00,0.00,0.00,0.00,0.00,0.00,0.00",,0.00,0.00,,
how to calculate map using doppler for lvad,,0,"0.00,0.00,0.00,0.00,0.00,0.00,0.00,0.00,0.00,0.00,0.00,0.00",,0.00,0.00,,
how to calculate map when you don't have bp,,0,"0.00,0.00,0.00,0.00,0.00,0.00,0.00,0.00,0.00,0.00,0.00,0.00",,0.00,0.00,,
how to calculate map with doppler,,0,"0.00,0.00,0.00,0.00,0.00,0.00,0.00,0.00,0.00,0.00,0.00,0.00",,0.00,0.00,,
how to calculate map with pulse pressure,,0,"0.00,0.00,0.00,0.00,0.00,0.00,0.00,0.00,0.00,0.00,0.00,0.00",,0.00,0.00,,
how to calculate map.,,0,"0.00,0.00,0.00,0.00,0.00,0.00,0.00,0.00,0.00,0.00,0.00,0.00",,0.00,0.00,,
how to calculate mape by hand,,0,"0.00,0.00,0.00,0.00,0.00,0.00,0.00,0.00,0.00,0.00,0.00,0.00",,0.00,0.00,,
how to calculate mape for a specific forecast,,0,"0.00,0.00,0.00,0.00,0.00,0.00,0.00,0.00,0.00,0.00,0.00,0.00",,0.00,0.00,,
how to calculate mape for mlr model,,0,"0.00,0.00,0.00,0.00,0.00,0.00,0.00,0.00,0.00,0.00,0.00,0.00",,0.00,0.00,,
how to calculate mape for mlr model xlminer,,0,"0.00,0.00,0.00,0.00,0.00,0.00,0.00,0.00,0.00,0.00,0.00,0.00",,0.00,0.00,,
how to calculate mape for wma,,0,"0.00,0.00,0.00,0.00,0.00,0.00,0.00,0.00,0.00,0.00,0.00,0.00",,0.00,0.00,,
how to calculate mape forecast,,0,"0.00,0.00,0.00,0.00,0.00,0.00,0.00,0.00,0.00,0.00,0.00,0.00",,0.00,0.00,,
how to calculate mape forecasting,,0,"0.00,0.00,0.00,0.00,0.00,0.00,0.00,0.00,0.00,0.00,0.00,0.00",,0.00,0.00,,
how to calculate mape from mae,,0,"0.00,0.00,0.00,0.00,0.00,0.00,0.00,0.00,0.00,0.00,0.00,0.00",,0.00,0.00,,
how to calculate mape from mse,,0,"0.00,0.00,0.00,0.00,0.00,0.00,0.00,0.00,0.00,0.00,0.00,0.00",,0.00,0.00,,
how to calculate mape in forecasting example,,0,"0.00,0.00,0.00,0.00,0.00,0.00,0.00,0.00,0.00,0.00,0.00,0.00",,0.00,0.00,,
how to calculate mape in forecasting in r,,0,"0.00,0.00,0.00,0.00,0.00,0.00,0.00,0.00,0.00,0.00,0.00,0.00",,0.00,0.00,,
how to calculate mape in jmp,,0,"0.00,0.00,0.00,0.00,0.00,0.00,0.00,0.00,0.00,0.00,0.00,0.00",,0.00,0.00,,
how to calculate mape in matlab,,0,"0.00,0.00,0.00,0.00,0.00,0.00,0.00,0.00,0.00,0.00,0.00,0.00",,0.00,0.00,,
how to calculate mape in minitab,,0,"0.00,0.00,0.00,0.00,0.00,0.00,0.00,0.00,0.00,0.00,0.00,0.00",,0.00,0.00,,
how to calculate mape in regression,,0,"0.00,0.00,0.00,0.00,0.00,0.00,0.00,0.00,0.00,0.00,0.00,0.00",,0.00,0.00,,
how to calculate mape in sas,,0,"0.00,0.00,0.00,0.00,0.00,0.00,0.00,0.00,0.00,0.00,0.00,0.00",,0.00,0.00,,
how to calculate mape in sklearn,,0,"0.00,0.00,0.00,0.00,0.00,0.00,0.00,0.00,0.00,0.00,0.00,0.00",,0.00,0.00,,
how to calculate mape in tableau,,0,"0.00,0.00,0.00,0.00,0.00,0.00,0.00,0.00,0.00,0.00,0.00,0.00",,0.00,0.00,,
how to calculate mape in time series data,,0,"0.00,0.00,0.00,0.00,0.00,0.00,0.00,0.00,0.00,0.00,0.00,0.00",,0.00,0.00,,
how to calculate mape iusing functionn r,,0,"0.00,0.00,0.00,0.00,0.00,0.00,0.00,0.00,0.00,0.00,0.00,0.00",,0.00,0.00,,
how to calculate mape python,,0,"0.00,0.00,0.00,0.00,0.00,0.00,0.00,0.00,0.00,0.00,0.00,0.00",,0.00,0.00,,
how to calculate mape value,,0,"0.00,0.00,0.00,0.00,0.00,0.00,0.00,0.00,0.00,0.00,0.00,0.00",,0.00,0.00,,
how to calculate mape values,,0,"0.00,0.00,0.00,0.00,0.00,0.00,0.00,0.00,0.00,0.00,0.00,0.00",,0.00,0.00,,
how to calculate mape when actual is zero,,0,"0.00,0.00,0.00,0.00,0.00,0.00,0.00,0.00,0.00,0.00,0.00,0.00",,0.00,0.00,,
how to calculate mape when actuals has zero,,0,"0.00,0.00,0.00,0.00,0.00,0.00,0.00,0.00,0.00,0.00,0.00,0.00",,0.00,0.00,,
how to calculate mape with a number of skus,,0,"0.00,0.00,0.00,0.00,0.00,0.00,0.00,0.00,0.00,0.00,0.00,0.00",,0.00,0.00,,
how to calculate mapping distance in genetics,,0,"0.00,0.00,0.00,0.00,0.00,0.00,0.00,0.00,0.00,0.00,0.00,0.00",,0.00,0.00,,
how to calculate mapping location for two point cross flies,,0,"0.00,0.00,0.00,0.00,0.00,0.00,0.00,0.00,0.00,0.00,0.00,0.00",,0.00,0.00,,
how to calculate mapping photo interval,,0,"0.00,0.00,0.00,0.00,0.00,0.00,0.00,0.00,0.00,0.00,0.00,0.00",,0.00,0.00,,
how to calculate mapreduce map memory mb,,0,"0.00,0.00,0.00,0.00,0.00,0.00,0.00,0.00,0.00,0.00,0.00,0.00",,0.00,0.00,,
how to calculate maps,,0,"1.00,0.00,0.00,1.00,0.00,0.00,0.00,0.00,1.00,0.00,0.00,0.00",,0.00,0.00,,
how to calculate mbps from maps,,0,"0.00,0.00,0.00,0.00,0.00,0.00,0.00,0.00,0.00,0.00,0.00,0.00",,0.00,0.00,,
how to calculate mean absolute percentage error mape,,0,"0.00,0.00,0.00,0.00,0.00,0.00,0.00,0.00,0.00,0.00,0.00,0.00",,0.00,0.00,,
how to calculate mfe mad and mape,,0,"0.00,0.00,0.00,0.00,0.00,0.00,0.00,0.00,0.00,0.00,0.00,0.00",,0.00,0.00,,
how to calculate milage in maps,,0,"0.00,0.00,0.00,0.00,0.00,0.00,0.00,0.00,0.00,0.00,0.00,0.00",,0.00,0.00,,
how to calculate mileage between two points in google maps,,0,"0.00,0.00,0.00,0.00,0.00,0.00,0.00,0.00,0.00,0.00,0.00,0.00",,0.00,0.00,,
how to calculate mileage from google maps timeline,,0,"0.00,0.00,0.00,0.00,0.00,0.00,0.00,0.00,0.00,0.00,0.00,0.00",,0.00,0.00,,
how to calculate mileage in google maps,,0,"0.00,0.00,0.00,0.00,0.00,0.00,0.00,0.00,0.00,0.00,0.00,0.00",,0.00,0.00,,
how to calculate mileage in maps,,0,"0.00,0.00,0.00,0.00,0.00,0.00,0.00,0.00,0.00,0.00,0.00,0.00",,0.00,0.00,,
how to calculate mileage on a map,,0,"0.00,0.00,0.00,0.00,0.00,0.00,0.00,0.00,0.00,0.00,0.00,0.00",,0.00,0.00,,
how to calculate miles driven in excel google maps,,0,"0.00,0.00,0.00,0.00,0.00,0.00,0.00,0.00,0.00,0.00,0.00,0.00",,0.00,0.00,,
how to calculate miles in android google maps,,0,"0.00,0.00,0.00,0.00,0.00,0.00,0.00,0.00,0.00,0.00,0.00,0.00",,0.00,0.00,,
how to calculate miles in google maps,,0,"0.00,0.00,0.00,0.00,0.00,0.00,0.00,0.00,0.00,0.00,0.00,0.00",,0.00,0.00,,
how to calculate miles in my in google maps,,0,"0.00,0.00,0.00,0.00,0.00,0.00,0.00,0.00,0.00,0.00,0.00,0.00",,0.00,0.00,,
how to calculate miles on a topo map,,0,"0.00,0.00,0.00,0.00,0.00,0.00,0.00,0.00,0.00,0.00,0.00,0.00",,0.00,0.00,,
how to calculate miles with map,,0,"0.00,0.00,0.00,0.00,0.00,0.00,0.00,0.00,0.00,0.00,0.00,0.00",,0.00,0.00,,
how to calculate minimum mapping unit workflow,,0,"0.00,0.00,0.00,0.00,0.00,0.00,0.00,0.00,0.00,0.00,0.00,0.00",,0.00,0.00,,
how to calculate minutes and seconds on a map,,0,"0.00,0.00,0.00,0.00,0.00,0.00,0.00,0.00,0.00,0.00,0.00,0.00",,0.00,0.00,,
how to calculate miss rate of direct mapped cache,,0,"0.00,0.00,0.00,0.00,0.00,0.00,0.00,0.00,0.00,0.00,0.00,0.00",,0.00,0.00,,
how to calculate monthly tolls on google maps,,0,"0.00,0.00,0.00,0.00,0.00,0.00,0.00,0.00,0.00,0.00,0.00,0.00",,0.00,0.00,,
how to calculate more that 2 bands in map calculator,,0,"0.00,0.00,0.00,0.00,0.00,0.00,0.00,0.00,0.00,0.00,0.00,0.00",,0.00,0.00,,
how to calculate mse and mape,,0,"0.00,0.00,0.00,0.00,0.00,0.00,0.00,0.00,0.00,0.00,0.00,0.00",,0.00,0.00,,
how to calculate mse and mape forecasting,,0,"0.00,0.00,0.00,0.00,0.00,0.00,0.00,0.00,0.00,0.00,0.00,0.00",,0.00,0.00,,
how to calculate mtz from a map,,0,"0.00,0.00,0.00,0.00,0.00,0.00,0.00,0.00,0.00,0.00,0.00,0.00",,0.00,0.00,,
how to calculate nodal position using isoparametric mapping method,,0,"0.00,0.00,0.00,0.00,0.00,0.00,0.00,0.00,0.00,0.00,0.00,0.00",,0.00,0.00,,
how to calculate normal map,,0,"0.00,0.00,0.00,0.00,0.00,0.00,0.00,0.00,0.00,0.00,0.00,0.00",,0.00,0.00,,
how to calculate normals from a height map programmatically,,0,"1.00,0.00,0.00,0.00,0.00",,0.00,0.00,,
how to calculate number of map units,,0,"0.00,0.00,0.00,0.00,0.00,0.00,0.00,0.00,0.00,0.00,0.00,0.00",,0.00,0.00,,
how to calculate online area on a map,,0,"0.00,0.00,0.00,0.00,0.00,0.00,0.00,0.00,0.00,0.00,0.00,0.00",,0.00,0.00,,
how to calculate overlap between maps r,,0,"0.00,0.00,0.00,0.00,0.00,0.00,0.00,0.00,0.00,0.00,0.00,0.00",,0.00,0.00,,
how to calculate percent reads mapped back,,0,"0.00,0.00,0.00,0.00,0.00,0.00,0.00,0.00,0.00,0.00,0.00,0.00",,0.00,0.00,,
how to calculate percentage of people in map reduce,,0,"0.00,0.00,0.00,0.00,0.00,0.00,0.00,0.00,0.00,0.00,0.00,0.00",,0.00,0.00,,
how to calculate percentage on a map,,0,"0.00,0.00,0.00,0.00,0.00,0.00,0.00,0.00,0.00,0.00,0.00,0.00",,0.00,0.00,,
how to calculate pitch from topographic map,,0,"0.00,0.00,0.00,0.00,0.00,0.00,0.00,0.00,0.00,0.00,0.00,0.00",,0.00,0.00,,
how to calculate poincare map,,0,"0.00,0.00,0.00,0.00,0.00,0.00,0.00,0.00,0.00,0.00,0.00,0.00",,0.00,0.00,,
how to calculate polar map latitude and latitude on google,,0,"0.00,0.00,0.00,0.00,0.00,0.00,0.00,0.00,0.00,0.00,0.00,0.00",,0.00,0.00,,
how to calculate population density from image maps arcgis,,0,"0.00,0.00,0.00,0.00,0.00,0.00,0.00,0.00,0.00,0.00,0.00,0.00",,0.00,0.00,,
how to calculate population density map,,0,"0.00,0.00,0.00,0.00,0.00,0.00,0.00,0.00,0.00,0.00,0.00,0.00",,0.00,0.00,,
how to calculate pp and map,,0,"0.00,0.00,0.00,0.00,0.00,0.00,0.00,0.00,0.00,0.00,0.00,0.00",,0.00,0.00,,
how to calculate pp and map khan academy,,0,"0.00,0.00,0.00,0.00,0.00,0.00,0.00,0.00,0.00,0.00,0.00,0.00",,0.00,0.00,,
how to calculate probability maps for conditional random field,,0,"0.00,0.00,0.00,0.00,0.00,0.00,0.00,0.00,0.00,0.00,0.00,0.00",,0.00,0.00,,
how to calculate progeny when given map distance of gene,,0,"0.00,0.00,0.00,0.00,0.00,0.00,0.00,0.00,0.00,0.00,0.00,0.00",,0.00,0.00,,
how to calculate pulse pressure and map,,0,"0.00,0.00,0.00,0.00,0.00,0.00,0.00,0.00,0.00,0.00,0.00,0.00",,0.00,0.00,,
how to calculate r squared on excel on map,,0,"0.00,0.00,0.00,0.00,0.00,0.00,0.00,0.00,0.00,0.00,0.00,0.00",,0.00,0.00,,
how to calculate radius of curve in google map,,0,"0.00,0.00,0.00,0.00,0.00,0.00,0.00,0.00,0.00,0.00,0.00,0.00",,0.00,0.00,,
how to calculate ragnarok map ark,,0,"0.00,0.00,0.00,0.00,0.00,0.00,0.00,0.00,0.00,0.00,0.00,0.00",,0.00,0.00,,
how to calculate reach slope on a topographic map,,0,"0.00,0.00,0.00,0.00,0.00,0.00,0.00,0.00,0.00,0.00,0.00,0.00",,0.00,0.00,,
how to calculate real area on a map,,0,"0.00,0.00,0.00,0.00,0.00,0.00,0.00,0.00,0.00,0.00,0.00,0.00",,0.00,0.00,,
how to calculate real-world area in a raster map,,0,"0.00,0.00,0.00,0.00,0.00,0.00,0.00,0.00,0.00,0.00,0.00,0.00",,0.00,0.00,,
how to calculate rectangle coordinates google maps,,0,"0.00,0.00,0.00,0.00,0.00,0.00,0.00,0.00,0.00,0.00,0.00,0.00",,0.00,0.00,,
how to calculate relief in a map,,0,"0.00,0.00,0.00,0.00,0.00,0.00,0.00,0.00,0.00,0.00,0.00,0.00",,0.00,0.00,,
how to calculate relief on a map,,0,"0.00,0.00,0.00,0.00,0.00,0.00,0.00,0.00,0.00,0.00,0.00,0.00",,0.00,0.00,,
how to calculate relief on topographic map,,0,"0.00,1.00,0.00,0.00,0.00,0.00,0.00,0.00,0.00,0.00,0.00,0.00",,0.00,0.00,,
how to calculate representative fraction map scale pdf,,0,"0.00,0.00,0.00,0.00,0.00,0.00,0.00,0.00,0.00,0.00,0.00,0.00",,0.00,0.00,,
how to calculate restaurant turnover mind map,,0,"0.00,0.00,0.00,0.00,0.00,0.00,0.00,0.00,0.00,0.00",,0.00,0.00,,
how to calculate restriction enzyme gene mapping,,0,"0.00,0.00,0.00,0.00,0.00,0.00,0.00,0.00,0.00,0.00,0.00,0.00",,0.00,0.00,,
how to calculate routes with saved google maps,,0,"0.00,0.00,0.00,0.00,0.00,0.00,0.00,0.00,0.00,0.00,0.00,0.00",,0.00,0.00,,
how to calculate running distance google maps,,0,"0.00,0.00,1.00,0.00,0.00,0.00,0.00,0.00,0.00,0.00,0.00,0.00",,0.00,0.00,,
how to calculate running distance map,,0,"0.00,0.00,0.00,0.00,0.00,0.00,0.00,0.00,0.00,0.00,0.00,0.00",,0.00,0.00,,
how to calculate running distance using google maps,,0,"0.00,0.00,0.00,0.00,0.00,0.00,0.00,0.00,0.00,0.00,0.00,0.00",,0.00,0.00,,
how to calculate saliency map,,0,"1.00,0.00,0.00,0.00,0.00",,0.00,0.00,,
how to calculate scale factor map,,0,"0.00,0.00,0.00,0.00,0.00,0.00,0.00,0.00,0.00,0.00,0.00,0.00",,0.00,0.00,,
how to calculate scale factor on a map,,0,"0.00,0.00,0.00,0.00,0.00,0.00,0.00,0.00,0.00,0.00,0.00,0.00",,0.00,0.00,,
how to calculate scale metric map,,0,"0.00,0.00,0.00,0.00,0.00,0.00,0.00,0.00,0.00,0.00,0.00,0.00",,0.00,0.00,,
how to calculate scales on a map,,0,"0.00,0.00,0.00,0.00,0.00,0.00,0.00,0.00,0.00,0.00,0.00,0.00",,0.00,0.00,,
how to calculate self organizing maps,,0,"0.00,0.00,0.00,0.00,0.00,0.00,0.00,0.00,0.00,0.00,0.00,0.00",,0.00,0.00,,
how to calculate service area google maps,,0,"0.00,0.00,0.00,0.00,0.00,0.00,0.00,0.00,0.00,0.00,0.00,0.00",,0.00,0.00,,
how to calculate shortest route on google maps,,0,"0.00,0.00,0.00,0.00,0.00,0.00,0.00,0.00,0.00,0.00,0.00,0.00",,0.00,0.00,,
how to calculate size km of digital elevation map,,0,"0.00,0.00,0.00,0.00,0.00,0.00,0.00,0.00,0.00,0.00,0.00,0.00",,0.00,0.00,,
how to calculate slope angle from a map,,0,"0.00,0.00,0.00,0.00,0.00,0.00,0.00,0.00,0.00,0.00,0.00,0.00",,0.00,0.00,,
how to calculate slope from a topographic map,,0,"0.00,0.00,0.00,0.00,0.00,0.00,0.00,0.00,0.00,0.00,0.00,0.00",,0.00,0.00,,
how to calculate slope gradient on topo map,,0,"0.00,0.00,0.00,0.00,0.00,0.00,0.00,0.00,0.00,0.00,0.00,0.00",,0.00,0.00,,
how to calculate slope of a topographic map,,0,"0.00,0.00,0.00,0.00,0.00,0.00,0.00,0.00,0.00,0.00,0.00,0.00",,0.00,0.00,,
how to calculate slope on a map,,0,"0.00,0.00,0.00,0.00,0.00,0.00,0.00,0.00,0.00,0.00,0.00,0.00",,0.00,0.00,,
how to calculate slope on a topo map,,0,"0.00,0.00,0.00,0.00,0.00,0.00,0.00,0.00,0.00,0.00,0.00,0.00",,0.00,0.00,,
how to calculate slope topographic map,,0,"0.00,0.00,0.00,0.00,0.00,0.00,0.00,0.00,0.00,0.00,0.00,0.00",,0.00,0.00,,
how to calculate space for a bit map,,0,"0.00,0.00,0.00,0.00,0.00,0.00,0.00,0.00,0.00,0.00,0.00,0.00",,0.00,0.00,,
how to calculate speed in google maps,,0,"0.00,0.00,0.00,0.00,0.00,0.00,0.00,0.00,0.00,0.00,0.00,0.00",,0.00,0.00,,
how to calculate speed using google maps,,0,"0.00,0.00,0.00,0.00,0.00,0.00,0.00,0.00,0.00,0.00,0.00,0.00",,0.00,0.00,,
how to calculate speifically distance on google maps,,0,"0.00,0.00,0.00,0.00,0.00,0.00,0.00,0.00,0.00,0.00,0.00,0.00",,0.00,0.00,,
how to calculate square feet from map,,0,"1.00,0.00,0.00,0.00,0.00",,0.00,0.00,,
how to calculate square feet of lawn with google map,,0,"0.00,0.00,0.00,0.00,0.00,0.00,0.00,0.00,0.00,0.00,0.00,0.00",,0.00,0.00,,
how to calculate square footage fromm a google map,,0,"0.00,0.00,0.00,0.00,0.00,0.00,0.00,0.00,0.00,0.00,0.00,0.00",,0.00,0.00,,
how to calculate square miles in google maps,,0,"0.00,0.00,0.00,0.00,0.00,0.00,0.00,0.00,0.00,0.00,0.00,0.00",,0.00,0.00,,
how to calculate square surface area on google maps,,0,"0.00,0.00,0.00,0.00,0.00,0.00,0.00,0.00,0.00,0.00,0.00,0.00",,0.00,0.00,,
how to calculate star map dates,,0,"0.00,0.00,0.00,0.00,0.00,0.00,0.00,0.00,0.00,0.00,0.00,0.00",,0.00,0.00,,
how to calculate steep slope topographic map,,0,"0.00,0.00,0.00,0.00,0.00,0.00,0.00,0.00,0.00,0.00,0.00,0.00",,0.00,0.00,,
how to calculate straight line distance for map,,0,"0.00,0.00,0.00,0.00,0.00,0.00,0.00,0.00,0.00,0.00,0.00,0.00",,0.00,0.00,,
how to calculate straight line distance in google maps,,0,"0.00,0.00,0.00,0.00,0.00,0.00,0.00,0.00,0.00,0.00,0.00,0.00",,0.00,0.00,,
how to calculate stream gradient on a map,,0,"0.00,0.00,0.00,0.00,0.00,0.00,0.00,0.00,0.00,0.00,0.00,0.00",,0.00,0.00,,
how to calculate stream orders from a map,,0,"0.00,0.00,0.00,0.00,0.00,0.00,0.00,0.00,0.00,0.00,0.00,0.00",,0.00,0.00,,
how to calculate strike and dip from a map,,0,"0.00,0.00,0.00,0.00,0.00,0.00,0.00,0.00,0.00,0.00,0.00,0.00",,0.00,0.00,,
how to calculate student map scores percentile range,,0,"0.00,0.00,0.00,0.00,0.00,0.00,0.00,0.00,0.00,0.00,0.00,0.00",,0.00,0.00,,
how to calculate surface area on a map,,0,"0.00,0.00,0.00,0.00,0.00,0.00,0.00,0.00,0.00,0.00,0.00,0.00",,0.00,0.00,,
how to calculate surface area using google maps,,0,"0.00,0.00,0.00,0.00,0.00,0.00,0.00,0.00,0.00,0.00,0.00,0.00",,0.00,0.00,,
how to calculate the amount of map needed for corn,,0,"0.00,0.00,0.00,0.00,0.00,0.00,0.00,0.00,0.00,0.00,0.00,0.00",,0.00,0.00,,
how to calculate the are of something in acr map,,0,"0.00,0.00,0.00,0.00,0.00,0.00,0.00,0.00,0.00,0.00,0.00,0.00",,0.00,0.00,,
how to calculate the area of a hex map,,0,"0.00,0.00,0.00,0.00,0.00,0.00,0.00,0.00,0.00,0.00,0.00,0.00",,0.00,0.00,,
how to calculate the area of a topographic map,,0,"0.00,0.00,0.00,0.00,0.00,0.00,0.00,0.00,0.00,0.00,0.00,0.00",,0.00,0.00,,
how to calculate the area on google map,,0,"0.00,0.00,0.00,0.00,0.00,0.00,0.00,0.00,0.00,0.00,0.00,0.00",,0.00,0.00,,
how to calculate the contour interval of a map,,0,"0.00,0.00,0.00,0.00,0.00,0.00,0.00,0.00,0.00,0.00,0.00,0.00",,0.00,0.00,,
how to calculate the contour interval on a topographic map,,0,"0.00,0.00,0.00,0.00,0.00,0.00,0.00,0.00,0.00,0.00,0.00,0.00",,0.00,0.00,,
how to calculate the coords in html map,,0,"0.00,0.00,0.00,0.00,0.00,0.00,0.00,0.00,0.00,0.00,0.00,0.00",,0.00,0.00,,
how to calculate the dip of a structure contour map,,0,"0.00,0.00,0.00,0.00,0.00,0.00,0.00,0.00,0.00,0.00,0.00,0.00",,0.00,0.00,,
how to calculate the distance on a map scale,,0,"0.00,0.00,0.00,0.00,0.00,0.00,0.00,0.00,0.00,0.00,0.00,0.00",,0.00,0.00,,
how to calculate the fractional scale of a map,,0,"0.00,0.00,0.00,0.00,0.00,0.00,0.00,0.00,0.00,0.00,0.00,0.00",,0.00,0.00,,
how to calculate the gradient of a topographic map,,0,"0.00,0.00,0.00,0.00,0.00,0.00,0.00,0.00,0.00,0.00,0.00,0.00",,0.00,0.00,,
how to calculate the ideal spot on a perceptual map,,0,"0.00,0.00,0.00,0.00,0.00,0.00,0.00,0.00,0.00,0.00,0.00,0.00",,0.00,0.00,,
how to calculate the magnetic declination on a map,,0,"0.00,0.00,0.00,0.00,0.00,0.00,0.00,0.00,0.00,0.00,0.00,0.00",,0.00,0.00,,
how to calculate the map for a blood pressure,,0,"0.00,0.00,0.00,0.00,0.00,0.00,0.00,1.00,0.00,0.00,1.00,0.00",,0.00,0.00,,
how to calculate the map unit for a gene,,0,"0.00,0.00,0.00,0.00,0.00,0.00,0.00,0.00,0.00,0.00,0.00,0.00",,0.00,0.00,,
how to calculate the miles on a map,,0,"0.00,0.00,0.00,0.00,0.00,0.00,0.00,0.00,0.00,0.00,0.00,0.00",,0.00,0.00,,
how to calculate the radius of a circular image map,,0,"0.00,0.00,0.00,0.00,0.00,0.00,0.00,0.00,0.00,0.00,0.00,0.00",,0.00,0.00,,
how to calculate the rank of a linear map,,0,"0.00,0.00,0.00,0.00,0.00,0.00,0.00,0.00,0.00,0.00,0.00,0.00",,0.00,0.00,,
how to calculate the ratio scale of a map,,0,"0.00,0.00,0.00,0.00,0.00,0.00,0.00,0.00,0.00,0.00,0.00,0.00",,0.00,0.00,,
how to calculate the scale factor of a map,,0,"0.00,0.00,0.00,0.00,0.00,0.00,0.00,0.00,0.00,0.00,0.00,0.00",,0.00,0.00,,
how to calculate the scale of a topographic map,,0,"0.00,0.00,0.00,0.00,0.00,0.00,0.00,0.00,0.00,0.00,0.00,0.00",,0.00,0.00,,
how to calculate the size of data inside map c,,0,"0.00,0.00,0.00,0.00,0.00,0.00,0.00,0.00,0.00,0.00,0.00,0.00",,0.00,0.00,,
how to calculate thermal gradient weather map,,0,"0.00,0.00,0.00,0.00,0.00,0.00,0.00,0.00,0.00,0.00,0.00,0.00",,0.00,0.00,,
how to calculate time and distance on a map,,0,"0.00,0.00,0.00,0.00,0.00,0.00,0.00,0.00,0.00,0.00,0.00,0.00",,0.00,0.00,,
how to calculate time at place using google maps,,0,"0.00,0.00,0.00,0.00,0.00,0.00,0.00,0.00,0.00,0.00,0.00,0.00",,0.00,0.00,,
how to calculate time at place using google maps timeline,,0,"0.00,0.00,0.00,0.00,0.00,0.00,0.00,0.00,0.00,0.00,0.00,0.00",,0.00,0.00,,
how to calculate time at work using google maps,,0,"0.00,0.00,0.00,0.00,0.00,0.00,0.00,0.00,0.00,0.00,0.00,0.00",,0.00,0.00,,
how to calculate time in world map,,0,"0.00,0.00,0.00,0.00,0.00,0.00,0.00,0.00,0.00,0.00,0.00,0.00",,0.00,0.00,,
how to calculate tolls for a trip using google maps,,0,"0.00,0.00,0.00,0.00,0.00,0.00,0.00,0.00,0.00,0.00,0.00,0.00",,0.00,0.00,,
how to calculate tolls google maps,,0,"0.00,0.00,0.00,0.00,0.00,0.00,0.00,0.00,0.00,0.00,0.00,0.00",,0.00,0.00,,
how to calculate tolls with google maps,,0,"0.00,0.00,0.00,0.00,0.00,0.00,0.00,0.00,0.00,0.00,0.00,0.00",,0.00,0.00,,
how to calculate tols with google maps,,0,"0.00,0.00,0.00,0.00,0.00,0.00,0.00,0.00,0.00,0.00,0.00,0.00",,0.00,0.00,,
how to calculate topgraphic map,,0,"0.00,0.00,0.00,0.00,0.00,0.00,0.00,0.00,0.00,0.00,0.00,0.00",,0.00,0.00,,
how to calculate topgraphic map township,,0,"0.00,0.00,0.00,0.00,0.00,0.00,0.00,0.00,0.00,0.00,0.00,0.00",,0.00,0.00,,
how to calculate topo map,,0,"0.00,0.00,0.00,0.00,0.00,0.00,0.00,0.00,0.00,0.00,0.00,0.00",,0.00,0.00,,
how to calculate topographic map reading,,0,"0.00,0.00,0.00,0.00,0.00,0.00,0.00,0.00,0.00,0.00,0.00,0.00",,0.00,0.00,,
how to calculate torque strech on compressor map,,0,"0.00,0.00,0.00,0.00,0.00,0.00,0.00,0.00,0.00,0.00,0.00,0.00",,0.00,0.00,,
how to calculate torque stretch on compressor map,,0,"0.00,0.00,0.00,0.00,0.00,0.00,0.00,0.00,0.00,0.00,0.00,0.00",,0.00,0.00,,
how to calculate total area of a map,,0,"0.00,0.00,0.00,0.00,0.00,0.00,0.00,0.00,0.00,0.00,0.00,0.00",,0.00,0.00,,
how to calculate total relief on a topographic map,,0,"0.00,0.00,0.00,0.00,0.00,0.00,0.00,0.00,0.00,0.00,0.00,0.00",,0.00,0.00,,
how to calculate tpr for map,,0,"0.00,0.00,0.00,0.00,0.00,0.00,0.00,0.00,0.00,0.00,0.00,0.00",,0.00,0.00,,
how to calculate traffic in google maps,,0,"1.00,0.00,0.00,0.00,0.00,0.00,0.00,0.00,0.00",,0.00,0.00,,
how to calculate true bearing on a map,,0,"1.00,0.00,0.00,0.00,1.00,0.00,0.00,0.00,0.00,0.00,0.00,0.00",,0.00,0.00,,
how to calculate turbo compressor map,,0,"0.00,0.00,0.00,0.00,0.00,0.00,0.00,0.00,0.00,0.00,0.00,0.00",,0.00,0.00,,
how to calculate value stream mapping,,0,"0.00,0.00,0.00,0.00,0.00,0.00,0.00,0.00,0.00,0.00,0.00,0.00",,0.00,0.00,,
how to calculate vat for earned value stream mapping,,0,"0.00,0.00,0.00,0.00,0.00,0.00,0.00,0.00,0.00,0.00,0.00,0.00",,0.00,0.00,,
how to calculate vertical interval of a map,,0,"0.00,0.00,0.00,0.00,1.00,0.00,0.00,0.00,0.00,0.00,0.00,0.00",,0.00,0.00,,
how to calculate vertical scale on a map,,0,"0.00,0.00,0.00,0.00,0.00,0.00,0.00,0.00,0.00,0.00,0.00,0.00",,0.00,0.00,,
how to calculate vertical scale on a topographic map online,,0,"1.00,0.00,0.00,0.00,0.00,0.00,0.00,0.00,0.00,0.00,0.00,0.00",,0.00,0.00,,
how to calculate wait time in value stream mapping,,0,"0.00,0.00,0.00,0.00,0.00,0.00,0.00,0.00,0.00,0.00,0.00,0.00",,0.00,0.00,,
how to calculate walk route distance on google maps,,0,"0.00,0.00,0.00,0.00,0.00,0.00,0.00,0.00,0.00,0.00,0.00,0.00",,0.00,0.00,,
how to calculate walking distance on map,,0,"0.00,0.00,0.00,0.00,0.00,0.00,0.00,0.00,0.00,0.00,0.00,0.00",,0.00,0.00,,
how to calculate walking distance wity map,,0,"0.00,0.00,0.00,0.00,0.00,0.00,0.00,0.00,0.00,0.00,0.00,0.00",,0.00,0.00,,
how to calculate water reservoir capacity from contour map,,0,"0.00,0.00,0.00,0.00,0.00,0.00,0.00,0.00,0.00,0.00,0.00,0.00",,0.00,0.00,,
how to calculate weighted mape,,0,"0.00,0.00,0.00,0.00,0.00,0.00,0.00,0.00,0.00,0.00,0.00,0.00",,0.00,0.00,,
how to calculate weighted mape in excel,,0,"0.00,0.00,0.00,0.00,0.00,0.00,0.00,0.00,0.00,0.00,0.00,0.00",,0.00,0.00,,
how to calculate with traffic google maps,,0,"0.00,0.00,0.00,0.00,0.00,0.00,0.00,0.00,0.00,0.00,0.00,0.00",,0.00,0.00,,
how to calculate.map,,0,"0.00,0.00,0.00,0.00,0.00,0.00,0.00,0.00,0.00,0.00,0.00,0.00",,0.00,0.00,,
how to calculated simulated annealing mfo-dfc map,,0,"0.00,0.00,0.00,0.00,0.00,0.00,0.00,0.00,0.00,0.00,0.00,0.00",,0.00,0.00,,
how to calculated simulated annealing mfo-dfc map by refmac,,0,"0.00,0.00,0.00,0.00,0.00,0.00,0.00,0.00,0.00,0.00,0.00,0.00",,0.00,0.00,,
how to determine maphow to calculate map,,0,"0.00,0.00,0.00,0.00,0.00,0.00,0.00,0.00,0.00,0.00,0.00,0.00",,0.00,0.00,,
how to display area calculation of a google api map,,0,"0.00,0.00,0.00,0.00,0.00,0.00,0.00,0.00,0.00,0.00,0.00,0.00",,0.00,0.00,,
how to do calculations with a topographic map,,0,"0.00,0.00,0.00,0.00,0.00,0.00,0.00,0.00,0.00,0.00,0.00,0.00",,0.00,0.00,,
how to do gas calculation on maps,,0,"0.00,0.00,0.00,0.00,0.00,0.00,0.00,0.00,0.00,0.00,0.00,0.00",,0.00,0.00,,
how to draw and calculate on google maps,,0,"0.00,0.00,0.00,0.00,0.00,0.00,0.00,0.00,0.00,0.00,0.00,0.00",,0.00,0.00,,
how to get google maps to calculate without trafic,,0,"0.00,0.00,0.00,0.00,0.00,0.00,0.00,0.00,0.00,0.00,0.00,0.00",,0.00,0.00,,
how to have google maps calculate the shortest route,,0,"0.00,0.00,0.00,0.00,0.00,0.00,0.00,0.00,0.00,0.00,0.00,0.00",,0.00,0.00,,
how to map a key to bring up calculator,,0,"0.00,0.00,0.00,0.00,0.00,0.00,0.00,0.00,0.00,0.00,0.00,0.00",,0.00,0.00,,
how to map calculator,,0,"0.00,0.00,0.00,0.00,0.00,0.00,0.00,0.00,0.00,0.00,0.00,0.00",,0.00,0.00,,
how to map crosses and calculate genetic distance genetics,,0,"0.00,0.00,0.00,0.00,0.00,0.00,0.00,0.00,0.00,0.00,0.00,0.00",,0.00,0.00,,
how to map out a long drive and calculate gas,,0,"0.00,0.00,0.00,0.00,0.00,0.00,0.00,0.00,0.00,0.00,0.00,0.00",,0.00,0.00,,
how to map slope on calculator,,0,"0.00,0.00,0.00,0.00,0.00,0.00,0.00,0.00,0.00,0.00,0.00,0.00",,0.00,0.00,,
how to map slope on calculator texas instruments,,0,"0.00,0.00,0.00,0.00,0.00,0.00,0.00,0.00,0.00,0.00,0.00,0.00",,0.00,0.00,,
how to shade map based on percentage calculation in tableau,,0,"0.00,0.00,0.00,0.00,0.00,0.00,0.00,0.00,0.00,0.00,0.00,0.00",,0.00,0.00,,
how to use bing maps distance calculator,,0,"0.00,0.00,0.00,0.00,0.00,0.00,0.00,0.00,0.00,0.00,0.00,0.00",,0.00,0.00,,
how to use google maps area calculator,,0,"0.00,0.00,0.00,0.00,0.00,0.00,0.00,0.00,0.00,0.00,0.00,0.00",,0.00,0.00,,
how to use google maps distance calculator,,0,"0.00,0.00,0.00,0.00,0.00,0.00,0.00,0.00,0.00,0.00,0.00,0.00",,0.00,0.00,,
how to use google maps for driving times calculated,,0,"0.00,0.00,0.00,0.00,0.00,0.00,0.00,0.00,0.00,0.00,0.00,0.00",,0.00,0.00,,
how to use google maps to calculate a run distance,,0,"0.00,0.00,0.00,0.00,0.00,0.00,0.00,0.00,0.00,0.00,0.00,0.00",,0.00,0.00,,
how to use google maps to calculate closest route,,0,"0.00,0.00,0.00,0.00,0.00,0.00,0.00,0.00,0.00,0.00,0.00,0.00",,0.00,0.00,,
how to use google maps to calculate shortest route,,0,"0.00,0.00,0.00,0.00,0.00,0.00,0.00,0.00,0.00,0.00,0.00,0.00",,0.00,0.00,,
how to use map to calculate gravity turn ksp,,0,"0.00,0.00,0.00,0.00,0.00,0.00,0.00,0.00,0.00,0.00,0.00,0.00",,0.00,0.00,,
how to use military coordinates map calculate,,0,"0.00,0.00,0.00,0.00,0.00,0.00,0.00,0.00,0.00,0.00,0.00,0.00",,0.00,0.00,,
how to.calculate.map,,0,"0.00,0.00,0.00,0.00,0.00,0.00,0.00,0.00,0.00,0.00,0.00,0.00",,0.00,0.00,,
how yo calculate map,,0,"0.00,0.00,0.00,0.00,1.00,0.00,0.00,0.00,0.00,0.00,0.00,0.00",,0.00,0.00,,
how.tp.calculate map,,0,"0.00,0.00,0.00,0.00,0.00,0.00,0.00,0.00,0.00,0.00,0.00,0.00",,0.00,0.00,,
html map area calculator,,0,"0.00,0.00,0.00,0.00,0.00,0.00,0.00,0.00,0.00,0.00,0.00,0.00",,0.00,0.00,,
http 3planeta com googlemaps google maps area calculator tools html,,0,"0.00,0.00,0.00,0.00,0.00,0.00,0.00,0.00,0.00,0.00,0.00,0.00",,0.00,0.00,,
http maps randmcnally com mileage_calculator,,0,"0.00,0.00,0.00,0.00,0.00,0.00,0.00,0.00,0.00,0.00,0.00,0.00",,0.00,0.00,,
https smartasset.com taxes delaware-property-tax-calculator map,,0,"0.00,0.00,0.00,0.00,0.00,0.00,0.00,0.00,0.00,0.00,0.00,0.00",,0.00,0.00,,
https www daftlogic com projects google maps distance calculator htm,,0,"0.00,0.00,0.00,0.00,0.00,0.00,0.00,0.00,0.00,0.00,0.00,0.00",,0.00,0.00,,
https www.daftlagiccom projects-google-maps-ar ea-calculator-tool.htm,,0,"0.00,0.00,0.00,0.00,0.00,0.00,0.00,0.00,0.00,0.00,0.00,0.00",,0.00,0.00,,
https www.daftlogic.com projects-google-maps-area-calculator-tool.htm,,0,"0.00,0.00,0.00,0.00,0.00,0.00,0.00,0.00,0.00,0.00,0.00,0.00",,0.00,0.00,,
https www.latimes.com projects california-rental-calculator-map,,0,"0.00,0.00,0.00,0.00,0.00,0.00,0.00,0.00,0.00,0.00,0.00,0.00",,0.00,0.00,,
hwo to calculate directed mapped tage overhead,,0,"0.00,0.00,0.00,0.00,0.00,0.00,0.00,0.00,0.00,0.00,0.00,0.00",,0.00,0.00,,
hwo to calculate map,,0,"0.00,0.00,0.00,0.00,0.00,0.00,0.00,0.00,1.00,0.00,0.00,0.00",,0.00,0.00,,
hwy trip map calculator,,0,"0.00,0.00,0.00,0.00,0.00,0.00,0.00,0.00,0.00,0.00,0.00,0.00",,0.00,0.00,,
hyw trip map calculator,,0,"0.00,0.00,0.00,0.00,0.00,0.00,0.00,0.00,0.00,0.00,0.00,0.00",,0.00,0.00,,
i 5 highway to oregon gardens map distance calculator,,0,"0.00,0.00,0.00,0.00,0.00,0.00,0.00,0.00,0.00,0.00,0.00,0.00",,0.00,0.00,,
i have an engineer map how calculate area,,0,"0.00,0.00,0.00,0.00,0.00,0.00,0.00,0.00,0.00,0.00,0.00,0.00",,0.00,0.00,,
i have an ros map how calculate area,,0,"0.00,0.00,0.00,0.00,0.00,0.00,0.00,0.00,0.00,0.00,0.00,0.00",,0.00,0.00,,
i'll calculate map quality by these,,0,"0.00,0.00,0.00,0.00,0.00,0.00,0.00,0.00,0.00,0.00,0.00,0.00",,0.00,0.00,,
ifta map calculator,,0,"0.00,0.00,0.00,0.00,0.00,0.00,0.00,0.00,0.00,0.00,0.00,0.00",,0.00,0.00,,
illinois map grant calculator,,0,"0.00,0.00,0.00,0.00,0.00,0.00,0.00,0.00,0.00,0.00,0.00,0.00",,0.00,0.00,,
illinois toll calculator map,,0,"0.00,0.00,0.00,0.00,0.00,0.00,0.00,0.00,0.00,0.00,0.00,0.00",,0.00,0.00,,
illinois toll map calculator,,0,"0.00,0.00,0.00,0.00,0.00,0.00,0.00,0.00,0.00,0.00,0.00,0.00",,0.00,0.00,,
image map calculator,,0,"0.00,0.00,0.00,0.00,0.00,0.00,0.00,0.00,0.00,0.00,0.00,0.00",,0.00,0.00,,
image of linear map calculator,,0,"0.00,0.00,0.00,0.00,0.00,0.00,0.00,0.00,0.00,0.00,0.00,0.00",,0.00,0.00,,
impact simulation asteroid impact calculator map,,0,"0.00,0.00,0.00,0.00,0.00,0.00,0.00,0.00,0.00,0.00,0.00,0.00",,0.00,0.00,,
in the field mapping exercise you calculated,,0,"0.00,0.00,0.00,0.00,0.00,0.00,0.00,0.00,0.00,0.00,0.00,0.00",,0.00,0.00,,
incline calculator map,,0,"0.00,0.00,0.00,0.00,0.00,0.00,0.00,0.00,0.00,0.00,0.00,0.00",,0.00,0.00,,
index calculated direct mapped cache,,0,"0.00,0.00,0.00,0.00,0.00,0.00,0.00,0.00,0.00,0.00,0.00,0.00",,0.00,0.00,,
india map and distance calculator,,0,"0.00,0.00,0.00,0.00,0.00,0.00,0.00,0.00,0.00,0.00,0.00,0.00",,0.00,0.00,,
india map with distance calculator,,0,"0.00,0.00,0.00,0.00,0.00,0.00,0.00,0.00,0.00,0.00,0.00,0.00",,0.00,0.00,,
india road map distance calculator,,0,"0.00,0.00,0.00,0.00,0.00,0.00,0.00,0.00,0.00,0.00,0.00,0.00",,0.00,0.00,,
india road map with shortest distance calculator,,0,"0.00,0.00,0.00,0.00,0.00,0.00,0.00,0.00,0.00,0.00,0.00,0.00",,0.00,0.00,,
indian road map distance calculator,,0,"0.00,0.00,0.00,0.00,0.00,0.00,0.00,0.00,0.00,0.00,0.00,0.00",,0.00,0.00,,
indian road map shortest distance calculator,,0,"0.00,0.00,0.00,0.00,0.00,0.00,0.00,0.00,0.00,0.00,0.00,0.00",,0.00,0.00,,
indian road map with distance calculator,,0,"0.00,0.00,0.00,0.00,0.00,0.00,0.00,0.00,0.00,0.00,0.00,0.00",,0.00,0.00,,
indiana map with mileage calculator,,0,"0.00,0.00,0.00,0.00,0.00,0.00,0.00,0.00,0.00,0.00,0.00,0.00",,0.00,0.00,,
indifference map calculator,,0,"0.00,0.00,0.00,0.00,0.00,0.00,0.00,0.00,0.00,0.00,0.00,0.00",,0.00,0.00,,
insertar google maps en hoja de calculo,,0,"0.00,0.00,0.00,0.00,0.00,0.00,0.00,0.00,0.00,0.00,0.00,0.00",,0.00,0.00,,
interactive electoral map calculator,,0,"0.00,0.00,0.00,0.00,0.00,0.00,0.00,0.00,0.00,0.00,0.00,0.00",,0.00,0.00,,
interactive map to calculate distance,,0,"0.00,0.00,0.00,0.00,0.00,0.00,0.00,0.00,0.00,0.00,0.00,0.00",,0.00,0.00,,
interactive weather map with distance calculator,,0,"0.00,0.00,0.00,0.00,0.00,0.00,0.00,0.00,0.00,0.00,0.00,0.00",,0.00,0.00,,
inversion affect map distance calculations,,0,"0.00,0.00,0.00,0.00,0.00,0.00,0.00,0.00,0.00,0.00,0.00,0.00",,0.00,0.00,,
inversion effect map distance calculations,,0,"0.00,0.00,0.00,0.00,0.00,0.00,0.00,0.00,0.00,0.00,0.00,0.00",,0.00,0.00,,
ionic 4 native google maps calculate route,,0,"0.00,0.00,0.00,0.00,0.00,0.00,0.00,0.00,0.00,0.00,0.00,0.00",,0.00,0.00,,
ionic google maps calculate distance,,0,"0.00,0.00,0.00,0.00,0.00,0.00,0.00,0.00,0.00,0.00,0.00,0.00",,0.00,0.00,,
ipvm google maps camera calculator,,0,"0.00,0.00,0.00,0.00,0.00,0.00,0.00,0.00,0.00,0.00,0.00,0.00",,0.00,0.00,,
is area calculator accurate google maps,,0,"0.00,0.00,0.00,0.00,0.00,0.00,0.00,0.00,0.00,0.00,0.00,0.00",,0.00,0.00,,
is it better to do calculation in mapping step,,0,"0.00,0.00,0.00,0.00,0.00,0.00,0.00,0.00,0.00,0.00,0.00,0.00",,0.00,0.00,,
jacobian mapping calculator,,0,"0.00,0.00,0.00,0.00,0.00,0.00,0.00,0.00,0.00,0.00,0.00,0.00",,0.00,0.00,,
java map reduce code to calculate max,,0,"0.00,0.00,0.00,0.00,0.00,0.00,0.00,0.00,0.00,0.00,0.00,0.00",,0.00,0.00,,
jharkhand road map distance calculator,,0,"0.00,0.00,0.00,0.00,0.00,0.00,0.00,0.00,0.00,0.00,0.00,0.00",,0.00,0.00,,
jmp map calculate area,,0,"0.00,0.00,0.00,0.00,0.00,0.00,0.00,0.00,0.00,0.00,0.00,0.00",,0.00,0.00,,
jog calculator map,,0,"0.00,0.00,0.00,0.00,0.00,0.00,0.00,0.00,0.00,0.00,0.00,0.00",,0.00,0.00,,
jog distance calculator map,,0,"0.00,0.00,0.00,0.00,0.00,0.00,0.00,0.00,0.00,0.00,0.00,0.00",,0.00,0.00,,
jogging map distance calculator uk,,0,"0.00,0.00,0.00,0.00,0.00,0.00,0.00,0.00,0.00,0.00,0.00,0.00",,0.00,0.00,,
jogging route calculator google maps,,0,"0.00,0.00,0.00,0.00,0.00,0.00,0.00,0.00,0.00,0.00,0.00,0.00",,0.00,0.00,,
jre rail pass map calculator,,0,"0.00,0.00,0.00,0.00,0.00,0.00,0.00,0.00,0.00,0.00,0.00,0.00",,0.00,0.00,,
k map 7x8 binary calculator automatic,,0,"0.00,0.00,0.00,0.00,0.00,0.00,0.00,0.00,0.00,0.00,0.00,0.00",,0.00,0.00,,
k map calculator 7 variable,,0,"0.00,0.00,0.00,0.00,0.00,0.00,0.00,0.00,0.00,0.00,0.00,0.00",,0.00,0.00,,
k map calculator expression,,0,"0.00,0.00,0.00,0.00,0.00,0.00,0.00,0.00,0.00,0.00,0.00,0.00",,0.00,0.00,,
k map calculator via truth table,,0,"0.00,0.00,0.00,0.00,0.00,0.00,0.00,0.00,0.00,0.00,0.00,0.00",,0.00,0.00,,
k map equation calculator,,0,"0.00,0.00,0.00,0.00,0.00,0.00,0.00,0.00,0.00,0.00,0.00,0.00",,0.00,0.00,,
k map find the simplified form calculator,,0,"0.00,0.00,0.00,0.00,0.00,0.00,0.00,0.00,0.00,0.00,0.00,0.00",,0.00,0.00,,
k map for 5 variable calculator,,0,"0.00,0.00,0.00,0.00,0.00,0.00,0.00,0.00,0.00,0.00,0.00,0.00",,0.00,0.00,,
k map from minterms calculator,,0,"0.00,0.00,0.00,0.00,0.00,0.00,0.00,0.00,0.00,0.00,0.00,0.00",,0.00,0.00,,
k map hazard 0 calculator,,0,"0.00,0.00,0.00,0.00,0.00,0.00,0.00,0.00,0.00,0.00,0.00,0.00",,0.00,0.00,,
k map implicants calculator,,0,"0.00,0.00,0.00,0.00,0.00,0.00,0.00,0.00,0.00,0.00,0.00,0.00",,0.00,0.00,,
k map minterm and maxterm calculator,,0,"0.00,0.00,0.00,0.00,0.00,0.00,0.00,0.00,0.00,0.00,0.00,0.00",,0.00,0.00,,
k map simplifier calculator,,0,"0.00,0.00,0.00,0.00,0.00,0.00,0.00,0.00,0.00,0.00,0.00,0.00",,0.00,0.00,,
k map static hazard calculator,,0,"0.00,0.00,0.00,0.00,0.00,0.00,0.00,0.00,0.00,0.00,0.00,0.00",,0.00,0.00,,
k map to boolean calculator,,0,"0.00,0.00,0.00,0.00,0.00,0.00,0.00,0.00,0.00,0.00,0.00,0.00",,0.00,0.00,,
k map to simplify boolean expression calculator,,0,"0.00,0.00,0.00,0.00,0.00,0.00,0.00,0.00,0.00,0.00,0.00,0.00",,0.00,0.00,,
k-map calculator with steps,,0,"0.00,0.00,0.00,0.00,0.00,0.00,0.00,0.00,0.00,0.00,0.00,0.00",,0.00,0.00,,
k-map minimization calculator,,0,"0.00,0.00,0.00,0.00,0.00,0.00,0.00,0.00,0.00,0.00,0.00,0.00",,0.00,0.00,,
k-map sop calculator,,0,"0.00,0.00,0.00,0.00,0.00,0.00,0.00,0.00,0.00,0.00,0.00,0.00",,0.00,0.00,,
k-map to boolean expression calculator,,0,"0.00,0.00,0.00,0.00,0.00,0.00,0.00,0.00,0.00,0.00,0.00,0.00",,0.00,0.00,,
k-mapping calculator,,0,"0.00,0.00,0.00,0.00,0.00,0.00,0.00,0.00,0.00,0.00,0.00,0.00",,0.00,0.00,,
karanaugh map calculator,,0,"0.00,0.00,0.00,0.00,0.00,0.00,0.00,0.00,0.00,0.00,0.00,0.00",,0.00,0.00,,
karnataka map with distance calculator,,0,"0.00,0.00,0.00,0.00,0.00,0.00,0.00,0.00,0.00,0.00,0.00,0.00",,0.00,0.00,,
karnataka road map with distance calculator,,0,"0.00,0.00,0.00,0.00,0.00,0.00,0.00,0.00,0.00,0.00,0.00,0.00",,0.00,0.00,,
karnaugh map calculator 2 inputs 2 outputs,,0,"0.00,0.00,0.00,0.00,0.00,0.00,0.00,0.00,0.00,0.00,0.00,0.00",,0.00,0.00,,
karnaugh map calculator 2010,,0,"0.00,0.00,0.00,0.00,0.00,0.00,0.00,0.00,0.00,0.00,0.00,0.00",,0.00,0.00,,
karnaugh map calculator free download,,0,"0.00,0.00,0.00,0.00,0.00,0.00,0.00,0.00,0.00,0.00,0.00,0.00",,0.00,0.00,,
karnaugh map expression calculator,,0,"0.00,0.00,0.00,0.00,0.00,0.00,0.00,0.00,0.00,0.00,0.00,0.00",,0.00,0.00,,
karnaugh map grouping calculator,,0,"0.00,0.00,0.00,0.00,0.00,0.00,0.00,0.00,0.00,0.00,0.00,0.00",,0.00,0.00,,
karnaugh map minimizer calculator,,0,"0.00,0.00,0.00,0.00,0.00,0.00,0.00,0.00,0.00,0.00,0.00,0.00",,0.00,0.00,,
karnaugh map minimum expression calculator,,0,"0.00,0.00,0.00,0.00,0.00,0.00,0.00,0.00,0.00,0.00,0.00,0.00",,0.00,0.00,,
karnaugh map pos calculator,,0,"0.00,0.00,0.00,0.00,0.00,0.00,0.00,0.00,0.00,0.00,0.00,0.00",,0.00,0.00,,
karnaugh map product of sums calculator,,0,"0.00,0.00,0.00,0.00,0.00,0.00,0.00,0.00,0.00,0.00,0.00,0.00",,0.00,0.00,,
karnaugh map sum of products calculator,,0,"0.00,0.00,0.00,0.00,0.00,0.00,0.00,0.00,0.00,0.00,0.00,0.00",,0.00,0.00,,
karnaugh map to minimum sum of products online calculator,,0,"0.00,0.00,0.00,0.00,0.00,0.00,0.00,0.00,0.00,0.00,0.00,0.00",,0.00,0.00,,
karnough map calculator,,0,"0.00,0.00,0.00,0.00,0.00,0.00,0.00,0.00,0.00,0.00,0.00,0.00",,0.00,0.00,,
kenosha map trace path to calculate miles,,0,"0.00,0.00,0.00,0.00,0.00,0.00,0.00,0.00,0.00,0.00,0.00,0.00",,0.00,0.00,,
kerala road map with distance calculator,,0,"0.00,0.00,0.00,0.00,0.00,0.00,0.00,0.00,0.00,0.00,0.00,0.00",,0.00,0.00,,
key mapping calculator,,0,"0.00,0.00,0.00,0.00,0.00,0.00,0.00,0.00,0.00,0.00,0.00,0.00",,0.00,0.00,,
kilometer calculator google maps,,0,"0.00,0.00,0.00,0.00,0.00,0.00,0.00,0.00,0.00,0.00",,0.00,0.00,,
kilometer calculator map,,0,"0.00,0.00,0.00,0.00,0.00,0.00,0.00,0.00,0.00,0.00,0.00,0.00",,0.00,0.00,,
kilometer map calculator,,0,"0.00,0.00,0.00,0.00,0.00,0.00,0.00,0.00,0.00,0.00,0.00,0.00",,0.00,0.00,,
kilometers calculator map,,0,"0.00,0.00,0.00,0.00,0.00,0.00,0.00,0.00,0.00,0.00,0.00,0.00",,0.00,0.00,,
km calculator map gas mileage,,0,"0.00,0.00,0.00,0.00,0.00,0.00,0.00,0.00,0.00,0.00,0.00,0.00",,0.00,0.00,,
kotlin calculate distance with google maps,,0,"0.00,0.00,0.00,0.00,0.00,0.00,0.00,0.00,0.00,0.00,0.00,0.00",,0.00,0.00,,
ksp delta v map calculator,,0,"0.00,0.00,0.00,0.00,0.00,0.00,0.00,0.00,0.00,0.00,0.00,0.00",,0.00,0.00,,
la selva map trail distance calculator,,0,"0.00,0.00,0.00,0.00,0.00,0.00,0.00,0.00,0.00,0.00,0.00,0.00",,0.00,0.00,,
land area calculation with maps,,0,"0.00,0.00,0.00,0.00,0.00,0.00,0.00,0.00,0.00,0.00,0.00,0.00",,0.00,0.00,,
land area calculator map torrance california,,0,"1.00,0.00,0.00,0.00,0.00,0.00,0.00",,0.00,0.00,,
land area map calculator,,0,"1.00,1.00,0.00,1.00,0.00,0.00,0.00,0.00,0.00,0.00,0.00,0.00",,0.37,0.09,,
land calculator using maps,,0,"0.00,0.00,0.00,0.00,0.00,0.00,0.00,0.00,0.00,0.00,0.00,0.00",,0.00,0.00,,
land map area calculator,,0,"0.00,0.00,0.00,0.00,0.00,0.00,0.00,0.00,0.00,0.00,0.00,0.00",,0.37,0.09,,
land map square footage calculator,,0,"0.00,0.00,0.00,0.00,0.00,0.00,0.00,0.00,0.00,0.00,0.00,0.00",,0.00,0.00,,
land mapping calculator,,0,"0.00,0.00,0.00,0.00,0.00,0.00,0.00,0.00,0.00,0.00,0.00,0.00",,0.00,0.08,,
land measurment calculator google map,,0,"0.00,0.00,0.00,0.00,0.00,0.00,0.00,0.00,0.00,0.00,0.00,0.00",,0.00,0.00,,
land size map calculator,,0,"0.00,0.00,0.00,0.00,0.00,0.00,0.00,0.00,0.00,0.00,0.00,0.00",,0.00,0.00,,
latitude and longitude map calculator,,0,"0.00,0.00,0.00,0.00,0.00,0.00,0.00,0.00,0.00,0.00,0.00,0.00",,0.00,0.00,,
lawn calculator maps,,0,"0.00,0.00,0.00,0.00,0.00,0.00,0.00,0.00,0.00,0.00,0.00,0.00",,0.00,0.00,,
lawn square footage calculator google maps,,0,"0.00,0.00,0.00,0.00,0.00,0.00,0.00,0.00,0.00,0.00,0.00,0.00",,0.00,0.00,,
lcd segment mapping to ram mapping calculator,,0,"0.00,0.00,0.00,0.00,0.00,0.00,0.00,0.00,0.00,0.00,0.00,0.00",,0.00,0.00,,
lda map approval fee calculator,,0,"0.00,1.00,0.00,0.50,0.00,0.00,0.00,0.00,0.00,0.00,1.00,0.00",,0.00,0.00,,
lead time calculation in value stream mapping,,0,"0.00,0.00,0.00,0.00,0.00,0.00,0.00,0.00,0.00,0.00,0.00,0.00",,0.00,0.00,,
led wall mapping calculator,,0,"0.00,0.00,0.00,0.00,0.00,0.00,0.00,0.00,0.00,0.00,0.00,0.00",,0.00,0.00,,
legal description surveyor calculations and maps kern county,,0,"1.00,0.00,0.00,0.00,0.00,0.00,0.00,0.00",,0.00,0.00,,
length calculator map,,0,"0.00,0.00,0.00,0.00,0.00,0.00,0.00,0.00,0.00,0.00,0.00,0.00",,0.00,0.00,,
letting students use calculator on map,,0,"0.00,0.00,0.00,0.00,0.00,0.00,0.00,0.00,0.00,0.00,0.00,0.00",,0.00,0.00,,
lighting calculator and map,,0,"0.00,0.00,0.00,0.00,0.00,0.00,0.00,0.00,0.00,0.00,0.00,0.00",,0.00,0.00,,
line distance calculator map,,0,"0.00,0.00,0.00,0.00,0.00,0.00,0.00,0.00,0.00,0.00,0.00,0.00",,0.00,0.00,,
line of sight distance calculator google maps,,0,"0.00,0.00,0.00,0.00,0.00,0.00,0.00,0.00,0.00,0.00,0.00,0.00",,0.00,0.00,,
line of sight map calculator,,0,"0.00,0.00,0.00,1.00,0.00,0.00,0.00,0.00,0.00,0.00,0.00,0.00",,0.00,0.00,,
linear mile map calculator,,0,"0.00,0.00,0.00,0.00,0.00,0.00,0.00,0.00,0.00,0.00,0.00,0.00",,0.00,0.00,,
lipid maps calculator,,0,"0.00,0.00,0.00,0.00,0.00,0.00,0.00,0.00,0.00,0.00,0.00,0.00",,0.00,0.00,,
logic calculator k map,,0,"0.00,0.00,0.00,0.00,0.00,0.00,0.00,0.00,0.00,0.00,0.00,0.00",,0.00,0.00,,
logic calculator k map 10 variable,,0,"0.00,0.00,0.00,0.00,0.00,0.00,0.00,0.00,0.00,0.00,0.00,0.00",,0.00,0.00,,
logic circuit karnaugh map calculator,,0,"0.00,0.00,0.00,0.00,0.00,0.00,0.00,0.00,0.00,0.00,0.00,0.00",,0.00,0.00,,
logistic map equation calculator,,0,"0.00,0.00,0.00,0.00,0.00,0.00,0.00,0.00,0.00,0.00,0.00,0.00",,0.00,0.00,,
london map distance calculator,,0,"0.00,0.00,0.00,1.00,0.00,0.00,0.00,0.00,0.00,1.00,0.00,0.00",,0.00,0.00,,
lora range calculator map,,0,"0.00,0.00,0.00,0.00,0.00,0.00,0.00",,0.00,0.00,,
lpt calculator map,,0,"0.00,0.00,0.00,0.00,0.00,0.00,0.00,0.00,0.00,0.00,0.00,0.00",,0.00,0.00,,
maah daah hey map mileage calculator,,0,"0.00,0.00,0.00,0.00,0.00,0.00,0.00,0.00,0.00,0.00,0.00,0.00",,0.00,0.00,,
mad and mape calculator,,0,"0.00,0.00,0.00,0.00,0.00,0.00,0.00,0.00,0.00,0.00,0.00,1.00",,0.00,0.00,,
mae mse mape calculation,,0,"0.00,0.00,0.00,0.00,0.00,0.00,0.00,0.00,0.00,0.00,0.00,0.00",,0.00,0.00,,
maharashtra road map distance calculator,,0,"0.00,0.00,0.00,0.00,0.00,0.00,0.00,0.00,0.00,0.00,0.00,0.00",,0.00,0.00,,
maharashtra road map with distance calculator,,0,"0.00,0.00,0.00,0.00,0.00,0.00,0.00,0.00,0.00,0.00,0.00,0.00",,0.00,0.00,,
maine map with snow calculations for tuesday,,0,"0.00,0.00,0.00,0.00,0.00,0.00,0.00,0.00,0.00,0.00,0.00,0.00",,0.00,0.00,,
maine map with snow calculations for tuesday november 27,,0,"0.00,0.00,0.00,0.00,0.00,0.00,0.00,0.00,0.00,0.00,0.00,0.00",,0.00,0.00,,
make a mapping diagram for the relation calculator,,0,"0.00,0.00,0.00,0.00,0.00,0.00,0.00,0.00,0.00,0.00,0.00,0.00",,0.00,0.00,,
manhattan map distance calculator,,0,"0.00,0.00,0.00,0.00,0.00,0.00,0.00,0.00,0.00,0.00,0.00,0.00",,0.00,0.00,,
map a key to open calculator in windows 10,,0,"0.00,0.00,0.00,0.00,0.00,0.00,0.00,0.00,0.00,0.00,0.00,0.00",,0.00,0.00,,
map a vector field calculator,,0,"0.00,0.00,0.00,0.00,0.00,0.00,0.00,0.00,0.00,0.00,0.00,0.00",,0.00,0.00,,
map acres calculator,,0,"0.00,0.00,0.00,0.00,0.00,0.00,0.00,0.00,0.00,0.00,0.00,0.00",,0.00,0.00,,
map advertising calculator,,0,"0.00,0.00,0.00,0.00,0.00,0.00,0.00,0.00,0.00,0.00,0.00,0.00",,0.00,0.00,,
map advertising pays calculator,,0,"0.00,0.00,0.00,0.00,0.00,0.00,0.00,0.00,0.00,0.00,0.00,0.00",,0.00,0.00,,
map age calculator,,0,"0.00,0.00,0.00,0.00,0.00,0.00,0.00,0.00,0.00,0.00,0.00,0.00",,0.00,0.00,,
map aid for calculating hypotenuse,,0,"0.00,0.00,0.00,0.00,0.00,0.00,0.00,0.00,0.00,0.00,0.00,0.00",,0.00,0.00,,
map algebra calculating rasters python,,0,"0.00,0.00,0.00,0.00,0.00,0.00,0.00,0.00,0.00,0.00,0.00,0.00",,0.00,0.00,,
map altitude calculator,,0,"0.00,0.00,0.00,0.00,0.00,0.00,0.00,0.00,0.00,0.00,0.00,0.00",,0.00,0.00,,
map anatomy calculation,,0,"0.00,0.00,0.00,0.00,0.00,0.00,0.00,0.00,0.00,0.00,0.00,0.00",,0.00,0.00,,
map and cpp calculation questions,,0,"0.00,0.00,0.00,0.00,0.00,0.00,0.00,0.00,0.00,0.00,0.00,0.00",,0.00,0.00,,
map and iat to calculate fueling,,0,"0.00,0.00,0.00,0.00,0.00,0.00,0.00,0.00,0.00,0.00,0.00,0.00",,0.00,0.00,,
map and scale drawings calculator,,0,"0.00,0.00,0.00,0.00,0.00,0.00,0.00,0.00,0.00,0.00,0.00,0.00",,0.00,0.00,,
map arduino calculator,,0,"0.00,0.00,0.00,0.00,0.00,0.00,0.00,0.00,0.00,0.00,0.00,0.00",,0.00,0.00,,
map area calculator by time,,0,"0.00,0.00,0.00,0.00,0.00,0.00,0.00,0.00,0.00,0.00,0.00,0.00",,0.00,0.00,,
map area calculator daft logic,,0,"0.00,0.00,0.00,0.00,0.00,0.00,0.00,0.00,0.00,0.00,0.00,0.00",,0.00,0.00,,
map area calculator online,,0,"0.00,0.00,0.00,0.00,0.00,0.00,0.00,1.00,0.00,0.00,0.00,0.00",,0.00,0.01,,
map area calculator software,,0,"0.00,0.00,0.00,0.00,0.00,0.00,0.00,0.00,0.00,0.00,0.00,0.00",,0.00,0.00,,
map area calculator square feet,,0,"0.00,0.00,0.00,0.00,0.00,0.00,0.00,0.00,0.00,0.00,0.00,0.00",,0.00,0.00,,
map area calculator tool,,0,"0.00,0.00,1.00,0.00,0.00,0.00,0.00,0.00,0.00,0.00,0.00,0.00",,0.00,0.00,,
map area calculators,,0,"0.00,0.00,0.00,0.00,0.00,0.00,0.00,0.00,0.00,0.00,0.00,0.00",,0.00,0.00,,
map area radius calculator,,0,"0.00,0.00,0.00,0.00,0.00,0.00,0.00,0.00,0.00,0.00,0.00,0.00",,0.00,0.00,,
map area scale calculator,,0,"0.00,0.00,0.00,0.00,0.00,0.00,0.00,0.00,0.00,0.00,0.00,0.00",,0.00,0.00,,
map arterial pressure calculation,,0,"0.00,0.00,0.00,0.00,0.00,0.00,0.00,0.00,0.00,0.00,0.00,0.00",,0.00,0.00,,
map based volume calculation,,0,"0.00,0.00,0.00,0.00,0.00,0.00,0.00,0.00,0.00,0.00,0.00,0.00",,0.00,0.00,,
map based volume calculation petrel,,0,"0.00,0.00,0.00,0.00,0.00,0.00,0.00,0.00,0.00,0.00,0.00,0.00",,0.00,0.00,,
map bearings calculator,,0,"0.00,0.00,0.00,0.00,0.00,0.00,0.00,0.00,0.00,0.00,0.00,0.00",,0.00,0.00,,
map blood pressure calculation formula,,0,0.00,,0.00,0.00,,
map blood pressure calculator mayo clinic,,0,"0.00,0.00,0.00,0.00,0.00,0.00,0.00,0.00,0.00,0.00,0.00,0.00",,0.00,0.00,,
map bp how to calculate,,0,"0.00,0.00,0.00,0.00,0.00,0.00,0.00,0.00,0.00,0.00,0.00,0.00",,0.00,0.00,,
map calcular,,0,"0.00,0.00,0.00,0.00,0.00,0.00,1.00,0.00,0.00,0.00,0.00,0.00",,0.00,0.00,,
map calculate area,,0,"0.00,0.00,0.00,0.00,0.00,0.00,1.00,1.00,0.00,0.00,0.00,0.00",,0.45,0.05,,
map calculate blood pressure,,0,"0.00,0.00,0.00,0.00,0.00,0.00,0.00,0.00,0.00,0.00,0.00,0.00",,0.00,0.00,,
map calculate bp,,0,"0.00,0.00,0.00,0.00,0.00,0.00,0.00,0.00,0.00,0.00,0.00,0.00",,0.00,0.00,,
map calculate distance as crow flies,,0,"0.00,0.00,0.00,0.00,0.00,0.00,0.00,0.00,0.00,0.00,0.00,0.00",,0.00,0.00,,
map calculate distance hike,,0,"0.00,0.00,0.00,0.00,0.00,0.00,0.00,0.00,0.00,0.00,0.00,0.00",,0.00,0.00,,
map calculate population in area,,0,"0.00,0.00,0.00,0.00,0.00,0.00,0.00,0.00,0.00,0.00,0.00,0.00",,0.00,0.00,,
map calculate pulse pressure,,0,"0.00,0.00,0.00,0.00,0.00,0.00,0.00,0.00,0.00,0.00,0.00,0.00",,0.00,0.00,,
map calculate straight line walking time,,0,"0.00,0.00,0.00,0.00,0.00,0.00,0.00,0.00,0.00,0.00,0.00,0.00",,0.00,0.00,,
map calculate travel costs,,0,"0.00,0.00,0.00,0.00,0.00,0.00,0.00,0.00,0.00,0.00,0.00,0.00",,0.00,0.00,,
map calculating,,0,"0.00,0.00,0.00,0.00,0.00,0.00,0.00,0.00,0.00,0.00,0.00,0.00",,0.00,0.00,,
map calculating in sap,,0,"0.00,0.00,0.00,0.00,0.00,0.00,0.00,0.00,0.00,0.00,0.00,0.00",,0.00,0.00,,
map calculation bo,,0,"1.00,0.00,0.00,0.00,0.00,0.00,0.00",,0.00,0.00,,
map calculation calculator,,0,"0.00,0.00,0.00,0.00,0.00,0.00,0.00,0.00,0.00,0.00,0.00,0.00",,0.00,0.00,,
map calculation cardiology,,0,"0.00,0.00,0.00,0.00,0.00,0.00,0.00,0.00,0.00,0.00,0.00,0.00",,0.00,0.00,,
map calculation crossword clue,,0,"0.00,0.00,0.00,0.00,0.00,0.00,0.00,0.00,0.00,0.00,0.00,0.00",,0.00,0.00,,
map calculation cvp,,0,"0.00,0.00,0.00,0.00,0.00,0.00,0.00,0.00,0.00,0.00,0.00,0.00",,0.00,0.00,,
map calculation draft,,0,"0.00,0.00,0.00,0.00,0.00,0.00,0.00,0.00,0.00,0.00,0.00,0.00",,0.00,0.00,,
map calculation for collier county florida,,0,"0.00,0.00,0.00,0.00,0.00,0.00,0.00,0.00,0.00,0.00,0.00,0.00",,0.00,0.00,,
map calculation for head,,0,"0.00,0.00,0.00,0.00,0.00,0.00,0.00,0.00,0.00,0.00,0.00,0.00",,0.00,0.00,,
map calculation from bp,,0,"0.00,0.00,0.00,0.00,0.00,0.00,1.00,0.00,1.00,0.00,0.00,0.00",,1.52,0.00,,
map calculation mdalc,,0,"0.00,0.00,0.00,0.00,0.00,0.00,0.00,0.00,0.00,0.00,0.00,0.00",,0.00,0.00,,
map calculation mdcalc,,0,"0.00,0.00,0.00,0.00,0.00,0.00,0.00,0.00,0.00,0.00,0.00,0.00",,0.00,0.00,,
map calculation mean arterial pressure,,0,"0.00,0.00,0.00,0.00,0.00,0.00,0.00,0.00,0.00,0.00,0.00,0.00",,0.00,0.00,,
map calculation online,,0,"0.00,0.00,0.00,0.00,0.00,0.00,0.00,0.00,0.00,0.00,0.00,0.00",,0.00,0.00,,
map calculation practice questions,,0,"0.00,0.00,0.00,0.00,0.00,0.00,0.00,0.00,0.00,0.00,0.00,0.00",,0.00,0.00,,
map calculation prectice,,0,"0.00,0.00,0.00,0.00,0.00,0.00,0.00,0.00,0.00,0.00,0.00,0.00",,0.00,0.00,,
map calculation pulse pressure,,0,"0.00,0.00,0.00,0.00,0.00,0.00,0.00,0.00,0.00,0.00,0.00,0.00",,0.00,0.00,,
map calculation python,,0,"0.00,0.00,0.00,0.00,0.00,0.00,0.00,0.00,0.00,0.00,0.00,0.00",,0.00,0.00,,
map calculation questions,,0,"0.00,0.00,0.00,0.00,0.00,0.00,0.00,0.00,0.00,0.00,0.00,0.00",,0.00,0.00,,
map calculation sbp,,0,"0.00,0.00,0.00,0.00,0.00,0.00,0.00,0.00,0.00,0.00,0.00,0.00",,0.00,0.00,,
map calculation sbp dbp,,0,"0.00,0.00,0.00,0.00,0.00,0.00,0.00,0.00,0.00,0.00,0.00,0.00",,0.00,0.00,,
map calculation systolic,,0,"0.00,0.00,0.00,0.00,0.00,0.00,0.00,0.00,0.00,0.00,0.00,0.00",,0.00,0.00,,
map calculation use,,0,"0.00,0.00,0.00,0.00,0.00,0.00,0.00,0.00,0.00,0.00,0.00,0.00",,0.00,0.00,,
map calculation using pulse pressure,,0,"0.00,0.00,0.00,0.00,0.00,0.00,0.00,0.00,0.00,0.00,0.00,0.00",,0.00,0.00,,
map calculation with bp,,0,"0.00,0.00,0.00,0.00,0.00,0.00,0.00,0.00,0.00,0.00,0.00,0.00",,0.00,0.00,,
map calculations pdf,,0,"0.00,0.00,0.00,0.00,0.00,0.00,0.00,0.00,0.00,0.00,0.00,0.00",,0.00,0.00,,
map calculations pharmacy,,0,"0.00,1.00,0.00,0.00,0.00,0.00,0.00,0.00,0.00,0.00,0.00,0.00",,0.00,0.00,,
map calculator 110 80,,0,"0.00,0.00,0.00,0.00,0.00,0.00,0.00,0.00,0.00,0.00,0.00,0.00",,0.00,0.00,,
map calculator arcgis,,0,"1.00,0.00,0.00,0.00,0.00,1.00,0.00,0.00,0.00,0.00,0.00,0.00",,0.00,0.00,,
map calculator area,,0,"0.00,0.00,0.00,0.00,0.00,0.00,1.00,1.00,0.00,0.00,0.00,0.00",,0.45,0.05,,
map calculator blood pressure formula,,0,"0.00,0.00,0.00,0.00,0.00,0.00,0.00,0.00,0.00,0.00,0.00,1.00",,0.00,0.00,,
map calculator bo,,0,"0.00,0.00,0.00,0.00,0.00,0.50,1.00,0.00,0.50,0.50,0.00,0.00",,0.00,0.00,,
map calculator button on keyboard,,0,"0.00,0.00,0.00,0.00,0.00,0.00,0.00,0.00,0.00,0.00,0.00,0.00",,0.00,0.00,,
map calculator cardiac output,,0,"0.00,0.00,0.00,0.00,0.00,0.00,0.00,0.00,0.00,0.00,0.00,0.00",,0.00,0.00,,
map calculator cardiac output svr,,0,"0.00,0.00,0.00,0.00,0.00,0.00,0.00,0.00,0.00,0.00,0.00,0.00",,0.00,0.00,,
map calculator distance running,,0,"0.00,0.00,0.00,0.00,0.00,0.00,0.00,0.00,0.00,0.00,0.00,0.00",,0.00,0.00,,
map calculator easy way,,0,"0.00,0.00,0.00,0.00,0.00,0.00,0.00,0.00,0.00,0.00,0.00,0.00",,0.00,0.00,,
map calculator embed,,0,"0.00,0.00,0.00,0.00,0.00,0.00,0.00,0.00,0.00,0.00,0.00,0.00",,0.00,0.00,,
map calculator engine,,0,"0.00,0.00,0.00,0.00,0.00,0.00,0.00,0.00,0.00,0.00,0.00,0.00",,0.00,0.00,,
map calculator from bp,,0,"0.00,0.00,0.00,0.00,0.00,0.00,0.00,0.00,0.00,0.00,0.00,0.00",,0.00,0.00,,
map calculator globalrph,,0,"0.00,0.00,0.00,0.00,0.00,0.00,0.00,0.00,0.00,0.00,0.00,0.00",,0.00,0.00,,
map calculator google,,0,"0.00,0.00,0.00,0.00,0.00,0.00,0.00,0.00,0.00,0.00,0.00,0.00",,0.00,0.00,,
map calculator heart rate,,0,"0.00,0.00,0.00,0.00,0.00,0.00,0.00,0.00,0.00,0.00,0.00,0.00",,0.00,0.00,,
map calculator in java,,0,"0.00,0.00,0.00,0.00,0.00,0.00,0.00,0.00,0.00,0.00,0.00,0.00",,0.00,0.00,,
map calculator md,,0,"0.00,0.00,0.00,0.00,0.00,0.00,0.00,0.00,0.00,0.00,0.00,0.00",,0.00,0.00,,
map calculator md calc,,0,"0.00,0.00,0.00,0.00,0.00,0.00,0.00,0.00,0.00,0.00,0.00,0.00",,0.00,0.00,,
map calculator medicine,,0,"0.00,0.00,0.00,0.00,0.00,0.00,0.00,0.00,0.00,0.00,0.00,0.00",,0.00,0.00,,
map calculator omni,,0,"0.00,0.00,0.00,0.00,0.00,0.00,0.00,0.00,0.00,0.00,0.00,0.00",,0.00,0.00,,
map calculator rand mcnally,,0,"0.00,0.00,0.00,0.00,0.00,0.00,0.00,0.00,0.00,0.00,0.00,0.00",,0.00,0.00,,
map calculator run,,0,"0.00,0.00,0.00,0.00,0.00,0.00,0.00,0.00,0.00,0.00,0.00,0.00",,0.00,0.00,,
map calculator sbp,,0,"0.00,0.00,0.00,0.00,0.00,0.00,0.00,0.00,0.00,0.00,0.00,0.00",,0.00,0.00,,
map calculator script,,0,"0.00,0.00,0.00,0.00,0.00,0.00,0.00,0.00,0.00,0.00,0.00,0.00",,0.00,0.00,,
map calculator solar eclipse,,0,"0.00,0.00,0.00,0.00,0.00,0.00,0.00,0.00,0.00,0.00,0.00,0.00",,0.00,0.00,,
map calculator spreadsheet poe,,0,"0.00,0.00,0.00,0.00,0.00,0.00,0.00,0.00,0.00,0.00,0.00,0.00",,0.00,0.00,,
map calculator spreadsheet poe reddit,,0,"0.00,0.00,0.00,0.00,0.00,0.00,0.00,0.00,0.00,0.00,0.00,0.00",,0.00,0.00,,
map calculator systolic,,0,"0.00,0.00,0.00,0.00,0.00,0.00,0.00,0.00,0.00,0.00,0.00,0.00",,0.00,0.00,,
map calculator to bp,,0,"0.00,0.00,0.00,0.00,0.00,0.00,0.00,0.00,0.00,0.00,0.00,0.00",,0.00,0.00,,
map calculator to keyboard,,0,"0.00,0.00,0.00,0.00,0.00,0.00,0.00,0.00,0.00,0.00,0.00,0.00",,0.00,0.00,,
map calculator tool blood pressure,,0,"0.00,0.00,0.00,0.00,0.00,0.00,0.00,0.00,0.00,0.00,0.00,0.00",,0.00,0.00,,
map calculator with bp equation,,0,"0.00,0.00,0.00,0.00,0.00,0.00,0.00,0.00,0.00,0.00,0.00,0.00",,0.00,0.00,,
map calculator with heart rate,,0,"0.00,0.00,0.00,0.00,0.00,0.00,0.00,0.00,0.00,0.00,0.00,0.00",,0.00,0.00,,
map calculo de prestaciones,,0,"0.00,1.00,0.00,1.00,0.00,0.00,0.00,0.00,0.00,0.00,0.00,0.00",,0.00,0.00,,
map calorie calculator,,0,"0.00,0.00,0.00,0.00,0.00,0.00,0.00,0.00,0.00,0.00,0.00,0.00",,0.00,0.00,,
map cardiac calculation,,0,"0.00,0.00,0.00,0.00,0.00,0.00,0.00,0.00,0.00,0.00,0.00,0.00",,0.00,0.00,,
map chiron in natal chart calculator,,0,"0.00,0.00,0.00,0.00,0.00,0.00,0.00,0.00,0.00,0.00,0.00,0.00",,0.00,0.00,,
map co is the formula used to calculate,,0,"0.00,0.00,0.00,0.00,0.00,0.00,0.00,0.00,0.00,0.00,0.00,0.00",,0.00,0.00,,
map concrete calculator,,0,"0.00,0.00,0.00,0.00,0.00,0.00,0.00,0.00,0.00,0.00,0.00,0.00",,0.00,0.00,,
map coordinate calculator,,0,"0.00,0.00,0.00,0.00,0.00,0.00,0.00,0.00,0.00,0.00,0.00,0.00",,0.00,0.00,,
map coordinates calculator,,0,"0.00,0.00,0.00,0.00,0.00,0.00,0.00,0.00,0.00,0.00,0.00,0.00",,0.00,0.00,,
map degrees calculator,,0,"0.00,0.00,0.00,0.00,0.00,0.00,0.00,0.00,0.00,0.00,0.00,0.00",,0.00,0.00,,
map developers elevation calculator,,0,"0.00,0.00,0.00,0.00,0.00,0.00,0.00,0.00,0.00,0.00,0.00,0.00",,0.00,0.00,,
map direction calculator,,0,"0.00,0.00,0.00,0.00,0.00,0.00,0.00,0.00,0.00,0.00,0.00,0.00",,0.00,0.00,,
map directions gas mileage calculator,,0,"0.00,0.00,0.00,0.00,0.00,0.00,0.00,0.00,0.00,0.00,0.00,0.00",,0.00,0.00,,
map directions with gas calculator,,0,"0.00,0.00,0.00,0.00,1.00,1.00,0.00,0.00,0.00,0.00,0.00,0.00",,0.00,0.00,,
map distance and time calculator,,0,"0.00,0.00,0.00,0.00,0.00,0.00,0.00,0.00,0.00,0.00,0.00,0.00",,0.00,0.00,,
map distance area calculator,,0,"0.00,0.00,0.00,0.00,0.00,0.00,0.00,0.00,0.00,0.00,0.00,0.00",,0.00,0.00,,
map distance between two points calculator,,0,"0.00,0.00,0.00,0.00,0.00,0.00,0.00,0.00,0.00,0.00,0.00,0.00",,0.00,0.00,,
map distance calcula,,0,"0.00,0.00,0.00,0.00,0.00,0.00,0.00,0.00,0.00,0.00,0.00,0.00",,0.00,0.00,,
map distance calculate genetics,,0,"0.00,0.00,0.00,0.00,0.00,0.00,0.00,0.00,0.00,0.00,0.00,0.00",,0.00,0.00,,
map distance calculation,,0,"0.00,0.00,0.00,0.00,0.00,0.00,0.00,0.00,0.00,0.00,0.00,0.00",,0.72,0.01,,
map distance calculation biology,,0,"0.00,0.00,0.00,0.00,0.00,0.00,0.00,0.00,0.00,0.00,0.00,0.00",,0.00,0.00,,
map distance calculator as the crow flies,,0,"0.00,0.00,0.00,0.00,0.00,0.00,0.00,0.00,0.00,0.00,0.00,0.00",,0.00,0.00,,
map distance calculator australia,,0,"0.00,0.00,0.00,0.00,0.00,0.00,0.00,0.00,0.00,0.00,0.00,0.00",,0.00,0.00,,
map distance calculator biology,,0,"0.00,0.00,0.00,0.00,0.00,0.00,0.00,0.00,0.00,0.00,0.00,0.00",,0.00,0.00,,
map distance calculator bird flies,,0,"0.00,0.00,0.00,0.00,0.00,0.00,0.00,0.00,0.00,0.00,0.00,0.00",,0.00,0.00,,
map distance calculator crow flies,,0,"0.00,0.00,0.00,0.00,0.00,0.00,0.00,0.00,0.00,0.00,0.00,0.00",,0.00,0.00,,
map distance calculator ethiopia,,0,"0.00,0.00,0.00,0.00,0.00,0.00,0.00,0.00,0.00,0.00,0.00,0.00",,0.00,0.00,,
map distance calculator flying,,0,"0.00,0.00,0.00,0.00,0.00,0.00,0.00,0.00,0.00,0.00,0.00,0.00",,0.00,0.00,,
map distance calculator google,,0,"0.00,0.00,0.00,0.00,0.00,0.00,0.00,1.00,0.00,0.00,0.00,1.00",,0.00,0.00,,
map distance calculator google maps,,0,"0.00,0.00,0.00,0.00,0.00,0.00,0.00,0.00,0.00,0.00,0.00,0.00",,0.00,0.00,,
map distance calculator nz,,0,"0.00,0.00,0.00,0.00,0.00,0.00,0.00,0.00,0.00,0.00,0.00,0.00",,0.00,0.00,,
map distance calculator online,,0,"0.00,0.00,0.00,0.00,0.00,0.00,0.00,0.00,0.00,0.00,0.00,0.00",,0.00,0.00,,
map distance calculator radius,,0,"0.00,0.00,0.00,0.00,0.00,0.00,0.00,0.00,0.00,0.00,0.00,0.00",,0.00,0.00,,
map distance calculator radius how far can i travel,,0,"0.00,0.00,0.00,0.00,0.00,0.00,0.00,0.00,0.00,0.00,0.00,0.00",,0.00,0.00,,
map distance calculator running,,0,"0.00,0.00,0.00,0.00,0.00,0.00,0.00,0.00,0.00,0.00,0.00,0.00",,1.22,0.02,,
map distance calculator singapore,,0,"0.00,0.00,0.00,0.00,0.00,0.00,0.00,0.00,0.00,0.00,1.00,0.00",,0.00,0.00,,
map distance calculator with google maps,,0,"0.00,0.00,0.00,0.00,0.00,0.00,0.00,0.00,0.00,0.00,0.00,0.00",,0.00,0.00,,
map distance calculator with google maps app,,0,"0.00,0.00,0.00,0.00,0.00,0.00,0.00,0.00,0.00,0.00,0.00,0.00",,0.00,0.00,,
map distance formula calculator,,0,"0.00,0.00,0.00,0.00,0.00,0.00,0.00,0.00,0.00,0.00,0.00,0.00",,0.00,0.00,,
map distance genetics calculate,,0,"0.00,0.00,0.00,0.00,0.00,0.00,0.00,0.00,0.00,0.00,0.00,0.00",,0.00,0.00,,
map distance scale calculator,,0,"0.00,0.00,0.00,0.00,0.00,0.00,0.00,0.00,0.00,0.00,0.00,0.00",,0.00,0.00,,
map distance time calculator,,0,"0.00,0.00,0.00,0.00,0.00,0.00,0.00,0.00,0.00,0.00,0.00,0.00",,0.00,0.00,,
map distance two points calculator,,0,"0.00,0.00,0.00,0.00,0.00,0.00,0.00,0.00,0.00,0.00,0.00,0.00",,0.00,0.00,,
map distances calculator,,0,"0.00,0.00,0.00,0.00,0.00,0.00,0.00,0.00,0.00,0.00,0.00,0.00",,0.72,0.01,,
map distances to real life distancs calculator,,0,"0.00,0.00,0.00,0.00,0.00,0.00,0.00,0.00,0.00,0.00,0.00,0.00",,0.00,0.00,,
map distanct calculator,,0,"0.00,0.00,0.00,0.00,0.00,0.00,0.00,0.00,0.00,0.00,0.00,0.00",,0.00,0.00,,
map distorition calculator,,0,"0.00,0.00,0.00,0.00,0.00,0.00,0.00,0.00,0.00,0.00,0.00,0.00",,0.00,0.00,,
map earthquake calculator,,0,"0.00,0.00,0.00,0.00,0.00,0.00,0.00,0.00,0.00,0.00,0.00,0.00",,0.00,0.00,,
map elevation calculator calcmapscalcmaps,,0,"0.00,0.00,0.00,0.00,0.00,0.00,0.00,0.00,0.00,0.00,0.00,0.00",,0.00,0.00,,
map elevation calculator calcmapshttps www.calcmaps.com map-elevation,,0,"0.00,0.00,0.00,0.00,0.00,0.00,0.00,0.00,0.00,0.00,0.00,0.00",,0.00,0.00,,
map entered variable calculator,,0,"0.00,0.00,0.00,0.00,0.00,0.00,0.00,0.00,0.00,0.00,0.00,0.00",,0.00,0.00,,
map equation online calculator,,0,"0.00,0.00,0.00,0.00,0.00,0.00,0.00,0.00,0.00,0.00,0.00,0.00",,0.00,0.00,,
map equations calculator,,0,"0.00,0.00,0.00,0.00,0.00,0.00,0.00,0.00,0.00,0.00,0.00,0.00",,0.00,0.00,,
map estimate calculator,,0,"0.00,0.00,0.00,0.00,0.00,0.00,0.00,0.00,0.00,0.00,0.00,0.00",,0.00,0.00,,
map extent calculator,,0,"0.00,0.00,0.00,0.00,0.00,0.00,0.00,0.00,0.00,0.00,0.00,0.00",,0.00,0.00,,
map find the distance between two points calculator,,0,"0.00,0.00,0.00,0.00,0.00,0.00,0.00,0.00,0.00,0.00,0.00,0.00",,0.00,0.00,,
map for blood pressure calculation,,0,"0.00,0.00,0.00,0.00,0.00,0.00,0.00,0.00,0.00,0.00,0.00,0.00",,0.00,0.00,,
map for calculating distance,,0,"0.00,0.00,0.00,0.00,0.00,0.00,0.00,0.00,0.00,0.00,0.00,0.00",,0.00,0.00,,
map fuel calculator,,0,"0.00,0.00,0.00,0.00,0.00,0.00,0.00,0.00,0.00,0.00,0.00,0.00",,0.00,0.00,,
map fuel cost calculator,,0,"0.00,0.00,0.00,0.00,0.00,0.00,0.00,0.00,0.00,0.00,0.00,0.00",,0.00,0.00,,
map function calculator,,0,"0.00,0.00,0.00,0.00,0.00,0.00,0.00,0.00,0.00,0.00,0.00,0.00",,0.00,0.00,,
map gas mileage calculator,,0,"0.00,0.00,0.00,0.00,0.00,0.00,0.00,0.00,0.00,0.00,0.00,0.00",,0.00,0.00,,
map goal calculator,,0,"0.00,0.00,0.00,0.00,0.00,0.00,0.00,0.00,0.00,0.00,0.00,0.00",,0.00,0.00,,
map grid calculator,,0,"0.00,0.00,0.00,0.00,0.00,0.00,0.00,0.00,0.00,0.00,0.00,0.00",,0.00,0.00,,
map growth calculator,,0,"0.00,0.00,0.00,0.00,0.00,0.00,0.00,0.00,0.00,0.00,0.00,0.00",,0.00,0.00,,
map growth score calculator,,0,"0.00,0.00,0.00,0.00,0.00,0.00,0.00,0.00,0.00,0.00,0.00,0.00",,0.00,0.00,,
map heart calculator,,0,"0.00,0.00,0.00,0.00,0.00,0.00,0.00,0.00,0.00,0.00,0.00,0.00",,0.00,0.00,,
map in r to calculate wind chill,,0,"0.00,0.00,0.00,0.00,0.00,0.00,0.00,0.00,0.00,0.00,0.00,0.00",,0.00,0.00,,
map km calculator,,0,"0.00,0.00,1.00,0.00,0.00,0.00,1.00,0.00,0.00,0.00,0.00,0.00",,0.00,0.00,,
map land area calculator,,0,"0.00,0.00,0.00,0.00,0.00,1.00,0.00,0.00,0.00,0.00,0.00,0.00",,0.37,0.09,,
map land size calculator,,0,"0.00,0.00,0.00,0.00,0.00,0.00,0.00",,0.00,0.00,,
map legends to calculate scale,,0,"0.00,0.00,0.00,0.00,0.00,0.00,0.00,0.00,0.00,0.00,0.00,0.00",,0.00,0.00,,
map math calculator,,0,"0.00,0.00,0.00,0.00,0.00,0.00,0.00,0.00,0.00,0.00,0.00,0.00",,0.00,0.00,,
map mean airway pressure calculation,,0,"0.00,0.00,0.00,0.00,0.00,0.00,0.00,0.00,0.00,0.00,0.00,0.00",,0.00,0.00,,
map mean arterial pressure how to calculate,,0,"0.00,0.00,0.00,0.00,0.00,0.00,0.00,0.00,0.00,0.00,0.00,0.00",,0.00,0.00,,
map measure area and distance calculator,,0,"0.00,0.00,0.00,0.00,0.00,0.00,0.00,0.00,0.00,0.00,0.00,0.00",,0.00,0.00,,
map measurement calculator,,0,"0.00,0.00,0.00,0.00,0.00,0.00,0.00,0.00,0.00,0.00,0.00,0.00",,0.00,0.00,,
map medical abbreviation calculator,,0,"0.00,0.00,0.00,0.00,0.00,0.00,0.00,0.00,0.00,0.00,0.00,0.00",,0.00,0.00,,
map medical calculator,,0,"0.00,0.00,0.00,0.00,0.00,0.00,0.00,0.00,0.00,0.00,0.00,0.00",,0.00,0.00,,
map mile calculator running,,0,"0.00,0.00,0.00,0.00,0.00,0.00,0.00,0.00,0.00,0.00,0.00,0.00",,0.00,0.00,,
map mile radius calculator,,0,"0.00,0.00,0.00,0.00,0.00,0.00,0.00,0.00,0.00,0.00,0.00,0.00",,0.00,0.00,,
map mileage by air calculator,,0,"0.00,0.00,0.00,0.00,0.00,0.00,0.00,0.00,0.00,0.00,0.00,0.00",,0.00,0.00,,
map mileage calculator biking,,0,"0.00,0.00,0.00,0.00,0.00,0.00,0.00,0.00,0.00,0.00,0.00,0.00",,0.00,0.00,,
map mileage calculator pen,,0,"0.00,0.00,0.00,0.00,0.00,0.00,0.00,0.00,0.00,1.00,0.00,0.00",,0.00,0.00,,
map miles trip calculator,,0,"0.00,0.00,0.00,0.00,0.00,0.00,0.00,0.00,0.00,0.00,0.00,0.00",,0.00,0.00,,
map mleage calculator,,0,"0.00,0.00,0.00,0.00,0.00,0.00,0.00,0.00,0.00,0.00,0.00,0.00",,0.00,0.00,,
map my fitness calorie calculator,,0,"0.00,0.00,0.00,0.00,0.00,1.00,0.00,0.00,0.00,0.00,0.00,0.00",,0.00,0.00,,
map my hike calorie calculator,,0,"0.00,0.00,0.00,0.00,0.00,0.00,0.00,0.00,0.00,0.00,0.00,0.00",,0.00,0.00,,
map my ride calculator,,0,"0.00,0.00,0.00,0.00,0.00,0.00,0.00,0.00,0.00,0.00,0.00,0.00",,0.00,0.00,,
map my ride calorie calculator,,0,"0.00,0.00,0.00,0.00,0.00,0.00,0.00,0.00,0.00,0.00,0.00,0.00",,0.00,0.00,,
map my run calculate vo2,,0,"0.00,0.00,0.00,0.00,0.00,0.00,0.00,0.00,0.00,0.00,0.00,0.00",,0.00,0.00,,
map my run calories calculator,,0,"0.00,0.00,0.00,0.00,0.00,0.00,0.00,0.00,0.00,0.00,0.00,0.00",,0.00,0.00,,
map my run under armor calculator no calculate button,,0,"0.00,0.00,0.00,0.00,0.00,0.00,0.00,0.00,0.00,0.00,0.00,0.00",,0.00,0.00,,
map my walk calculate distance,,0,"0.00,0.00,0.00,0.00,0.00,0.00,0.00,0.00,0.00,0.00,0.00,0.00",,0.00,0.00,,
map my walk distance calculator,,0,"0.00,0.00,0.00,0.00,0.00,0.00,0.00,0.00,0.00,0.00,0.00,0.00",,0.00,0.00,,
map net distance calculator philippines,,0,"0.00,0.00,0.00,0.00,0.00,0.00,0.00,0.00,0.00,0.00,0.00,0.00",,0.00,0.00,,
map number calculator,,0,"0.00,0.00,0.00,0.00,0.00,0.00,0.00,0.00,0.00,0.00,0.00,0.00",,0.00,0.00,,
map nwea calculator not good,,0,"0.00,0.00,0.00,0.00,0.00,0.00,0.00,0.00,0.00,0.00,0.00,0.00",,0.00,0.00,,
map nwea grade equivalency calculator,,0,"0.00,0.00,0.00,0.00,0.00,0.00,0.00,0.00,0.00,0.00,0.00,0.00",,0.00,0.00,,
map object detection calculation,,0,"0.00,0.00,0.00,0.00,0.00,0.00,0.00,0.00,0.00,0.00,0.00,0.00",,0.00,0.00,,
map of distance calculator,,0,"0.00,0.00,0.00,0.00,0.00,0.00,0.00,0.00,0.00,0.00,0.00,0.00",,0.00,0.00,,
map of distance from dallas texas to jacksonville florida calculator,,0,"0.00,0.00,0.00,0.00,0.00,0.00,0.00,0.00,0.00,0.00,0.00,0.00",,0.00,0.00,,
map of gujarat distance calculator,,0,"0.00,0.00,0.00,0.00,0.00,0.00,0.00,0.00,0.00,0.00,0.00,0.00",,0.00,0.00,,
map of india distance calculator,,0,"0.00,0.00,0.00,0.00,0.00,0.00,0.00,0.00,0.00,0.00,0.00,0.00",,0.00,0.00,,
map of rajasthan with distance calculator,,0,"0.00,0.00,0.00,0.00,0.00,0.00,0.00,0.00,0.00,0.00,0.00,0.00",,0.00,0.00,,
map of tamil nadu distance calculator,,0,"0.00,0.00,0.00,0.00,0.00,0.00,0.00,0.00,0.00,0.00,0.00,0.00",,0.00,0.00,,
map of us distance calculator,,0,"0.00,0.00,0.00,0.00,0.00,0.00,0.00,0.00,0.00,0.00,0.00,0.00",,0.00,0.00,,
map out a run and calculate time,,0,"0.00,0.00,0.00,0.00,0.00,0.00,0.00,0.00,0.00,0.00,0.00,0.00",,0.00,0.00,,
map path distance calculator,,0,"0.00,0.00,0.00,0.00,0.00,0.00,0.00,0.00,0.00,0.00,0.00,0.00",,0.00,0.00,,
map paycheck calculator,,0,"0.00,0.00,0.00,0.00,0.00,0.00,0.00,0.00,0.00,0.00,0.00,0.00",,0.00,0.00,,
map pharmaceutical calculations,,0,"0.00,0.00,0.00,0.00,0.00,0.00,0.00,0.00,0.00,0.00,0.00,0.00",,0.00,0.00,,
map pharmacy calculations,,0,"0.00,0.00,0.00,0.00,0.00,0.00,0.00,0.00,0.00,0.00,0.00,0.00",,0.00,0.00,,
map pressure calculated,,0,"0.00,0.00,0.00,0.00,0.00,0.00,0.00,0.00,0.00,0.00,0.00,0.00",,0.00,0.00,,
map pressure calculation,,0,"0.00,0.00,0.00,0.00,0.00,0.00,0.00,0.00,0.00,0.00,0.00,0.00",,0.00,0.00,,
map pressure calculator automotive,,0,"0.00,0.00,0.00,0.00,0.00,0.00,0.00,0.00,0.00,0.00,0.00,0.00",,0.00,0.00,,
map projection that is best for calculating directions,,0,"0.00,0.00,0.00,0.00,0.00,0.00,0.00,0.00,0.00,0.00,0.00,0.00",,0.00,0.00,,
map public transit distance calculator,,0,"0.00,0.00,0.00,0.00,0.00,0.00,0.00,0.00,0.00,0.00,0.00,0.00",,0.00,0.00,,
map r to calculate wind chill,,0,"0.00,0.00,0.00,0.00,0.00,0.00,0.00,0.00,0.00,0.00,0.00,0.00",,0.00,0.00,,
map radio calculator range ring,,0,"0.00,0.00,0.00,0.00,0.00,0.00,0.00,0.00,0.00,0.00,0.00,0.00",,0.00,0.00,,
map radio calculator range ring altitude frequency,,0,"0.00,0.00,0.00,0.00,0.00,0.00,0.00,0.00,0.00,0.00,0.00,0.00",,0.00,0.00,,
map radius calculator google,,0,"0.00,0.00,0.00,0.00,0.00,0.00,0.00,0.00,0.00,0.00,0.00,0.00",,0.00,0.00,,
map radius calculator miles,,0,"0.00,0.00,0.00,0.00,0.00,0.00,0.00,0.00,0.00,0.00,0.00,0.00",,0.00,0.00,,
map ratio scale calculator,,0,"0.00,0.00,0.00,0.00,0.00,0.00,0.00,0.00,0.00,0.00,0.00,0.00",,0.00,0.00,,
map reading and area calculation,,0,"0.00,0.00,0.00,0.00,0.00,0.00,0.00,0.00,0.00,0.00,0.00,0.00",,0.00,0.00,,
map reading calculation in geography,,0,"0.00,0.00,0.00,0.00,0.00,0.00,0.00,0.00,0.00,0.00,0.00,0.00",,0.00,0.00,,
map reading calculation pdf,,0,"0.00,0.00,0.00,0.00,0.00,0.00,0.00,0.00,0.00,0.00,0.00,0.00",,0.00,0.00,,
map reading calculations,,0,"0.00,0.00,0.00,0.00,0.00,0.00,0.00,0.00,0.00,0.00,0.00,0.00",,0.00,0.00,,
map reliability calculator,,0,"0.00,0.00,0.00,0.00,0.00,0.00,0.00,0.00,0.00,0.00,0.00,0.00",,0.00,0.00,,
map rit calculation formula,,0,"0.00,0.00,0.00,0.00,0.00,0.00,0.00,0.00,0.00,0.00,0.00,0.00",,0.00,0.00,,
map roue mileage calculator,,0,"0.00,0.00,0.00,0.00,0.00,0.00,0.00,0.00,0.00,0.00,0.00,0.00",,0.00,0.00,,
map route calculate distance,,0,"0.00,0.00,0.00,0.00,0.00,0.00,0.00,0.00,0.00,0.00,0.00,0.00",,0.00,0.00,,
map route mileage calculator,,0,"0.00,0.00,0.00,0.00,0.00,0.00,0.00,0.00,0.00,0.00,0.00,0.00",,0.00,0.00,,
map run distance calculator,,0,"0.00,0.00,0.00,0.00,0.00,0.00,0.00,0.00,1.00,0.00,0.00,0.00",,1.22,0.02,,
map sbp dbp calculator,,0,"0.00,0.00,0.00,0.00,0.00,0.00,0.00,0.00,0.00,0.00,0.00,0.00",,0.00,0.00,,
map scale and distance calculator,,0,"0.00,0.00,0.00,0.00,0.00,0.00,0.00,0.00,0.00,0.00,0.00,0.00",,0.00,0.00,,
map scale bar calculator,,0,"0.00,0.00,0.00,0.00,0.00,0.00,0.00,0.00,0.00,0.00,0.00,0.00",,0.00,0.00,,
map scale calculating verbal scale,,0,"0.00,0.00,0.00,0.00,0.00,0.00,0.00,0.00,0.00,0.00,0.00,0.00",,0.00,0.00,,
map scale calculation,,0,"0.00,0.00,0.00,0.00,0.00,0.00,0.00,0.00,0.00,0.00,0.00,1.00",,0.00,0.00,,
map scale calculation formula miles,,0,"0.00,0.00,0.00,0.00,0.00,0.00,0.00,0.00,0.00,0.00,0.00,0.00",,0.00,0.00,,
map scale calculation pdf,,0,"0.00,0.00,0.00,0.00,0.00,0.00,0.00,0.00,0.00,0.00,0.00,0.00",,0.00,0.00,,
map scale calculation verbal scale,,0,"0.00,0.00,0.00,0.00,0.00,0.00,0.00,0.00,0.00,0.00,0.00,0.00",,0.00,0.00,,
map scale calculator cm,,0,"0.00,0.00,0.00,0.00,0.00,0.00,0.00,0.00,0.00,0.00,0.00,0.00",,0.00,0.00,,
map scale calculator feet,,0,"0.00,0.00,0.00,0.00,0.00,0.00,0.00,0.00,0.00,0.00,0.00,0.00",,0.00,0.00,,
map scale calculator inches feet,,0,"0.00,0.00,0.00,0.00,0.00,0.00,0.00,0.00,0.00,0.00,0.00,0.00",,0.00,0.00,,
map scale calculator inches to feet,,0,"0.00,0.00,0.00,0.00,0.00,0.00,0.00,0.00,0.00,0.00,0.00,0.00",,0.00,0.00,,
map scale calculator sq km,,0,"0.00,0.00,0.00,0.00,0.00,0.00,0.00,0.00,0.00,0.00,0.00,0.00",,0.00,0.00,,
map scale how to calculate,,0,"0.00,0.00,0.00,0.00,0.00,0.00,0.00,0.00,0.00,0.00,0.00,0.00",,0.00,0.00,,
map scale math calculator,,0,"0.00,0.00,0.00,0.00,0.00,0.00,0.00,0.00,0.00,0.00,0.00,0.00",,0.00,0.00,,
map scales calculator,,0,"0.00,0.00,0.00,0.00,0.00,0.00,0.00,0.00,0.00,0.00,0.00,0.00",,0.00,0.00,,
map score percentile calculator 2020,,0,"0.00,0.00,0.00,0.00,0.00,0.00,0.00,0.00,0.00,0.00,0.00,0.00",,0.00,0.00,,
map score percentile calculator 2021,,0,"0.00,0.00,0.00,0.00,0.00,0.00,0.00,0.00,0.00,0.00,0.00,0.00",,0.00,0.00,,
map score percentile calculator 2023,,0,"0.00,0.00,0.00,0.00,0.00,0.00,0.00,0.00,0.00,0.00,0.00,0.00",,0.00,0.00,,
map size to acres calculator,,0,"0.00,0.00,0.00,0.00,0.00,0.00,0.00,0.00,0.00,0.00,0.00,0.00",,0.00,0.00,,
map square dimension calculator,,0,"0.00,0.00,0.00,0.00,0.00,0.00,0.00,0.00,0.00,0.00,0.00,0.00",,0.00,0.00,,
map square feet calculator,,0,"0.00,0.00,0.00,0.00,0.00,0.00,0.00,0.00,0.00,0.00,0.00,0.00",,0.00,0.00,,
map square foot calculator,,0,"0.00,0.00,0.00,0.00,0.00,0.00,0.00,0.50,1.00,0.50,0.50,0.50",,0.73,0.03,,
map square footage calculator for room,,0,"0.00,0.00,0.00,0.00,0.00,0.00,0.00,0.00,0.00,0.00,0.00,0.00",,0.00,0.00,,
map square mile calculator,,0,"0.00,0.00,0.00,0.00,0.00,0.00,0.00,0.00,0.00,0.00,0.00,0.00",,0.00,0.00,,
map sun calculator,,0,"0.00,0.00,0.00,0.00,0.00,0.00,0.00,0.00,0.00,0.00,0.00,0.00",,0.00,0.00,,
map svr how to calculate,,0,"0.00,0.00,0.00,0.00,0.00,0.00,0.00,0.00,0.00,0.00,0.00,0.00",,0.00,0.00,,
map taxi fare calculator,,0,"0.00,0.00,0.00,0.00,0.00,0.00,0.00,0.00,0.00,0.00,0.00,0.00",,0.00,0.00,,
map test math calculator,,0,"0.00,0.00,0.00,0.00,0.00,0.00,0.00,0.00,0.00,0.00,0.00,0.00",,0.00,0.00,,
map testing scores calculator for selective inrolment in chicago,,0,"0.00,0.00,0.00,0.00,0.00,0.00,0.00,0.00,0.00,0.00,0.00,0.00",,0.00,0.00,,
map that calculates distance,,0,"0.00,0.00,0.00,0.00,0.00,0.00,0.00,0.00,0.00,0.00,0.00,0.00",,0.72,0.01,,
map that calculates time based on max speed,,0,"0.00,0.00,0.00,0.00,0.00,0.00,0.00,0.00,0.00,0.00,0.00,0.00",,0.00,0.00,,
map that lets you set wavepoints to calculate a circle,,0,"0.00,0.00,0.00,0.00,0.00,0.00,0.00,0.00,0.00,0.00,0.00,0.00",,0.00,0.00,,
map that will calculate distance as the bird flies,,0,"0.00,0.00,0.00,0.00,0.00,0.00,0.00,0.00,0.00,0.00,0.00,0.00",,0.00,0.00,,
map that will calculate distance of my run,,0,"0.00,0.00,0.00,0.00,0.00,0.00,0.00,0.00,0.00,0.00,0.00,0.00",,0.00,0.00,,
map tile bounds calculator,,0,"0.00,0.00,0.00,0.00,0.00,0.00,0.00,0.00,0.00,0.00,0.00,0.00",,0.00,0.00,,
map time distance calculator venn diagram,,0,"0.00,0.00,0.00,0.00,0.00,0.00,0.00,0.00,0.00,0.00,0.00,0.00",,0.00,0.00,,
map to calculate distance between two points,,0,"0.00,0.00,0.00,0.00,0.00,0.00,0.00,0.00,0.00,0.00,0.00,0.00",,0.00,0.00,,
map to calculate distance run,,0,"0.00,0.00,0.00,0.00,0.00,0.00,0.00,0.00,0.00,0.00,0.00,0.00",,0.00,0.00,,
map to calculate driving distance,,0,"0.00,0.00,0.00,0.00,0.00,0.00,0.00,0.00,0.00,0.00,0.00,0.00",,0.00,0.00,,
map to calculate driving distance overlap between multiple points,,0,"1.00,0.00,0.00,0.00,0.00,0.00,0.00,0.00,0.00,0.00,0.00",,0.00,0.00,,
map to calculate flight distance,,0,"0.00,0.00,0.00,0.00,0.00,0.00,0.00,0.00,0.00,0.00,0.00,0.00",,0.00,0.00,,
map to calculate how far i ran,,0,"0.00,0.00,0.00,0.00,0.00,0.00,0.00,0.00,0.00,0.00,0.00,0.00",,0.00,0.00,,
map to calculate pulse pressure,,0,"0.00,0.00,0.00,0.00,0.00,0.00,0.00,0.00,0.00,0.00,0.00,0.00",,0.00,0.00,,
map to calculate shortest route,,0,"0.00,0.00,0.00,0.00,0.00,0.00,0.00,0.00,0.00,0.00,0.00,0.00",,0.00,0.00,,
map to calculate square ft,,0,"0.00,0.00,0.00,0.00,0.00,0.00,0.00,0.00,0.00,0.00,0.00,0.00",,0.00,0.00,,
map to calculate square ft goole map,,0,"0.00,0.00,0.00,0.00,0.00,0.00,0.00,0.00,0.00,0.00,0.00,0.00",,0.00,0.00,,
map to calculate square miles,,0,"0.00,0.00,0.00,0.00,0.00,0.00,0.00,0.00,0.00,0.00,0.00,0.00",,0.00,0.00,,
map to distance calculator,,0,"0.00,0.00,0.00,0.00,0.00,0.00,0.00,0.00,0.00,0.00,0.00,0.00",,0.00,0.00,,
map toll calculator,,0,"0.00,0.00,0.00,0.00,0.00,0.00,0.00,1.00,0.00,0.00,0.00,0.00",,0.00,0.00,,
map tool to calculate square miles,,0,"0.00,0.00,0.00,0.00,0.00,0.00,0.00,0.00,0.00,0.00,0.00,0.00",,0.00,0.00,,
map tools calculating distance,,0,"0.00,0.00,0.00,0.00,0.00,0.00,0.00,0.00,0.00,0.00,0.00,0.00",,0.00,0.00,,
map top quartile calculator,,0,"0.00,0.00,0.00,0.00,0.00,0.00,0.00,0.00,0.00,0.00,0.00,0.00",,0.00,0.00,,
map travel distance calculator,,0,"0.00,0.00,0.00,0.00,0.00,0.00,0.00,0.00,0.00,0.00,0.00,0.00",,0.00,0.00,,
map true bearing calculator,,0,"0.00,0.00,0.00,0.00,0.00,0.00,0.00,0.00,0.00,0.00,0.00,0.00",,0.00,0.00,,
map unit calculation formula,,0,"0.00,0.00,0.00,0.00,0.00,0.00,0.00,0.00,0.00,0.00,0.00,0.00",,0.00,0.00,,
map unit calculator,,0,"1.00,0.00,0.00,0.00,0.00,0.00,0.00,0.00,0.00,0.00,0.00,1.00",,0.00,0.00,,
map unit genetics calculation,,0,"0.00,0.00,0.00,0.00,0.00,0.00,0.00,0.00,0.00,0.00,0.00,0.00",,0.00,0.00,,
map units calculator genetics,,0,"0.00,0.00,0.00,0.00,0.00,0.00,0.00,0.00,0.00,0.00,0.00,0.00",,0.00,0.00,,
map value calculator,,0,"0.00,0.00,0.00,0.00,0.00,0.00,0.00,0.00,0.00,0.00,1.00,1.00",,0.00,0.00,,
map view how to calculate square footage of my lawn,,0,"0.00,0.00,0.00,0.00,0.00,0.00,0.00,0.00,0.00,0.00,0.00,0.00",,0.00,0.00,,
map vital signs calculator,,0,"0.00,0.00,0.00,0.00,0.00,0.00,0.00,0.00,0.00,0.00,0.00,0.00",,0.00,0.00,,
map walk calculator,,0,"0.00,0.00,0.00,0.00,0.00,0.00,0.00,0.00,0.00,0.00,0.00,0.00",,0.00,0.00,,
map with acreage calculator,,0,"0.00,0.00,0.00,0.00,0.00,0.00,0.00,0.00,0.00,0.00,0.00,0.00",,0.00,0.00,,
map with acres calculation rtools,,0,"0.00,0.00,0.00,0.00,0.00,0.00,0.00,0.00,0.00,0.00,0.00,0.00",,0.00,0.00,,
map with area calculator,,0,"0.00,0.00,0.00,0.00,1.00,1.00,0.00,1.00,0.00,0.00,0.00,0.00",,0.45,0.05,,
map with gas mileage calculator,,0,"0.00,0.00,0.00,0.00,0.00,0.00,0.00,0.00,0.00,0.00,0.00,0.00",,0.00,0.00,,
map with miles calculator,,0,"0.00,0.00,0.00,0.00,0.00,0.00,0.00,0.00,0.00,0.00,0.00,0.00",,0.00,0.00,,
map with radius calculator,,0,"0.00,0.00,0.00,0.00,0.00,0.00,1.00,0.45,0.00,0.00,0.00,0.00",,0.00,0.00,,
map with snow calculations for tuesday,,0,"0.00,0.00,0.00,0.00,0.00,0.00,0.00,0.00,0.00,0.00,0.00,0.00",,0.00,0.00,,
map with toll calculator,,0,"0.00,0.00,0.25,1.00,0.00,0.00,0.00,0.00,0.00,0.00,0.00,0.00",,0.00,0.00,,
map work calculations pdf,,0,"0.00,0.00,0.00,0.00,0.00,0.00,0.00,0.00,0.00,0.00,0.00,0.00",,0.00,0.00,,
map work calculations pdf grade 10,,0,"0.00,0.00,0.00,0.00,0.00,0.00,0.00,0.00,0.00,0.00,0.00,0.00",,0.00,0.00,,
map work calculations pdf grade 11,,0,"0.00,0.00,0.00,0.00,0.00,0.00,0.00,0.00,0.00,0.00,0.00,0.00",,0.00,0.00,,
map work calculations pdf grade 12,,0,"0.00,0.00,0.00,0.00,0.00,0.00,0.00,0.00,0.00,0.00,0.00,0.00",,0.00,0.00,,
map zip code calculator,,0,"0.00,0.00,0.00,0.00,0.00,0.00,0.00,0.00,0.00,0.00,0.00,0.00",,0.00,0.00,,
map.area calculator,,0,"0.00,0.00,0.00,0.00,0.00",,0.00,0.00,,
map.distance calculator,,0,"0.00,0.00,0.00,0.00,0.00,0.00,0.00,0.00,0.00,0.00,0.00,0.00",,0.00,0.00,,
map.radius calculator,,0,"1.00,0.00,0.00,0.00,0.00,0.00,0.00,0.00,0.00,0.00,0.00,0.00",,0.00,0.00,,
map/co is the formula used to calculate,,0,"0.00,0.00,0.00,0.00,0.00,0.00,0.00,0.00,0.00,0.00,0.00,0.00",,0.00,0.00,,
mapa astral calcular ascendente,,0,"0.00,0.00,0.00,0.00,0.00,0.00,0.00,0.00,0.00,0.00,0.00,0.00",,0.00,0.00,,
mapa astral calcular gratis,,0,"0.00,0.00,0.00,0.00,0.00,0.00,0.00,0.00,0.00,0.00,0.00,0.00",,0.00,0.00,,
mapa astral calculo,,0,"0.00,0.00,0.00,0.00,0.00,0.00,0.00,0.00,0.00,0.00,0.00,0.00",,0.00,0.13,,
mapa calculador de distancias,,0,"0.00,1.00,0.00,0.00,0.00,0.00,0.00,0.00,0.00,0.00,0.00,0.00",,0.00,0.00,,
mapa calcular distancia entre dos puntos,,0,"0.00,0.00,0.00,0.00,0.00,0.00,0.00,0.00,0.00,0.00,0.00,0.00",,0.00,0.00,,
mapa calculator,,0,"0.00,0.00,0.00,0.00,1.00,0.00,0.00,0.00,0.00,0.00,0.00,0.00",,0.00,0.00,,
mapa conceptual de calculo integral,,0,"1.00,0.00,0.00,0.00,0.00,0.00,0.00,0.00,0.00,0.00,0.00,0.00",,0.00,0.00,,
mapa conceptual de hoja de cálculo excel,,0,"0.00,0.00,0.00,0.00,0.00,0.00,0.00,0.00,0.00,0.00,0.00,0.00",,0.00,0.00,,
mapa conceptual de hoja electronica de calculo,,0,"0.00,0.00,0.00,0.00,0.00,0.00,0.00,0.00,0.00,0.00,0.00,0.00",,0.00,0.00,,
mapa conceptual de limites calculo,,0,"0.00,0.00,0.00,1.00,0.00,0.00,0.00,0.00,0.00,0.00,0.00,1.00",,0.00,0.00,,
mapa conceptual del calculo,,0,"0.00,0.00,0.00,0.00,0.00,0.00,0.00,0.00,0.00,0.00,0.00,0.00",,0.00,0.00,,
mapa de carnot calculadora,,0,"0.00,0.00,0.00,0.00,0.00,0.00,0.00,0.00,0.00,0.00,0.00,0.00",,0.00,0.00,,
mapa do direito calculadora 2 fase oab,,0,"0.00,0.00,0.00,0.00,0.00,0.00,0.00,0.00,0.00,0.00,0.00,0.00",,0.00,0.00,,
mapa mental de calculo diferencial,,0,"0.00,0.00,0.00,0.00,0.00,0.00,0.00,0.00,0.00,0.00,0.00,0.00",,0.00,0.00,,
mapa natal calcular,,0,"0.00,0.00,0.00,0.00,0.00,1.00,0.00,0.00,0.00,0.00,0.00,0.00",,0.00,0.00,,
mapa repsol calcular ruta,,0,"0.00,0.00,0.00,0.00,0.00,0.00,0.00,0.00,0.00,0.00,0.00,0.00",,0.00,0.00,,
mapa vedica calcular,,0,"0.00,0.00,0.00,0.00,0.00,0.00,0.00,0.00,0.00,0.00,0.00,0.00",,0.00,0.00,,
mapa vedico calcular,,0,"0.00,0.00,0.00,0.00,0.00,0.00,0.00,0.00,0.00,0.00,0.00,0.00",,0.00,0.00,,
mapa.astral calcular,,0,"0.00,0.00,0.00,0.00,0.00,0.00,0.00,0.00,0.00,0.00,0.00,0.00",,0.00,0.00,,
mapas de karnaugh 3 variables calculadora,,0,"0.00,0.00,0.00,0.00,0.00,0.00,0.00,0.00,0.00,0.00,0.00,0.00",,0.00,0.00,,
mape calculation apics,,0,"0.00,0.00,0.00,0.00,0.00,0.00,0.00,0.00,0.00,0.00,0.00,0.00",,0.00,0.00,,
mape calculation forecast,,0,"0.00,0.00,0.00,0.00,0.00,0.00,0.00,0.00,0.00,0.00,0.00,0.00",,0.00,0.00,,
mape calculation in r,,0,"0.00,0.00,0.00,0.00,0.00,0.00,0.00,0.00,0.00,0.00,0.00,0.00",,0.00,0.00,,
mape calculation in sas,,0,"0.00,0.00,0.00,0.00,0.00,0.00,0.00,0.00,0.00,0.00,0.00,0.00",,0.00,0.00,,
mape calculation in tableau,,0,"0.00,0.00,0.00,0.00,0.00,0.00,0.00,0.00,0.00,0.00,0.00,0.00",,0.00,0.00,,
mape calculation on excel,,0,"0.00,0.00,0.00,0.00,0.00,0.00,0.00,0.00,0.00,0.00,0.00,0.00",,0.00,0.00,,
mape calculation online,,0,"0.00,0.00,0.00,0.00,0.00,0.00,0.00,0.00,0.00,0.00,1.00,0.00",,0.00,0.00,,
mape calculation sas,,0,"0.00,0.00,0.00,0.00,0.00,0.00,0.00,0.00,0.00,0.00,0.00,0.00",,0.00,0.00,,
mape calculation tableau,,0,"0.00,0.00,0.00,0.00,0.00,0.00,0.00,0.00,0.00,0.00,0.00,0.00",,0.00,0.00,,
mape calculator excel,,0,"0.00,0.00,0.00,0.00,0.00,0.00,0.00,0.00,0.00,0.00,0.00,0.00",,0.00,0.00,,
mape calculator hotel,,0,"1.00,0.00,0.00,0.00,0.00,0.00,0.00,0.00,0.00,0.00,0.00",,0.00,0.00,,
mape calculo,,0,"0.00,0.00,1.00,0.00,0.00,0.00,0.00,1.00,0.00,0.00,0.00,0.00",,0.00,0.00,,
mape contract calculator,,0,"0.00,0.00,0.00,0.00,0.00,0.00,0.00,0.00,0.00,0.00,0.00,0.00",,0.00,0.00,,
mape error calculation,,0,"1.00,0.00,0.00,0.00,0.00,0.00,0.00",,0.00,0.00,,
mape error percentage calculator,,0,"0.00,0.00,0.00,0.00,0.00,0.00,0.00,0.00,0.00,0.00,0.00,0.00",,0.00,0.00,,
mape example calculation,,0,"0.00,0.00,0.00,0.00,0.00,0.00,0.00,0.00,0.00,0.00,0.00,0.00",,0.00,0.00,,
mape forecast calculation,,0,"0.00,0.00,0.00,0.00,0.00,0.00,0.00,0.00,0.00,0.00,0.00,0.00",,0.00,0.00,,
mape salary calculator,,0,"0.00,0.00,0.00,0.00,0.00,0.00,0.00,0.00,0.00,0.00,0.00,0.00",,0.00,0.00,,
mape to calculate accuracy,,0,"0.00,0.00,0.00,0.00,0.00,0.00,0.00,0.00,0.00,0.00,0.00,0.00",,0.00,0.00,,
mapping calculations,,0,"0.00,0.00,0.00,0.00,0.00,0.00,0.00,0.00,0.00,0.00,0.00,0.00",,0.00,0.00,,
mapping calculator algebra,,0,"1.00,0.00,0.00,0.00,0.00,0.00,0.00,0.00,0.00,0.00,0.00,0.00",,0.00,0.00,,
mapping calculator functions to click event,,0,"0.00,0.00,0.00,0.00,0.00,0.00,0.00,0.00,0.00,0.00,0.00,0.00",,0.00,0.00,,
mapping diagrams calculator,,0,"0.00,0.00,0.00,0.00,0.00,0.00,0.00,0.00,0.00,0.00,0.00,0.00",,0.00,0.00,,
mapping distance calculator,,0,"0.00,0.00,0.00,0.00,0.00,0.00,0.00,0.00,0.00,0.00,0.00,0.00",,0.72,0.01,,
mapping equation calculator,,0,"0.00,0.00,0.00,0.00,0.00,0.00,0.00,0.00,0.00,0.00,0.00,0.00",,0.00,0.00,,
mapping function calculator,,0,"0.00,0.00,0.00,0.00,0.00,0.00,0.00,0.00,0.00,0.00,0.00,0.00",,0.00,0.00,,
mapping graph calculator,,0,"0.00,0.00,0.00,0.00,0.00,0.00,0.00,0.00,0.00,0.00,0.00,0.00",,0.00,0.00,,
mapping grid calculator,,0,"0.00,0.00,0.00,0.00,0.00,0.00,0.00,0.00,0.00,0.00,0.00,0.00",,0.00,0.00,,
mapping my future budget calculator,,0,"0.00,0.00,0.00,0.00,0.00,0.00,0.00,0.00,0.00,0.00,0.00,0.00",,0.00,0.00,,
mapping rule math calculator,,0,"0.00,0.00,0.00,0.00,0.00,0.00,0.00,0.00,0.00,0.00,0.00,0.00",,0.00,0.00,,
mapping sequences on a calculator,,0,"0.00,0.00,0.00,0.00,0.00,0.00,0.00,0.00,0.00,0.00,0.00,0.00",,0.00,0.00,,
mapping shapes calculator,,0,"0.00,0.00,0.00,0.00,0.00,0.00,0.00,0.00,0.00,0.00,0.00,0.00",,0.00,0.00,,
mapping t on d calculs,,0,"0.00,0.00,0.00,0.00,0.00,0.00,0.00,0.00,0.00,0.00,0.00,0.00",,0.00,0.00,,
mapping unit calculation between outer genes,,0,"0.00,0.00,0.00,0.00,0.00,0.00,0.00,0.00,0.00,0.00,0.00,0.00",,0.00,0.00,,
mapping wolfram alpha calculator,,0,"0.00,0.00,0.00,0.00,0.00,0.00,0.00,0.00,0.00,0.00,0.00,0.00",,0.00,0.00,,
mapping your future loan calculator,,0,"0.00,0.00,0.00,0.00,1.00,0.00,0.00,0.00,0.00,0.00,0.00,1.00",,0.00,0.00,,
mapping your future paying standard calculator,,0,"0.00,0.00,0.00,0.00,0.00,0.00,0.00,0.00,0.00,0.00,0.00,0.00",,0.00,0.00,,
mapping your future payment standard calculator,,0,"0.00,0.00,0.00,0.00,0.00,0.00,0.00,0.00,0.00,0.00,0.00,0.00",,0.00,0.00,,
mapping your future student loan repayment calculator,,0,"0.00,0.00,0.00,0.00,0.00,0.00,0.00,0.00,0.00,0.00,0.00,0.00",,0.00,0.00,,
maps acre calculator,,0,"0.00,0.00,0.00,0.00,0.00,0.00,0.00,0.00,1.00,0.00,0.00,0.00",,0.45,0.05,,
maps and distance calculator,,0,"0.00,0.00,0.00,0.00,0.00,0.00,0.00,0.00,0.00,0.00,0.00,1.00",,0.72,0.01,,
maps and scale drawings calculator,,0,"0.00,0.00,0.00,0.00,0.00,0.00,0.00,0.00,0.00,0.00,0.00,0.00",,0.00,0.00,,
maps app calculate distance,,0,"0.00,0.00,0.00,0.00,0.00,0.00,0.00,0.00,0.00,0.00,0.00,0.00",,0.00,0.00,,
maps area calculator trackid sp-006,,0,"0.00,0.00,0.00,0.00,0.00,0.00,0.00,0.00,0.00,0.00,0.00,0.00",,0.00,0.00,,
maps auto loan calculator,,0,"0.00,0.00,0.00,0.00,0.00,0.00,0.00,0.00,0.00,0.00,0.00,0.00",,0.00,0.00,,
maps calcul distance,,0,"0.00,0.00,0.00,0.00,0.00,0.00,0.00,0.00,0.00,0.00,0.00,0.00",,0.00,0.01,,
maps calcul surface,,0,"0.00,0.00,0.00,0.00,0.00,0.00,1.00,0.00,0.00,0.00,0.00,0.00",,0.00,0.00,,
maps calcular ruta,,0,"0.00,0.00,0.00,0.00,0.00,0.00,0.00,0.00,0.00,0.00,0.00,0.00",,0.00,0.00,,
maps calculate area,,0,"0.00,0.00,0.00,0.00,0.00,0.00,0.00,0.00,0.00,0.00,0.00,0.00",,0.45,0.05,,
maps calculate distance between two points,,0,"0.00,0.00,0.00,0.00,0.00,0.00,0.00,0.00,0.00,0.00,0.00,0.00",,0.00,0.00,,
maps calculate distance run,,0,"0.00,0.00,0.00,0.00,0.00,0.00,0.00,0.00,0.00,0.00,0.00,0.00",,0.00,0.00,,
maps calculate distance walked,,0,"0.00,0.00,0.00,0.00,0.00,0.00,0.00,0.00,0.00,0.00,0.00,0.00",,0.00,0.00,,
maps calculate distance with speed,,0,"0.00,0.00,0.00,0.00,0.00,0.00,0.00,0.00,0.00,0.00,0.00,0.00",,0.00,0.00,,
maps calculate route,,0,"0.00,0.00,0.00,0.00,0.00,0.00,0.00,0.00,0.00,0.00,0.00,0.00",,0.00,0.00,,
maps calculate sqft,,0,"0.00,0.00,0.00,0.00,0.00,0.00,0.00,0.00,0.00,0.00,0.00,0.00",,0.00,0.00,,
maps calculate tolls,,0,"0.00,0.00,0.00,0.00,0.00,0.00,0.00,0.00,0.00,0.00,0.00,0.00",,0.00,0.00,,
maps calculating distance,,0,"0.00,0.00,0.00,0.00,0.00,0.00,0.00,0.00,0.00,0.00,0.00,0.00",,0.72,0.01,,
maps calculation,,0,"0.00,0.00,0.00,1.00,0.00,0.00,0.00,0.00,0.00,0.00,0.00,0.00",,0.00,0.00,,
maps calculator distance,,0,"0.00,0.00,0.00,0.00,0.00,0.00,0.00,0.00,0.00,0.00,0.00,0.00",,0.00,0.01,,
maps calculator mind pump,,0,"0.00,0.00,0.00,0.00,0.00,0.00,0.00,0.00,0.00,0.00,0.00,0.00",,0.00,0.00,,
maps calculator use policy,,0,"0.00,0.00,0.00,0.00,0.00,0.00,0.00,0.00,0.00,0.00,0.00,0.00",,0.00,0.00,,
maps credit union auto loan calculator,,0,"0.00,0.00,0.00,0.00,0.00,0.00,0.00,0.00,0.00,0.00,0.00,0.00",,0.00,0.00,,
maps credit union payment calculator,,0,"0.00,0.00,0.00,0.00,0.00,0.00,0.00,0.00,0.00,0.00,0.00,0.00",,0.00,0.00,,
maps distance calculator apk,,0,"0.00,0.00,0.00,0.00,0.00,0.00,0.00,0.00,0.00,0.00,0.00,0.00",,0.00,0.00,,
maps distance calculator google,,0,"0.00,0.00,0.00,0.00,0.00,0.00,0.00,0.00,0.00,0.00,0.00,0.00",,0.00,0.00,,
maps distance calculator walking,,0,"0.00,0.00,0.00,0.00,0.00,0.00,0.00,0.00,0.00,0.00,0.00,0.00",,0.00,0.00,,
maps drive time calculations,,0,"0.00,0.00,0.00,0.00,0.00,0.00,0.00,0.00,0.00,0.00,0.00,0.00",,0.00,0.00,,
maps finance entitlements calculator,,0,"0.00,0.00,0.00,0.00,0.00,0.00,0.00,0.00,0.00,0.00,0.00,0.00",,0.00,0.00,,
maps fitness calculator,,0,"0.00,0.00,0.00,0.00,0.00,0.00,0.00,0.00,0.00,0.00,0.00,0.00",,0.00,0.00,,
maps for distance running calculator,,0,"0.00,0.00,0.00,0.00,0.00,0.00,0.00,0.00,0.00,0.00,0.00,0.00",,0.00,0.00,,
maps gas calculator,,0,"0.00,0.00,0.00,0.00,0.00,0.00,0.00,0.00,0.00,0.00,0.00,0.00",,0.00,0.01,,
maps google calculate area,,0,"0.00,0.00,0.00,0.00,0.00,0.00,0.00,0.00,0.00,0.00,0.00,0.00",,0.00,0.00,,
maps gps distance calculator,,0,"0.00,0.00,0.00,0.00,0.00,0.00,0.00,0.00,0.00,0.00,0.00,0.00",,0.00,0.00,,
maps income calculator,,0,"0.00,0.00,0.00,0.00,0.00,0.00,0.00,0.00,0.00,0.00,0.00,0.00",,0.00,0.00,,
maps km calculator,,0,"0.00,0.00,0.00,0.00,0.00,0.00,0.00,0.00,0.00,0.00,0.00,0.00",,0.00,0.00,,
maps length calculator,,0,"0.00,0.00,0.00,0.00,0.00,0.00,0.00,0.00,0.00,0.00,0.00,0.00",,0.00,0.00,,
maps loan calculator,,0,"0.00,0.00,0.00,0.00,0.00,0.00,0.00,0.00,0.00,0.00,0.00,0.00",,0.00,0.00,,
maps macros calculator,,0,"0.00,0.00,0.00,0.00,0.00,0.00,0.00,0.00,0.00,0.00,0.00,0.00",,0.00,0.00,,
maps made easy calculator,,0,"0.00,0.00,0.00,0.00,0.00,0.00,0.00,0.00,0.00,0.00,0.00,0.00",,0.00,0.00,,
maps made easy volume calculation not working,,0,"0.00,0.00,0.00,0.00,0.00,0.00,0.00,0.00,0.00,0.00,0.00,0.00",,0.00,0.00,,
maps of india shortest distance calculator,,0,"0.00,0.00,0.00,0.00,0.00,0.00,0.00,0.00,0.00,0.00,0.00,0.00",,0.00,0.00,,
maps pension calculator,,0,"0.00,0.00,0.00,0.00,0.00,0.00,0.00,0.00,0.00,0.00,0.00,0.00",,0.00,0.00,,
maps perimeter calculator,,0,"0.00,0.00,0.00,0.00,0.00,0.00,0.00,0.00,0.00,0.00,0.00,0.00",,0.00,0.00,,
maps randmcnally com mileage calculator,,0,"0.00,0.00,0.00,0.00,0.00,0.00,0.00,0.00,0.00,0.00,0.00,0.00",,0.00,0.00,,
maps report prescription score calculate,,0,"0.00,0.00,0.00,0.00,0.00,0.00,0.00,0.00,0.00,0.00,0.00,0.00",,0.00,0.00,,
maps river mileage calculator,,0,"0.00,0.00,0.00,0.00,0.00,0.00,0.00,0.00,0.00,0.00,0.00,0.00",,0.00,0.00,,
maps running calculator,,0,"0.00,0.00,0.00,0.00,0.00,0.00,0.00,0.00,0.00,0.00,0.00,0.00",,0.00,0.00,,
maps south africa distance calculator,,0,"1.00,0.00,0.00,0.00,0.00,0.00,0.00,0.00,0.00,1.00,0.00,0.00",,0.00,0.00,,
maps straight line distance calculator,,0,"0.00,0.00,0.00,0.00,0.00,0.00,0.00,0.00,0.00,0.00,0.00,0.00",,0.00,0.00,,
maps surface calculator,,0,"0.00,0.00,1.00,0.00,0.00,0.00,0.00,0.00",,0.00,0.00,,
maps tdee calculator,,0,"0.00,0.00,0.00,0.00,0.00,0.00,0.00,0.00,0.00,0.00,0.00,0.00",,0.00,0.00,,
maps termination calculator,,0,"0.00,0.00,0.00,0.00,0.00,0.00,0.00,0.00,0.00,0.00,0.00,0.00",,0.00,0.00,,
maps testing calculator,,0,"0.00,0.00,0.00,0.00,0.00,0.00,0.00,0.00,0.00,0.00,0.00,0.00",,0.00,0.00,,
maps testing calculator use policy,,0,"0.00,0.00,0.00,0.00,0.00,0.00,0.00,0.00,0.00,0.00,0.00,0.00",,0.00,0.00,,
maps that you can calculate distance off of,,0,"0.00,0.00,0.00,0.00,0.00,0.00,0.00,0.00,0.00,0.00,0.00,0.00",,0.00,0.00,,
maps time calculation,,0,"0.00,0.00,0.00,0.00,0.00,0.00,0.00,0.00,0.00,0.00,0.00,0.00",,0.00,0.00,,
maps to calculate a run,,0,"0.00,0.00,0.00,0.00,0.00,0.00,0.00,0.00,0.00,0.00,0.00,0.00",,0.00,0.00,,
maps to calculate acreage,,0,"0.00,0.00,0.00,0.00,0.00,0.00,0.00,0.00,0.00,0.00,0.00,0.00",,0.00,0.00,,
maps to calculate mileage,,0,"0.00,0.00,0.00,0.00,0.00,0.00,0.00,0.00,0.00,0.00,0.00,0.00",,0.00,0.00,,
maps toll calculator,,0,"1.00,0.00,0.00,0.00,0.00,0.00,0.00,0.00,0.00,0.00,0.00,0.00",,0.00,0.00,,
maps trip calculator,,0,"0.00,0.00,0.00,0.00,0.00,0.00,0.00,0.00,0.00,0.00,0.00,0.00",,0.00,0.00,,
maps vehicle payment calculator,,0,"0.00,0.00,0.00,0.00,0.00,0.00,0.00,0.00,0.00,0.00,0.00,0.00",,0.00,0.00,,
maps walking distance calculator,,0,"0.00,0.00,0.00,0.00,0.00,0.00,0.00,0.00,0.00,0.00,0.00,0.00",,0.74,0.06,,
maps with acreage calculator,,0,"0.00,0.00,0.00,0.00,0.00,0.00,0.00,0.00,0.00,0.00,0.00,0.00",,0.45,0.05,,
maps with decimal distances calculator,,0,"0.00,0.00,0.00,0.00,0.00,0.00,0.00,0.00,0.00,0.00,0.00,0.00",,0.00,0.00,,
maps with distance calculator,,0,"0.00,0.00,0.00,0.00,0.00,0.00,0.00,0.00,0.00,0.00,0.00,0.00",,0.72,0.01,,
maps with fractional distances calculator,,0,"0.00,0.00,0.00,0.00,0.00,0.00,0.00,0.00,0.00,0.00,0.00,0.00",,0.00,0.00,,
maps with line point calculator,,0,"0.00,0.00,0.00,0.00,0.00,0.00,0.00,0.00,0.00,0.00,0.00,0.00",,0.00,0.00,,
maps with toll and fuel calculator,,0,"0.00,0.00,0.00,0.00,0.00,0.00,0.00,0.00,0.00,0.00,0.00,0.00",,0.00,0.00,,
maps with toll calculation,,0,"0.00,0.00,0.00,0.00,0.00,0.00,0.00,0.00,0.00,0.00,0.00,0.00",,0.00,0.00,,
maps.google.com calculate distance,,0,"0.00,0.00,0.00,0.00,0.00,0.00,0.00,0.00,0.00,0.00,0.00,0.00",,0.00,0.00,,
mapulator map calculator,,0,"0.00,0.00,0.00,0.00,0.00,0.00,0.00,0.00,0.00,0.00,0.00,0.00",,0.00,0.00,,
marea map area calculator,,0,"0.00,0.00,0.00,0.00,0.00,0.00,0.00,0.00,0.00,0.00,0.00,0.00",,0.00,0.29,,
math mapping calculator,,0,"0.00,0.00,0.00,0.00,0.00,0.00,0.00,0.00,0.00,0.00,0.00,0.00",,0.00,0.00,,
mathematical calculations related to plans maps and estimates,,0,"0.00,0.00,0.00,0.00,0.00,0.00,0.00,0.00,0.00,0.00,0.00,0.00",,0.00,0.00,,
matlab color map how to calculate percentage of each color,,0,"0.00,0.00,0.00,0.00,0.00,0.00,0.00,0.00,0.00,0.00,0.00,0.00",,0.00,0.00,,
mauritius map distance calculator,,0,"0.00,0.00,0.00,0.00,0.00,0.00,0.00,0.00,0.00,0.00,0.00,0.00",,0.00,0.00,,
maxterm k-map calculator,,0,"0.00,0.00,0.00,0.00,0.00,0.00,0.00,0.00,0.00,0.00,0.00,0.00",,0.00,0.00,,
mcoc aq map cost calculator,,0,"0.00,0.00,0.00,0.00,0.00,0.00,0.00,0.00,0.00,0.00,0.00,0.00",,0.00,0.00,,
mdcalc calculate map,,0,"0.00,0.00,0.00,0.00,0.00,0.00,0.00,0.00,0.00,0.00,0.00,0.00",,0.00,0.00,,
mean arterial pressure map is calculated using the formula,,0,"0.00,0.00,0.00,0.00,0.00,0.00,0.00,0.00,0.00,0.00,0.00,0.00",,0.00,0.00,,
mean distance map calculator,,0,"0.00,0.00,0.00,0.00,0.00,0.00,0.00,0.00,0.00,0.00,0.00,0.00",,0.00,0.00,,
mean map calculator,,0,"0.50,1.00,0.50,0.00,0.00,0.00,0.00,0.00,0.00,0.00",,0.00,0.00,,
mean map distance calculation,,0,"0.00,0.00,0.00,0.00,0.00,0.00,0.00,0.00,0.00,0.00,0.00,0.00",,0.00,0.00,,
mean map distance calculator,,0,"0.00,0.00,0.00,0.00,0.00,0.00,0.00,0.00,0.00,0.00,0.00,0.00",,0.00,0.00,,
megasquirt ignition map calculator,,0,"0.00,0.00,0.00,0.00,0.00,0.00,0.00,0.00,0.00,0.00,0.00,0.00",,0.00,0.00,,
melbourne map distance calculator,,0,"0.00,0.00,0.00,0.00,0.00,0.00,0.00,0.00,0.00,0.00,0.00,0.00",,0.00,0.00,,
memory address map calculator,,0,"0.00,1.00,0.00,0.00,0.00,0.00,0.00,0.00,0.00,0.00,0.00,0.00",,0.00,0.00,,
memory map calculator,,0,"0.00,0.00,0.00,0.00,0.00,0.00,0.00,0.00,0.00,0.00,0.00,0.00",,0.00,0.00,,
mercator map calculation,,0,"0.00,0.00,0.00,0.00,0.00,0.00,0.00,0.00,0.00,0.00,0.00,0.00",,0.00,0.00,,
meteorite impact calculator map,,0,"0.00,0.00,0.00,0.00,0.00,0.00,0.00,0.00,0.00,0.00,0.00,0.00",,0.00,0.00,,
meter calculator on map,,0,"0.00,0.00,0.00,0.00,0.00,0.00,0.00,0.00,0.00,0.00,0.00,0.00",,0.00,0.00,,
middle earth map distance calculator,,0,"0.00,0.00,0.00,0.00,0.00,0.00,0.00,0.00,0.00,0.00,0.00,0.00",,0.00,0.00,,
middle point calculator map,,0,"0.00,0.00,0.00,0.50,0.50,0.00,0.00,0.00,0.00,0.00,0.00,1.00",,0.00,0.00,,
middle point map calculate,,0,"0.00,0.00,0.00,0.00,0.00,0.00,0.00,0.00,0.00,0.00,0.00,0.00",,0.00,0.00,,
middle point map calculator,,0,"1.00,0.00,0.00",,0.00,0.00,,
midpoint calculator map uk,,0,"0.00,0.00,0.00,0.00,0.00,0.00,0.00,0.00,0.00,0.00,0.00,0.00",,0.00,0.00,,
midpoint calculator maps,,0,"0.00,0.00,0.00,0.00,0.00,0.00,0.00,0.00,0.00,0.00,0.00,0.00",,0.00,0.00,,
midpoint distance calculator map,,0,"0.00,0.00,0.00,0.00,0.00,0.00,0.00,0.00,0.00,0.00,0.00,0.00",,0.00,0.00,,
midway point on map calculator,,0,"0.00,0.00,0.00,0.00,0.00,0.00,0.00,0.00,0.00,0.00,0.00,0.00",,0.00,0.00,,
mikrotik calculator map,,0,"0.00,0.00,0.00,0.00,0.00,0.00,0.00,0.00,0.00,0.00,0.00,0.00",,0.00,0.00,,
milage calculator map,,0,"0.00,0.00,0.00,0.00,0.00,0.00,0.00,0.00,0.00,0.00,0.00,0.00",,0.00,0.00,,
milage calculator on equidistant map,,0,"0.00,0.00,0.00,0.00,0.00,0.00,0.00,0.00,0.00,0.00,0.00,0.00",,0.00,0.00,,
mile calculator for map,,0,"0.00,0.00,0.00,0.00,0.00,0.00,0.00,0.00,0.00,0.00,0.00,0.00",,0.00,0.00,,
mile calculator map flight,,0,"0.00,0.00,0.00,0.00,0.00,0.00,0.00,0.00,0.00,0.00,0.00,0.00",,0.00,0.00,,
mile calculator using map,,0,"0.00,0.00,0.00,0.00,0.00,0.00,0.00,0.00,0.00,0.00,0.00,0.00",,0.00,0.00,,
mile map radius calculator,,0,"0.00,0.00,0.00,0.00,0.00,0.00,0.00,0.00,0.00,0.00,0.00,0.00",,0.00,0.00,,
mile radius calculator google maps,,0,"0.00,0.00,0.00,0.00,0.00,1.00,0.00,0.00,0.00,0.00,0.00,0.00",,0.00,0.00,,
mile radius map calculator,,0,"0.00,0.00,0.00,0.00,0.00,0.00,0.00,0.00,0.00,0.00,0.00,0.00",,0.00,0.00,,
mileage calculate by spreadsheet google maps,,0,"0.00,0.00,0.00,0.00,0.00,0.00,0.00,0.00,0.00,0.00,0.00,1.00",,0.00,0.00,,
mileage calculation map,,0,"0.00,0.00,0.00,0.00,0.00,0.00,0.00,0.00,0.00,0.00,0.00,0.00",,0.00,0.00,,
mileage calculator draw map,,0,"0.00,0.00,0.00,0.00,0.00,0.00,0.00,0.00,0.00,0.00,0.00,0.00",,0.00,0.00,,
mileage calculator google map,,0,"0.00,0.00,0.00,0.00,0.00,0.00,0.00,0.00,0.00,0.00,0.00,0.00",,0.71,0.00,,
mileage calculator google maps malaysia,,0,"0.00,0.00,0.00,0.00,0.00,0.00,0.00,0.00,0.00,0.00,0.00,0.00",,0.00,0.00,,
mileage calculator map google maps,,0,"0.00,0.00,0.00,0.00,0.00,0.00,0.00,0.00,0.00,0.00,0.00,0.00",,0.00,0.00,,
mileage calculator map quest,,0,"0.00,0.00,0.00,0.00,0.00,0.00,0.00,0.00,0.00,0.00,0.00,0.00",,0.00,0.00,,
mileage calculator map running,,0,"0.00,0.00,0.00,0.00,0.00,0.00,0.00,0.00,0.00,0.00,0.00,0.00",,0.00,0.00,,
mileage calculator map uk,,0,"0.00,0.00,0.00,0.00,0.00,0.00,0.00,0.00,0.00,0.00,0.00,0.00",,0.00,0.00,,
mileage calculator map usa,,0,"0.00,0.00,0.00,0.00,0.00,0.00,0.00,0.00,0.00,0.00,0.00,0.00",,0.00,0.00,,
mileage calculator on equidistant map,,0,"0.00,0.00,0.00,0.00,0.00,0.00,0.00,0.00,0.00,0.00,0.00,0.00",,0.00,0.00,,
mileage calculator running map,,0,"0.00,0.00,0.00,0.00,0.00,0.00,0.00,0.00,0.00,0.00,0.00,0.00",,0.00,0.00,,
mileage map calculator round trip,,0,"0.00,0.00,0.00,0.00,0.00,0.00,0.00,0.00,0.00,0.00,0.00,0.00",,0.00,0.00,,
miles ratio calculator map,,0,"0.00,0.00,0.00,0.00,0.00,0.00,0.00,0.00,0.00,0.00,0.00,0.00",,0.00,0.00,,
mind map calculator,,0,"0.00,0.00,0.00,0.00,0.00,0.00,0.00,0.00,0.00,0.00,0.00,0.00",,0.00,0.00,,
minecraft map area calculator,,0,"0.00,0.00,0.00,0.00,0.00,0.00,0.00,0.00,0.00,0.00,0.00,0.00",,0.00,0.00,,
minecraft map calculator 1.13,,0,"0.00,0.00,0.00,0.00,0.00,0.00,0.00,0.00,0.00,0.00,0.00,0.00",,0.00,0.00,,
minecraft map item size calculator,,0,"0.00,0.00,0.00,0.00,0.00,0.00,0.00,0.00,0.00,0.00,0.00,0.00",,0.00,0.00,,
minecraft map nether portal calculator,,0,"0.00,0.00,0.00,0.00,0.00,0.00,0.00,0.00,0.00,0.00,0.00,0.00",,0.00,0.00,,
minecraft pe calculator map,,0,"0.00,0.00,0.00,0.00,0.00,0.00,0.00,0.00,0.00,0.00,0.00,0.00",,0.00,0.00,,
minecraft redstone calculator map,,0,"0.00,0.00,0.00,0.00,0.00,0.00,0.00,0.00,0.00,0.00,0.00,0.00",,0.00,0.00,,
minimize the function using k map calculator,,0,"0.00,0.00,0.00,0.00,0.00,0.00,0.00,0.00,0.00,0.00,0.00,0.00",,0.00,0.00,,
minimum mapping unit calculation,,0,"0.00,0.00,0.00,0.00,0.00,0.00,0.00,0.00,0.00,0.00,0.00,0.00",,0.00,0.00,,
minimum sum of products k map calculator,,0,"0.00,0.00,0.00,0.00,0.00,0.00,0.00,0.00,0.00,0.00,0.00,0.00",,0.00,0.00,,
miss rate directed mapped 2 way cache calculation,,0,"0.00,0.00,0.00,0.00,0.00,0.00,0.00,0.00,0.00,0.00,0.00,0.00",,0.00,0.00,,
missouri map 6th grade calculator,,0,"0.00,0.00,0.00,0.00,0.00,0.00,0.00,0.00,0.00,0.00,0.00,0.00",,0.00,0.00,,
mle map calculation,,0,"0.00,0.00,0.00,0.00,0.00,0.00,0.00,0.00,0.00,0.00,0.00,0.00",,0.00,0.00,,
mobile health map return on investment calculator,,0,"0.00,0.00,0.00,0.00,0.00,0.00,0.00,0.00,0.00,0.00,0.00,0.00",,0.00,0.00,,
mobius map calculator,,0,"0.00,0.00,0.00,0.00,0.00,0.00,0.00,0.00,0.00,0.00,0.00,0.00",,0.00,0.00,,
models n ug sg to calculate the map label,,0,"0.00,0.00,0.00,0.00,0.00,0.00,0.00,0.00,0.00,0.00,0.00,0.00",,0.00,0.00,,
models normal distribution to calculate the map label,,0,"0.00,0.00,0.00,0.00,0.00,0.00,0.00,0.00,0.00,0.00,0.00,0.00",,0.00,0.00,,
mole calculation road map,,0,"0.00,0.00,0.00,0.00,0.00,0.00,0.00,0.00,0.00,0.00,0.00,0.00",,0.00,0.00,,
mole calculations road map,,0,"0.00,0.00,0.00,0.00,0.00,0.00,0.00,0.00,0.00,0.00,0.00,0.00",,0.00,0.00,,
mole map calculator,,0,"0.00,0.00,0.00,0.00,0.00,0.00,0.00,0.00,0.00,0.00,0.00,0.00",,0.00,0.00,,
mole road map calculator,,0,"0.00,0.00,0.00,0.00,0.00,0.00,0.00,0.00,0.00,0.00,0.00,0.00",,0.00,0.00,,
moment map calculation,,0,"0.00,0.00,0.00,0.00,0.00,0.00,0.00,0.00,0.00,0.00,0.00,0.00",,0.00,0.00,,
monster legends how score is calculated in adventure map,,0,"0.00,0.00,0.00,0.00,0.00,0.00,0.00,0.00,0.00,0.00,0.00,0.00",,0.00,0.00,,
moon calculator map,,0,"0.00,0.00,0.00,0.00,0.00,0.00,0.00,0.00,0.00,0.00,0.00,0.00",,0.00,0.00,,
moon position calculator map,,0,"0.00,0.00,0.00,0.00,0.00,0.00,0.00,0.00,0.00,0.00,0.00,0.00",,0.00,0.00,,
mop map calculations,,0,"0.00,0.00,0.00,0.00,0.00,0.00,0.00,0.00,0.00,0.00,0.00,0.00",,0.00,0.00,,
most accurate map commute calculator,,0,"0.00,0.00,0.00,0.00,0.00,0.00,0.00,0.00,0.00,0.00,0.00,0.00",,0.00,0.00,,
mousehunt map calculator,,0,"0.00,0.00,0.00,0.00,0.00,0.00,0.00,0.00,0.00,0.00,0.00,0.00",,0.00,0.00,,
mpg map calculator,,0,"0.00,0.00,0.00,0.00,0.00,0.00,0.00,0.00,0.00,0.00,0.00,0.00",,0.00,0.00,,
mrt map time calculator,,0,"0.00,0.00,0.00,0.00,0.00,0.00,0.00,0.00,0.00,0.00,0.00,0.00",,0.00,0.00,,
msnbc electoral map calculator,,0,"0.00,0.00,0.00,0.00,0.00,0.00,0.00,0.00,0.00,0.00,0.00,0.00",,0.00,0.00,,
msnbc electoral map calculator 2012,,0,"0.00,0.00,0.00,0.00,0.00,0.00,0.00,0.00,0.00,0.00,0.00,0.00",,0.00,0.00,,
multiple midpoint calculator map,,0,"0.00,0.00,0.00,0.00,0.00,0.00,0.00,0.00,0.00,0.00,0.00,0.00",,0.00,0.00,,
mumbai road map distance calculator,,0,"0.00,0.00,0.00,0.00,0.00,0.00,0.00,0.00,0.00,0.00,0.00,0.00",,0.00,0.00,,
my apartment map calculator,,0,"0.00,0.00,0.00,0.00,0.00,0.00,0.00,0.00,0.00,0.00,0.00,0.00",,0.00,0.00,,
my computer can't calculate google maps directions,,0,"0.00,0.00,0.00,0.00,0.00,0.00,0.00,0.00,0.00,0.00,0.00,0.00",,0.00,0.00,,
nautical map distance calculator,,0,"1.00,0.00,0.00,0.00,0.00,0.00,1.00,0.00,1.00,0.00,0.00,0.00",,0.79,0.09,,
nautical mile mile calculator on a map,,0,"0.00,0.00,0.00,0.00,0.00,0.00,0.00,0.00,0.00,0.00,0.00,0.00",,0.00,0.00,,
navigation tools google maps distance calculator,,0,"0.00,0.00,0.00,0.00,0.00,0.00,0.00,0.00,0.00,0.00,0.00,0.00",,0.00,0.00,,
need an android map app that can calculate shortest route,,0,"0.00,0.00,0.00,0.00,0.00,0.00,0.00,0.00,0.00,0.00,0.00,0.00",,0.00,0.00,,
nether map calculator,,0,"0.00,0.00,0.00,0.00,0.00,0.00,0.00,0.00,0.00,0.00,0.00,0.00",,0.00,0.00,,
new delhi road map distance calculator,,0,"0.00,0.00,0.00,0.00,0.00,0.00,0.00,0.00,0.00,0.00,0.00,0.00",,0.00,0.00,,
new york toll highway map calculator,,0,"0.00,0.00,0.00,0.00,0.00,0.00,0.00,0.00,0.00,0.00,0.00,0.00",,0.00,0.00,,
ng map calculate distance,,0,"0.00,0.00,0.00,0.00,0.00,0.00,0.00,0.00,0.00,0.00,0.00,0.00",,0.00,0.00,,
nhibernate map calculated property,,0,"0.00,0.00,0.00,0.00,0.00,0.00,0.00,0.00,0.00,0.00,0.00,0.00",,0.00,0.00,,
nibp map calculation,,0,"0.00,0.00,0.00,0.00,0.00,0.00,0.00,0.00,0.00,0.00,0.00,0.00",,0.00,0.00,,
nihon kohden map calculation,,0,"0.00,0.00,0.00,0.00,0.00,0.00,0.00,0.00,0.00,0.00,0.00,0.00",,0.00,0.00,,
nnode map calculator,,0,"0.00,0.00,0.00,0.00,0.00,0.00,0.00,0.00,0.00,0.00,0.00,0.00",,0.00,0.00,,
no pp calculation after playing map on osu,,0,"0.00,0.00,0.00,0.00,0.00,0.00,0.00,0.00,0.00,0.00,0.00,0.00",,0.00,0.00,,
node map calculator,,0,"0.00,0.00,0.00,0.00,0.00,0.00,0.00,0.00,0.00,0.00,0.00,0.00",,0.00,0.00,,
normal calculation for height map,,0,"0.00,0.00,0.00,0.00,0.00,0.00,0.00,0.00,0.00,0.00,0.00,0.00",,0.00,0.00,,
normal distribution map calculation,,0,"0.00,0.00,0.00,0.00,0.00,0.00,0.00,0.00,0.00,0.00,0.00,0.00",,0.00,0.00,,
normal map range calculator,,0,"0.00,0.00,0.00,0.00,0.00,0.00,0.00,0.00,0.00,0.00,0.00,0.00",,0.00,0.00,,
normal mapping tangent calculation,,0,"0.00,0.00,0.00,0.00,0.00,0.00,0.00,0.00,0.00,0.00,0.00,0.00",,0.00,0.00,,
november 26 2017 calculate soil moisture map,,0,"0.00,0.00,0.00,0.00,0.00,0.00,0.00,0.00,0.00,0.00,0.00,0.00",,0.00,0.00,,
november 26 2017 calculated soil moisture map,,0,"0.00,0.00,0.00,0.00,0.00,0.00,0.00,0.00,0.00,0.00,0.00,0.00",,0.00,0.00,,
nuclear blast calculator google maps,,0,"0.00,0.00,0.00,0.00,0.00,0.00,0.00,0.00,0.00,0.00,0.00,0.00",,0.00,0.00,,
nuclear blast radius calculator google maps,,0,"0.00,0.00,0.00,0.00,0.00,0.00,0.00,0.00,0.00,0.00,0.00,0.00",,0.00,0.00,,
nuclear blast radius calculator map,,0,"0.00,0.00,0.00,0.00,0.00,0.00,0.00,0.00,0.00,0.00,0.00,1.00",,0.00,0.00,,
nuclear bomb calculator google maps,,0,"0.00,0.00,0.00,0.00,0.00,0.00,0.00,0.00,0.00,0.00,0.00,0.00",,0.00,0.00,,
nuclear bomb calculator map,,0,"0.00,0.00,0.00,0.00,0.00,0.00,0.00,0.00,0.00,0.00,0.00,0.00",,0.00,0.00,,
nuclear calculator google maps,,0,"0.00,0.00,0.00,0.00,0.00,0.00,0.00,0.00,0.00,0.00,0.00,0.00",,0.00,0.00,,
nuclear explosion map calculator,,0,"0.00,0.00,0.00,0.00,0.00,0.00,0.00,0.00,0.00,0.00,0.00,0.00",,0.00,0.00,,
nuclear fallout calculator map,,0,"0.00,0.00,0.00,0.00,0.00,0.00,0.00,0.00,0.00,0.00,0.00,0.00",,0.00,0.00,,
nuclear fallout map calculator,,0,"0.00,0.00,0.00,0.00,0.00,0.00,0.00,0.00,0.00,0.00,0.00,0.00",,0.00,0.00,,
nuclear radius calculator map,,0,"0.00,0.00,0.00,0.00,0.00,0.00,0.00,0.00,0.00,0.00,0.00,0.00",,0.00,0.00,,
nuke calculator google maps,,0,"0.00,0.00,0.00,0.00,0.00,0.00,0.00,0.00,0.00,0.00,0.00,0.00",,0.00,0.00,,
number range mapping calculator,,0,"0.00,0.00,0.00,0.00,0.00,0.00,0.00,0.00,0.00,0.00,0.00,0.00",,0.00,0.00,,
numerical calculation of poincare map,,0,"0.00,0.00,0.00,0.00,0.00,0.00,0.00,0.00,0.00,0.00,0.00,0.00",,0.00,0.00,,
numerical calculation of stability ofpoincare map,,0,"0.00,0.00,0.00,0.00,0.00,0.00,0.00,0.00,0.00,0.00,0.00,0.00",,0.00,0.00,,
numerology map calculator,,0,"0.00,0.00,0.00,0.00,0.00,0.00,0.00,0.00,0.00,0.00",,0.00,0.00,,
nvue calculation guidance under risk map,,0,"0.00,0.00,0.00,0.00,0.00,0.00,0.00,0.00,0.00,0.00,0.00,0.00",,0.00,0.00,,
nwea map calculator,,0,"0.00,0.00,0.00,0.00,0.00,0.00,0.00,0.00,0.00,0.00,0.00,0.00",,0.00,0.00,,
nwea map grade equivalency calculator,,0,"0.00,0.00,0.00,0.00,0.00,0.00,0.00,0.00,0.00,0.00,0.00,0.00",,0.00,0.00,,
nwea map percentile calculator,,0,"0.00,0.00,0.00,0.00,0.00,0.00,0.00,0.00,0.00,0.00,0.00,0.00",,0.00,0.00,,
nws calculated soil moisture anomaly may 14 2017 map,,0,"0.00,0.00,0.00,0.00,0.00,0.00,0.00,0.00,0.00,0.00,0.00,0.00",,0.00,0.00,,
nz map distance calculator,,0,"0.00,0.00,0.00,0.00,0.00,0.00,0.00,0.00,0.00,0.00,0.00,0.00",,0.00,0.00,,
oil on maps calculator,,0,"0.00,0.00,0.00,0.00,0.00,0.00,0.00,0.00,0.00,0.00,0.00,0.00",,0.00,0.00,,
oil on maps calculator path of eixle,,0,"0.00,0.00,0.00,0.00,0.00,0.00,0.00,0.00,0.00,0.00,0.00,0.00",,0.00,0.00,,
old google maps petrol calculator,,0,"0.00,0.00,0.00,0.00,0.00,0.00,0.00,0.00,0.00,0.00,0.00,0.00",,0.00,0.00,,
omni map calculator,,0,"0.00,0.00,0.00,0.00,0.00,0.00,0.00,0.00,0.00,0.00,0.00,0.00",,0.00,0.00,,
on a map the meridians shown calculate the,,0,"0.00,0.00,0.00,0.00,0.00,0.00,0.00,0.00,0.00,0.00,0.00,0.00",,0.00,0.00,,
on map distance calculator,,0,"0.00,0.00,0.00,0.00,0.00,0.00,0.00,0.00,0.00,0.00,1.00,0.00",,0.00,0.00,,
one rep map calculator,,0,"0.00,0.00,0.00,0.00,0.00,0.00,0.00,0.00,0.00,0.00,0.00,0.00",,0.00,0.00,,
one to one mapping calculator,,0,"0.00,0.00,0.00,0.00,0.00,0.00,0.00,0.00,0.00,0.00,0.00,0.00",,0.00,0.00,,
one to one mapping matrix calculator,,0,"0.00,0.00,0.00,0.00,0.00,0.00,0.00,0.00,0.00,0.00,0.00,0.00",,0.00,0.00,,
oni map seed calculator,,0,"0.00,0.00,0.00,0.00,0.00,0.00,0.00,0.00,0.00,0.00,0.00,0.00",,0.00,0.00,,
online area calculator from map,,0,"0.00,0.00,0.00,0.00,0.00,0.00,0.00,0.00,0.00,0.00,0.00,0.00",,0.00,0.00,,
online area calculator google maps,,0,"0.00,0.00,0.00,0.00,0.00,0.00,0.00,0.00,0.00,0.00,0.00,0.00",,0.00,0.00,,
online area map calculator area,,0,"0.00,0.00,0.00,0.00,0.00,0.00,0.00,0.00,0.00,0.00,0.00,0.00",,0.00,0.00,,
online land survey calculator with map,,0,"0.00,0.00,0.00,0.00,0.00,0.00,0.00,0.00,0.00,0.00,0.00,0.00",,0.00,0.00,,
online map acreage calculator,,0,"0.00,0.00,0.00,0.00,0.00,0.00,0.00,0.00,0.00,0.00,0.00,0.00",,0.00,0.00,,
online map distance calculator fantasy,,0,"0.00,0.00,0.00,0.00,0.00,0.00,0.00,0.00,0.00,0.00,0.00,0.00",,0.00,0.00,,
online map distance calculator image upload,,0,"0.00,0.00,0.00,0.00,0.00,0.00,0.00,0.00,0.00,0.00,0.00,0.00",,0.00,0.00,,
online map mileage calculator,,0,"0.00,0.00,0.00,0.00,0.00,0.00,0.00,0.00,0.00,0.00,0.00,0.00",,0.00,0.00,,
online map path calculator,,0,"0.00,0.00,0.00,0.00,0.00,0.00,0.00,0.00,0.00,0.00,0.00,0.00",,0.00,0.00,,
online map radius calculator,,0,"0.00,0.00,0.00,0.00,0.00,0.00,0.00,0.00,0.00,0.00,0.00,0.00",,0.00,0.00,,
online square footage calculator map,,0,"0.00,0.00,0.00,0.00,0.00",,0.00,0.00,,
online square footage map calculator,,0,"0.00,0.00,0.00,0.00,0.00,0.00,0.00,0.00,0.00,0.00,0.00,0.00",,0.00,0.00,,
online wifi heat map calculator,,0,"0.00,0.00,0.00,0.00,0.00,0.00,0.00,0.00,0.00,0.00,0.00,0.00",,0.00,0.00,,
optc treasure map calculator,,0,"0.00,0.00,0.00,0.00,0.00,0.00,0.00,0.00,0.00,0.00,0.00,0.00",,0.00,0.00,,
optimizer 3 element k map calculator,,0,"0.00,0.00,0.00,0.00,0.00,0.00,0.00,0.00,0.00,0.00,0.00,0.00",,0.00,0.00,,
optimizer 3 element key map calculator,,0,"0.00,0.00,0.00,0.00,0.00,0.00,0.00,0.00,0.00,0.00,0.00,0.00",,0.00,0.00,,
orbital path calculator map online,,0,"0.00,0.00,0.00,0.00,0.00,0.00,0.00,0.00,0.00,0.00,0.00,0.00",,0.00,0.00,,
ordnance survey map distance calculator,,0,"0.00,0.00,0.00,0.00,0.00,0.00,0.00,0.00,0.00,0.00,0.00,0.00",,0.00,0.00,,
os map distance calculator,,0,"0.00,0.00,0.00,0.00,0.00,0.00,0.00,0.00,0.00,0.00,0.00,0.00",,0.00,0.00,,
os map route distance calculator,,0,"0.00,0.00,0.00,0.00,0.00,0.00,0.00,0.00,0.00,0.00,0.00,0.00",,0.00,0.00,,
os map walking distance calculator,,0,"0.00,0.00,0.00,0.00,0.00,0.00,0.00,0.00,0.00,0.00,0.00,0.00",,0.00,0.00,,
oscillometric vs calculated map,,0,"0.00,0.00,0.00,0.00,0.00,0.00,0.00,0.00,0.00,0.00,0.00,0.00",,0.00,0.00,,
osu how is a map's pp calculated,,0,"0.00,0.00,0.00,0.00,0.00,0.00,0.00,0.00,0.00,0.00,0.00,0.00",,0.00,0.00,,
osu map calculator,,0,"0.00,0.00,0.00,0.00,0.00,0.00,0.00,0.00,0.00,0.00,0.00,0.00",,0.00,0.00,,
osu map difficulty calculator,,0,"0.00,0.00,0.00,0.00,0.00,0.00,0.00,0.00,0.00,0.00,0.00,0.00",,0.00,0.00,,
osu maps not sorting by difficulty not yet calculated,,0,"0.00,0.00,0.00,0.00,0.00,0.00,0.00,0.00,0.00,0.00,0.00,0.00",,0.00,0.00,,
overwatch how is map differential calculated,,0,"0.00,0.00,0.00,0.00,0.00,0.00,0.00,0.00,0.00,0.00,0.00,0.00",,0.00,0.00,,
overwatch league how is map differential calculated,,0,"0.00,0.00,0.00,0.00,0.00,0.00,0.00,0.00,0.00,0.00,0.00,0.00",,0.00,0.00,,
overwatch league map differential calculated,,0,"0.00,0.00,0.00,0.00,0.00,0.00,0.00,0.00,0.00,0.00,0.00,0.00",,0.00,0.00,,
ow can we calculate mean arterial pressure map,,0,"0.00,0.00,0.00,0.00,0.00,0.00,0.00,0.00,0.00,0.00,0.00,0.00",,0.00,0.00,,
pa turnpike toll calculator 2024 map,,0,"1.00,1.00,1.00,0.00,0.00,0.00,0.00,0.00,0.00,0.00,0.00,0.00",,0.00,0.00,,
parallax occlusion map calculate parallax limit,,0,"0.00,0.00,0.00,0.00,0.00,0.00,0.00,0.00,0.00,0.00,0.00,0.00",,0.00,0.00,,
pardus map calculator,,0,"0.00,0.00,0.00,0.00,0.00,0.00,0.00,0.00,0.00,0.00,0.00,0.00",,0.00,0.00,,
partial pressure and map calculator,,0,"0.00,0.00,0.00,0.00,0.00,0.00,0.00,0.00,0.00,0.00,0.00,0.00",,0.00,0.00,,
pascal voc map calculation,,0,"0.00,0.00,0.00,0.00,0.00,0.00,0.00,0.00,0.00,0.00,0.00,0.00",,0.00,0.00,,
path calculator google maps,,0,"0.00,0.00,0.00,0.00,0.00,0.00,0.00,0.00,0.00,0.00,0.00,0.00",,0.00,0.00,,
path distance calculator map,,0,"0.00,0.00,0.00,0.00,0.00,0.00,0.00,0.00,0.00,0.00,0.00,0.00",,0.00,0.00,,
path length calculator google maps,,0,"0.00,0.00,0.00,0.00,0.00,0.00,0.00,0.00,0.00,0.00,0.00,0.00",,0.00,0.00,,
path loss link calculator google maps,,0,"0.00,0.00,0.00,0.00,0.00,0.00,0.00,0.00,0.00,0.00,0.00,0.00",,0.00,0.00,,
pathfinder distance calculator map,,0,"0.00,0.00,0.00,0.00,0.00,0.00,0.00,0.00,0.00,0.00,0.00,0.00",,0.00,0.00,,
pathfinder map distance calculator,,0,"0.00,0.00,0.00,0.00,0.00,0.00,0.00,0.00,0.00,0.00,0.00,0.00",,0.00,0.00,,
patterson map calculation,,0,"0.00,0.00,0.00,0.00,0.00,0.00,0.00,0.00,0.00,0.00,0.00,0.00",,0.00,0.00,,
pbs electoral map calculator,,0,"0.00,0.00,0.00,0.00,0.00,0.00,0.00,0.00,0.00,0.00,0.00,0.00",,0.00,0.00,,
peak runoff rate calculator from usgs map,,0,"0.00,0.00,0.00,0.00,0.00,0.00,0.00,0.00,0.00,0.00,0.00,0.00",,0.00,0.00,,
pedometer calculator map,,0,"0.00,0.00,0.00,0.00,0.00,0.00,0.00,0.00,0.00,0.00,0.00,0.00",,0.00,0.00,,
pedometer distance calculator map,,0,"0.00,0.00,0.00,0.00,0.00,0.00,0.00,0.00,0.00,0.00,0.00,0.00",,0.00,0.00,,
pedometer map calculator,,0,"0.00,0.00,0.00,0.00,0.00,0.00,0.00,0.00,0.00,0.00,0.00,0.00",,0.00,0.00,,
peptide map calculator,,0,"0.00,0.00,0.00,0.00,0.00,0.00,0.00,0.00,0.00,0.00,0.00,0.00",,0.00,0.00,,
peptide mapping calculator,,0,"0.00,0.00,0.00,0.00,0.00,0.00,0.00,0.00,0.00,0.00,0.00,0.00",,0.00,0.00,,
perceptual map calculator,,0,"0.00,0.00,0.00,0.00,0.00,0.00,0.00,0.00,0.00,0.00,0.00,0.00",,0.00,0.00,,
perimeter distance calculator for google maps,,0,"0.00,0.00,0.00,0.00,0.00,0.00,0.00,0.00,0.00,0.00,0.00,0.00",,0.00,0.00,,
petrol cost calculator google maps,,0,"0.00,0.00,0.00,0.00,0.00,0.00,0.00,0.00,0.00,0.00,0.00,0.00",,0.00,0.00,,
petrol map calculator,,0,"0.00,0.00,0.00,0.00,0.00,0.00,0.00,0.00,0.00,0.00,0.00,0.00",,0.00,0.00,,
phenotype frequency from gene map calculator,,0,"0.00,0.00,0.00,0.00,0.00,0.00,0.00,0.00,0.00,0.00,0.00,0.00",,0.00,0.00,,
philips monitor map calculation,,0,"0.00,0.00,0.00,0.00,0.00,0.00,0.00,0.00,0.00,0.00,0.00,0.00",,0.00,0.00,,
photo map camera calculator app,,0,"0.00,0.00,0.00,0.00,0.00,0.00,0.00,0.00,0.00,0.00,0.00,0.00",,0.00,0.00,,
php calculate distance with google maps,,0,"0.00,0.00,0.00,0.00,0.00,0.00,0.00,0.00,0.00,0.00,0.00,0.00",,0.00,0.00,,
php calculate driving distance google maps api,,0,"0.00,0.00,0.00,0.00,0.00,0.00,0.00,0.00,0.00,0.00,0.00,0.00",,0.00,0.00,,
php google map distance calculator,,0,"0.00,0.00,0.00,0.00,0.00,0.00,0.00,0.00,0.00,0.00,0.00,0.00",,0.00,0.00,,
php google map distance calculator zip codes,,0,"0.00,0.00,0.00,0.00,0.00,0.00,0.00,0.00,0.00,1.00,0.00,0.00",,0.00,0.00,,
php google maps api calculate distance,,0,"0.00,0.00,0.00,0.00,0.00,0.00,0.00,0.00,0.00,0.00,0.00,0.00",,0.00,0.00,,
php google maps driving distance calculator,,0,"0.00,0.00,0.00,0.00,0.00,0.00,0.00,0.00,0.00,0.00,0.00,0.00",,0.00,0.00,,
planet hex map calculator,,0,"0.00,0.00,0.00,0.00,0.00,0.00,0.00,0.00,0.00,0.00,0.00,0.00",,0.00,0.00,,
plasmid map calculator,,0,"0.00,0.00,0.00,0.00,0.00,0.00,0.00,0.00,0.00,0.00,0.00,0.00",,0.00,0.00,,
plasmid restriction map calculator,,0,"0.00,0.00,0.00,0.00,0.00,0.00,0.00,0.00,0.00,0.00,0.00,0.00",,0.00,0.00,,
plat map calculator,,0,"0.00,0.00,0.00,0.00,0.00,0.00,0.00,0.00,0.00,0.00,0.00,0.00",,0.00,0.00,,
plot calculator google map,,0,"0.00,0.00,0.00,0.00,0.00,0.00,0.00,0.00,0.00,0.00,0.00,0.00",,0.00,0.00,,
poe map experience calculator,,0,"0.00,0.00,0.00,0.00,0.00,0.00,0.00,0.00,0.00,0.00,0.00,0.00",,0.00,0.00,,
poe map level calculator,,0,"0.00,0.00,0.00,0.00,0.00,0.00,0.00,0.00,0.00,0.00,0.00,0.00",,0.00,0.00,,
poe map level percent calculator,,0,"0.00,0.00,0.00,0.00,0.00,0.00,0.00,0.00,0.00,0.00,0.00,0.00",,0.00,0.00,,
poe map quantity calculator,,0,"0.00,0.00,0.00,0.00,0.00,0.00,0.00,0.00,0.00,0.00,0.00,0.00",,0.00,0.00,,
poe map xp calculator,,0,"0.00,0.00,0.00,0.00,0.00,0.00,0.00,0.00,0.00,1.00,1.00,0.00",,0.00,0.00,,
poe unidentified map calculator,,0,"0.00,0.00,0.00,0.00,0.00,0.00,0.00,0.00,0.00,0.00,0.00,0.00",,0.00,0.00,,
poincare map calculator,,0,"0.00,0.00,0.00,0.00,0.00,0.00,0.00,0.00,0.00,0.00,0.00,0.00",,0.00,0.00,,
point a to point b calculator map,,0,"0.00,0.00,0.00,0.00,0.00,0.00,0.00,0.00,0.00,0.00,0.00,0.00",,0.00,0.00,,
point and click map that calculates distance,,0,"0.00,0.00,0.00,0.00,0.00,0.00,0.00,0.00,0.00,0.00,0.00,0.00",,0.00,0.00,,
pokemon go map step calculator,,0,"0.00,0.00,0.00,0.00,0.00,0.00,0.00,0.00,0.00,0.00,0.00,0.00",,0.00,0.00,,
pole zero map calculator,,0,"0.00,0.00,0.00,0.00,0.00,0.00,0.00,0.00,0.00,0.00,0.00,0.00",,0.00,0.00,,
police enclosed map calculator,,0,"0.00,0.00,0.00,0.00,0.00,0.00,0.00,0.00,0.00,0.00,0.00,0.00",,0.00,0.00,,
political map calculator,,0,"0.00,0.00,0.00,0.00,0.00,0.00,0.00,0.00,0.00,0.00,0.00,0.00",,0.00,0.00,,
poll map calculator,,0,"0.00,0.00,0.00,0.00,0.00,0.00,0.00,0.00,0.00,0.00,0.00,0.00",,0.00,0.00,,
polygon area calculator google maps,,0,"0.00,0.00,0.00,0.00,0.00,0.00,0.00,0.00,0.00,0.00,0.00,0.00",,0.00,0.00,,
population calculation map,,0,"0.00,0.00,0.00,0.00,0.00,0.00,0.00,0.00,0.00,0.00,0.00,0.00",,0.00,0.00,,
population calculator by radius google maps,,0,"0.00,0.00,0.00,0.00,0.00,0.00,0.00,0.00,0.00,0.00,0.00,0.00",,0.00,0.00,,
population density calculations zip code map,,0,"0.00,0.00,0.00,0.00,0.00,0.00,0.00,0.00,0.00,0.00,0.00,0.00",,0.00,0.00,,
population map calculator shape,,0,"0.00,0.00,0.00,0.00,0.00,0.00,0.00,0.00,0.00,0.00,0.00,0.00",,0.00,0.00,,
pos k-map calculator,,0,"0.00,0.00,0.00,0.00,0.00,0.00,0.00,0.00,0.00,0.00,0.00,0.00",,0.00,0.00,,
post scriptum mortar calculator new maps,,0,"0.00,0.00,0.00,0.00,0.00,0.00,0.00,0.00,0.00,0.00,0.00,0.00",,0.00,0.00,,
power bi calculate percentage for each item in tree map,,0,"0.00,0.00,0.00,0.00,0.00,0.00,0.00,0.00,0.00,0.00,0.00,0.00",,0.00,0.00,,
pp calculator map,,0,"0.00,0.00,0.00,0.00,0.00,0.00,0.00,0.00,0.00,0.00,0.00,0.00",,0.00,0.00,,
practice icp and map calculations,,0,"0.00,0.00,0.00,0.00,0.00,0.00,0.00,0.00,0.00,0.00,0.00,0.00",,0.00,0.00,,
practice map calculations,,0,"0.00,0.00,0.00,0.00,0.00,0.00,0.00,0.00,0.00,0.00,0.00,0.00",,0.00,0.00,,
presidential election map calculator,,0,"0.00,0.00,0.00,0.00,0.00,0.00,0.00,0.00,0.00,0.00,0.00,0.00",,0.00,0.00,,
presidential electoral map calculator,,0,"0.00,0.00,0.00,0.00,0.00,0.00,0.00,0.00,0.00,0.00,0.00,0.00",,0.00,0.00,,
presidential map calculation,,0,"0.00,0.00,0.00,0.00,0.00,0.00,0.00,0.00,0.00,0.00,0.00,0.00",,0.00,0.00,,
primary map calculator,,0,"0.00,0.00,0.00,0.00,0.00,0.00,0.00,0.00,0.00,0.00,0.00,0.00",,0.00,0.00,,
prime implicants k-map calculator,,0,"0.00,0.00,0.00,0.00,0.00,0.00,0.00,0.00,0.00,0.00,0.00,1.00",,0.00,0.00,,
probability distribution map calculator,,0,"0.00,0.00,0.00,0.00,0.00,0.00,0.00,0.00,0.00,0.00,0.00,0.00",,0.00,0.00,,
program that can calculate distance with a map,,0,"0.00,0.00,0.00,0.00,0.00,0.00,0.00,0.00,0.00,0.00,0.00,0.00",,0.00,0.00,,
program that lets you draw map and calculates area,,0,"0.00,0.00,0.00,0.00,0.00,0.00,0.00,0.00,0.00,0.00,0.00,0.00",,0.00,0.00,,
project mapping calculation,,0,"0.00,0.00,0.00,0.00,0.00,0.00,0.00,0.00,0.00,0.00,0.00,0.00",,0.00,0.00,,
projection mapping calculation,,0,"0.00,0.00,0.00,0.00,0.00,0.00,0.00,0.00,0.00,0.00,0.00,0.00",,0.00,0.00,,
projection mapping lumen calculations based on lux readings,,0,"0.00,0.00,0.00,0.00,0.00,0.00,0.00,0.00,0.00,0.00,0.00,0.00",,0.00,0.00,,
projects-google-maps-area-calculator-tool,,0,"0.00,0.00,0.00,0.00,0.00,0.00,0.00,0.00,0.00,0.00,0.00,0.00",,0.00,0.00,,
providing calculators map testing,,0,"0.00,0.00,0.00,0.00,0.00,0.00,0.00,0.00,0.00,0.00,0.00,0.00",,0.00,0.00,,
pseudo code for calculating unique words map reduce,,0,"0.00,0.00,0.00,0.00,0.00,0.00,0.00,0.00,0.00,0.00,0.00,0.00",,0.00,0.00,,
public class calculator private map character operation operationmap new hashmap,,0,"0.00,0.00,0.00,0.00,0.00,0.00,0.00,0.00,0.00,0.00,0.00,0.00",,0.00,0.00,,
punjab road map distance calculator,,0,"0.00,0.00,0.00,0.00,0.00,0.00,0.00,0.00,0.00,0.00,0.00,0.00",,0.00,0.00,,
punjab road map with distance calculator,,0,"0.00,0.00,0.00,0.00,0.00,0.00,0.00,0.00,0.00,0.00,0.00,0.00",,0.00,0.00,,
pv calculator map,,0,"0.00,0.00,0.00,0.00,0.00,0.00,0.00,0.00,0.00,0.00,0.00,0.00",,0.00,0.00,,
python calculate average distance betwwen multipel poitns on map,,0,"0.00,0.00,0.00,0.00,0.00,0.00,0.00,0.00,0.00,0.00,0.00,0.00",,0.00,0.00,,
python calculate disparity map,,0,"0.00,0.00,0.00,0.00,0.00,0.00,0.00,0.00,0.00,0.00,0.00,0.00",,0.00,0.00,,
python calculate map coefficients,,0,"0.00,0.00,0.00,0.00,0.00,0.00,0.00,0.00,0.00,0.00,0.00,0.00",,0.00,0.00,,
python calculate map weights,,0,"0.00,0.00,0.00,0.00,0.00,0.00,0.00,0.00,0.00,0.00,0.00,0.00",,0.00,0.00,,
python code calculate map object detection,,0,"0.00,0.00,0.00,0.00,0.00,0.00,0.00,0.00,0.00,0.00,0.00,0.00",,0.00,0.00,,
python code calculate map per class bounding box,,0,"0.00,0.00,0.00,0.00,0.00,0.00,0.00,0.00,0.00,0.00,0.00,0.00",,0.00,0.00,,
python drive time calculation based on google maps,,0,"0.00,0.00,0.00,0.00,0.00,0.00,0.00,0.00,0.00,0.00,0.00,0.00",,0.00,0.00,,
python spark calculate term frequency with map,,0,"0.00,0.00,0.00,0.00,0.00,0.00,0.00,0.00,0.00,0.00,0.00,0.00",,0.00,0.00,,
qgis calculate change in isochrone color between maps,,0,"0.00,0.00,0.00,0.00,0.00,0.00,0.00,0.00,0.00,0.00,0.00,0.00",,0.00,0.00,,
qgis calculate percentage map making,,0,"0.00,0.00,0.00,0.00,0.00,0.00,0.00,0.00,0.00,0.00,0.00,0.00",,0.00,0.00,,
qlik sense map calculation condition,,0,"0.00,0.00,0.00,0.00,0.00,0.00,0.00,0.00,0.00,0.00,0.00,0.00",,0.00,0.00,,
qtl mapping power calculation,,0,"0.00,0.00,0.00,0.00,0.00,0.00,0.00,0.00,0.00,0.00,0.00,0.00",,0.00,0.00,,
r calculate map coordinate from other coordinate,,0,"0.00,0.00,0.00,0.00,0.00,0.00,0.00,0.00,0.00,0.00,0.00,0.00",,0.00,0.00,,
r calculate map coordinates based on distance,,0,"0.00,0.00,0.00,0.00,0.00,0.00,0.00,0.00,0.00,0.00,0.00,0.00",,0.00,0.00,,
r function for calculating travel times on google map,,0,"0.00,0.00,0.00,0.00,0.00,0.00,0.00,0.00,0.00,0.00,0.00,0.00",,0.00,0.00,,
radio coverage map calculator,,0,"0.00,0.00,0.00,0.00,0.00,0.00,0.00,0.00,0.00,0.00,0.00,0.00",,0.00,0.00,,
radio line of sight calculator map,,0,"0.00,0.00,0.00,0.00,0.00,0.00,0.00,0.00,0.00,0.00,0.00,0.00",,0.00,0.00,,
radios circle map calculator,,0,"0.00,0.00,0.00,0.00,0.00,0.00,0.00,0.00,0.00,0.00,0.00,0.00",,0.00,0.00,,
radius calculation google maps,,0,"0.00,0.00,0.00,0.00,0.00,0.00,0.00,0.00,0.00,0.00,0.00,0.00",,0.00,0.00,,
radius calculation with apple maps,,0,"0.00,0.00,0.00,0.00,0.00,0.00,0.00,0.00,0.00,0.00,0.00,0.00",,0.00,0.00,,
radius calculator business map centre,,0,"0.00,0.00,0.00,0.00,0.00,0.00,0.00,0.00,0.00,0.00,0.00,0.00",,0.00,0.00,,
radius calculator map australia,,0,"0.00,0.00,0.00,0.00,0.00,0.00,0.00,0.00,0.00,0.00,0.00,0.00",,0.00,0.00,,
radius calculator map distance,,0,"0.00,0.00,0.00,0.00,0.00,0.00,0.00,0.00,0.00,0.00,0.00,0.00",,0.00,0.00,,
radius calculator map uk,,0,"0.00,0.00,1.00,0.00,0.00,0.00,0.00,0.00,0.00,1.00,0.00,0.00",,0.00,0.00,,
radius calculator maps,,0,"0.00,0.00,0.00,0.00,0.00,0.00,0.00,0.00,0.00,0.00,0.00,0.00",,0.00,0.00,,
radius distance calculator map,,0,"0.00,0.00,0.00,0.00,0.00,0.00,0.00,0.00,0.00,0.00,0.00,0.00",,0.00,0.00,,
radius from map calculator,,0,"0.00,0.00,0.00,0.00,0.00,0.00,0.00,0.00,0.00,0.00,0.00,0.00",,0.00,0.00,,
radius map distance calculator,,0,"0.00,0.00,0.00,0.00,0.00,0.00,0.00,0.00,0.00,0.00,0.00,0.00",,0.00,0.00,,
radius mileage map calculator,,0,"0.00,0.00,0.00,0.00,0.00,0.00,0.00,0.00,0.00,0.00,0.00,0.00",,0.00,0.00,,
rajasthan map with distance calculator,,0,"0.00,0.00,0.00,0.00,0.00,0.00,0.00,0.00,0.00,0.00,0.00,0.00",,0.00,0.00,,
rajasthan road map with distance calculator,,0,"0.00,0.00,0.00,0.00,0.00,0.00,0.00,0.00,0.00,0.00,0.00,0.00",,0.00,0.00,,
rand mcnally mileage calculator with map,,0,"0.00,0.00,0.00,0.00,0.00,0.00,0.00,0.00,0.00,0.00,0.00,0.00",,0.00,0.00,,
raster calculator map algebra,,0,"0.00,0.00,0.00,0.00,0.00,0.00,0.00,0.00,0.00,0.00,0.00,0.00",,0.00,0.00,,
raster calculator sticking on raster and not the whole map,,0,"0.00,0.00,0.00,0.00,0.00,0.00,0.00,0.00,0.00,0.00,0.00,0.00",,0.00,0.00,,
ratio calculator for maps,,0,"0.00,0.00,0.00,0.00,0.00,0.00,0.00,0.00,0.00,0.00,0.00,0.00",,0.00,0.00,,
reading topographic maps and making calculations,,0,"0.00,0.00,0.00,0.00,0.00,0.00,0.00,0.00,0.00,0.00,0.00,0.00",,0.00,0.00,,
recombinant map calculations,,0,"0.00,0.00,0.00,0.00,0.00,0.00,0.00,0.00,0.00,0.00,0.00,0.00",,0.00,0.00,,
recombination map unit calculation,,0,"0.00,0.00,0.00,0.00,0.00,0.00,0.00,0.00,0.00,0.00,0.00,0.00",,0.00,0.00,,
reddit acres calculator map,,0,"0.00,0.00,0.00,0.00,0.00,0.00,0.00,0.00,0.00,0.00,0.00,0.00",,0.00,0.00,,
reflectance map calculation,,0,"0.00,0.00,0.00,0.00,0.00,0.00,0.00,0.00,0.00,0.00,0.00,0.00",,0.00,0.00,,
relacionar google hoja de calculo y google maps,,0,"0.00,0.00,0.00,0.00,0.00,0.00,0.00,0.00,0.00,0.00,0.00,0.00",,0.00,0.00,,
relation function mapping diagram calculator,,0,"0.00,0.00,0.00,0.00,0.00,0.00,0.00,0.00,0.00,0.00,0.00,0.00",,0.00,0.00,,
repeater coverage map calculator,,0,"0.00,0.00,0.00,0.00,0.00,0.00,0.00,0.00,0.00,0.00,0.00,0.00",,0.00,0.00,,
residue curve map calculation of a ternary mixture,,0,"0.00,0.00,0.00,0.00,0.00,0.00,0.00,0.00,0.00,0.00,0.00,0.00",,0.00,0.00,,
residue curve map calculator,,0,"0.00,0.00,0.00,0.00,0.00,0.00,0.00,0.00,0.00,0.00,0.00,0.00",,0.00,0.00,,
response area map calculator,,0,"0.00,0.00,0.00,0.00,0.00,0.00,0.00,0.00,0.00,0.00,0.00,0.00",,0.00,0.00,,
road calculator map,,0,"0.00,0.00,0.00,0.00,0.00,0.00,0.00,0.00,0.00,0.00,0.00,0.00",,0.00,0.00,,
road distance calculator map malaysia,,0,"0.00,0.00,0.00,0.00,0.00,0.00,0.00,0.00,0.00,0.00,0.00,0.00",,0.00,0.00,,
road distance calculator on map,,0,"0.00,0.00,0.00,0.00,0.00,0.00,0.00,0.00,0.00,0.00,0.00,0.00",,0.00,0.00,,
road map distance calculator europe,,0,"0.00,0.00,1.00,0.00,0.00,0.00,0.00,0.00,0.00,0.00,0.00,0.00",,0.00,0.00,,
road map distance calculator in india,,0,"0.00,0.00,0.00,0.00,0.00,0.00,0.00,0.00,0.00,0.00,0.00,0.00",,0.00,0.00,,
road map of india distance calculator,,0,"0.00,0.00,0.00,0.00,0.00,0.00,0.00,0.00,0.00,0.00,0.00,0.00",,0.00,0.00,,
road map of karnataka with distance calculator,,0,"0.00,0.00,0.00,0.00,0.00,0.00,0.00,0.00,0.00,0.00,0.00,0.00",,0.00,0.00,,
road map of rajasthan with distance calculator,,0,"0.00,0.00,0.00,0.00,0.00,0.00,0.00,0.00,0.00,0.00,0.00,0.00",,0.00,0.00,,
road map of west bengal with distance calculator,,0,"0.00,0.00,0.00,0.00,0.00,0.00,0.00,0.00,0.00,0.00,0.00,0.00",,0.00,0.00,,
road map tamil nadu distance calculator,,0,"0.00,0.00,0.00,0.00,0.00,0.00,0.00,0.00,0.00,0.00,0.00,0.00",,0.00,0.00,,
road maps distance calculator,,0,"0.00,1.00,0.00,0.00,0.00,0.00,0.00,0.00,0.00,1.00,0.00,0.00",,0.00,0.01,,
road maps with toll calculator,,0,"0.00,0.00,0.00,0.00,0.00,0.00,0.00,0.00,0.00,0.00,0.00,0.00",,0.00,0.00,,
road trip calculator map,,0,"0.00,0.00,0.00,0.00,0.00,0.00,0.00,0.00,0.00,0.00,0.00,0.00",,0.00,0.00,,
roda da fortuna mapa astral calcular,,0,"0.00,0.00,1.00,0.00,0.00,0.00,0.00,0.00,0.00,0.00,0.00,0.00",,0.00,0.00,,
roll20 calculate distance on map,,0,"0.00,0.00,0.00,0.00,0.00,0.00,0.00,0.00,0.00,0.00,0.00,0.00",,0.00,0.00,,
roof area calculator from google maps,,0,"0.00,0.00,0.00,0.00,0.00,0.00,0.00,0.00,0.00,0.00,0.00,0.00",,0.00,0.00,,
roof calculator map,,0,"0.00,0.00,0.00,0.00,0.00,0.00,0.00,0.00,0.00,0.00,0.00,0.00",,0.00,0.00,,
roof cost calculator google maps,,0,"0.00,0.00,0.00,0.00,0.00,0.00,0.00,0.00,0.00,0.00,0.00,0.00",,0.00,0.00,,
roof pitch calculator using google maps,,0,"0.00,0.00,0.00,0.00,0.00,0.00,0.00,0.00,0.00,0.00,0.00,0.00",,0.00,0.00,,
roofray google maps calculator,,0,"0.00,0.00,0.00,0.00,0.00,0.00,0.00,0.00,0.00,0.00,0.00,0.00",,0.00,0.00,,
route calculating google maps,,0,"0.00,0.00,0.00,0.00,0.00,0.00,0.00,0.00,0.00,0.00,0.00,0.00",,0.00,0.00,,
route calculation error maps do not have routable,,0,"0.00,0.00,0.00,0.00,0.00,0.00,0.00,0.00,0.00,0.00,0.00,0.00",,0.00,0.00,,
route map distance calculator,,0,"0.00,0.00,0.00,0.00,0.00,0.00,0.00,0.00,0.00,0.00,0.00,0.00",,0.00,0.02,,
route tour distance map calculate scooter moped,,0,"0.00,0.00,0.00,0.00,0.00,0.00,0.00,0.00,0.00,0.00,0.00,0.00",,0.00,0.00,,
route trip map with gas calculation option,,0,"0.00,0.00,0.00,0.00,0.00,0.00,0.00,0.00,0.00,0.00,0.00,0.00",,0.00,0.00,,
rpg grid map calculator,,0,"0.00,0.00,0.00,0.00,0.00,0.00,0.00,0.00,0.00,0.00,0.00,0.00",,0.00,0.00,,
rpg map sq ft calculator,,0,"0.00,0.00,0.00,0.00,0.00,0.00,0.00,0.00,0.00,0.00,0.00,0.00",,0.00,0.00,,
run calculator map uk,,0,"0.00,0.00,0.00,0.00,0.00,0.00,0.00,0.00,0.00,0.00,0.00,0.00",,0.00,0.00,,
run length calculator map,,0,"0.00,0.00,0.00,0.00,0.00,0.00,0.00,0.00,0.00,0.00,0.00,0.00",,0.00,0.00,,
run map calculators,,0,"0.00,0.00,0.00,0.00,0.00,0.00,0.00,0.00,0.00,0.00,0.00,0.00",,0.00,0.00,,
run route calculator map,,0,"0.00,0.00,1.00,1.00,0.00,0.00,0.00,0.00,0.00,0.00,0.00,0.00",,0.00,0.00,,
run satalleite map distance calculator,,0,"0.00,0.00,0.00,0.00,0.00,0.00,0.00,0.00,0.00,0.00,0.00,0.00",,0.00,0.00,,
runners distance map calculator,,0,"0.00,0.00,0.00,0.00,0.00,0.00,0.00,0.00,0.00,0.00,0.00,0.00",,0.00,0.00,,
running calculator map my run,,0,"0.00,0.00,0.00,0.00,0.00,0.00,0.00,0.00,0.00,0.00,0.00,0.00",,0.00,0.00,,
running distance calculator map uk,,0,"0.00,0.00,0.00,0.00,0.00,0.00,0.00,0.00,0.00,0.00,0.00,0.00",,0.00,0.00,,
running distance map calculation,,0,"0.00,0.00,0.00,0.00,0.00,0.00,0.00,0.00,0.00,0.00,0.00,0.00",,0.00,0.00,,
running km calculator map,,0,"0.00,0.00,0.00,0.00,0.00,0.00,0.00,0.00,0.00,0.00,0.00,0.00",,0.00,0.00,,
running map calculator uk,,0,"0.00,0.00,0.00,0.00,0.00,0.00,0.00,0.00,0.00,0.00,0.00,0.00",,0.00,0.00,,
running map distance calculator canada,,0,"0.00,0.00,0.00,0.00,0.00,0.00,0.00,0.00,0.00,0.00,0.00,0.00",,0.00,0.00,,
running map distance calculator nz,,0,"0.00,0.00,0.00,0.00,0.00,0.00,0.00,0.00,0.00,0.00,0.00,0.00",,0.00,0.00,,
running map distance calculator uk,,0,"0.00,1.00,0.00,0.00,0.00,1.00,0.00,0.00,0.00,0.00,0.00,0.00",,0.00,0.00,,
running map distance calculator us,,0,"0.00,0.00,0.00,0.00,0.00,0.00,0.00,0.00,0.00,0.00,0.00,0.00",,0.00,0.00,,
running map mile calculator,,0,"0.00,0.00,0.00,0.00,0.00,0.00,0.00,0.00,0.00,0.00,0.00,0.00",,0.00,0.00,,
running map route calculator,,0,"0.00,0.00,0.00,0.00,0.00,0.00,0.00,0.00,0.00,0.00,0.00,0.00",,0.00,0.00,,
running mileage map calculator,,0,"0.00,0.00,0.00,0.00,0.00,0.00,0.00,0.00,0.00,0.00,0.00,0.00",,0.00,0.00,,
running route calculator google maps,,0,"0.00,0.00,0.00,0.00,0.00,0.00,0.00,0.00,0.00,0.00,0.00,0.00",,0.00,0.03,,
running route calculator map,,0,"0.00,0.00,0.00,0.00,0.00,0.00,0.00,0.00,0.00,0.00,0.00,0.00",,0.00,0.00,,
running route map distance calculator,,0,"0.00,0.00,0.00,0.00,0.00,0.00,0.00,0.00,0.00,0.00,0.00,0.00",,0.00,0.00,,
rv travle calculator map,,0,"0.00,0.00,0.00,0.00,0.00,0.00,0.00,0.00,0.00,0.00,0.00,0.00",,0.00,0.00,,
sa map distance calculator,,0,"0.00,0.00,0.00,0.00,0.00,0.00,0.00,0.00,0.00,0.00,0.00,0.00",,0.00,0.00,,
sa road maps distance calculator,,0,"0.00,0.00,0.00,0.00,0.00,0.00,0.00,0.00,0.00,0.00,0.00,0.00",,0.00,0.00,,
safety stock calculation using mape,,0,"0.00,0.00,0.00,0.00,0.00,0.00,0.00,0.00,0.00,0.00,0.00,0.00",,0.00,0.00,,
sailing distance calculator map,,0,"0.00,0.00,0.00,0.00,0.00,0.00,0.00,0.00,0.00,0.00,0.00,0.00",,0.00,0.00,,
sailing map calculator,,0,"0.00,0.00,0.00,0.00,0.00,0.00,0.00,0.00,0.00,0.00,0.00,1.00",,0.00,0.00,,
salary calculator mapping,,0,"0.00,0.00,0.00,0.00,0.00,0.00,0.00,0.00,0.00,0.00,0.00,0.00",,0.00,0.00,,
sales tax calculator ohio map,,0,"0.00,0.00,0.00,0.00,0.00,0.00,0.00,0.00,0.00,0.00,0.00,0.00",,0.00,0.00,,
sales tax map calculator zip code,,0,"0.00,0.00,0.00,0.00,0.00,0.00,0.00,0.00,0.00,0.00,0.00,0.00",,0.00,0.00,,
sam calculate distance mapped,,0,"0.00,0.00,0.00,0.00,0.00,0.00,0.00,0.00,0.00,0.00,0.00,0.00",,0.00,0.00,,
sam calculate distance mapped gene grange,,0,"0.00,0.00,0.00,0.00,0.00,0.00,0.00,0.00,0.00,0.00,0.00,0.00",,0.00,0.00,,
sam calculate distance mapped grange,,0,"0.00,0.00,0.00,0.00,0.00,0.00,0.00,0.00,0.00,0.00,0.00,0.00",,0.00,0.00,,
san rafael google maps distance calculator,,0,"0.00,0.00,0.00,0.00,0.00,0.00,0.00,0.00,0.00,0.00,0.00,0.00",,0.00,0.00,,
san rafael google maps trail distance calculator,,0,"0.00,0.00,0.00,0.00,0.00,0.00,0.00,0.00,0.00,0.00,0.00,0.00",,0.00,0.00,,
sap hana calculation view column mapping information,,0,"0.00,0.00,0.00,0.00,0.00,0.00,0.00,0.00,0.00,0.00,0.00,0.00",,0.00,0.00,,
sap hana calculation view nodes mapping information,,0,"0.00,0.00,0.00,0.00,0.00,0.00,0.00,0.00,0.00,0.00,0.00,0.00",,0.00,0.00,,
sap map price calculation,,0,"0.00,0.00,0.00,0.00,0.00,0.00,0.00,0.00,0.00,0.00,0.00,0.00",,0.00,0.00,,
sap material map calculation,,0,"0.00,0.00,0.00,0.00,0.00,0.00,0.00,0.00,0.00,0.00,0.00,0.00",,0.00,0.00,,
sap mm map calculation,,0,"0.00,0.00,0.00,0.00,0.00,0.00,0.00,0.00,0.00,0.00,0.00,0.00",,0.00,0.00,,
sas calculate mape,,0,"0.00,0.00,0.00,0.00,0.00,0.00,0.00,0.00,0.00,0.00,0.00,0.00",,0.00,0.00,,
saskatoon map distance calculator,,0,"0.00,0.00,0.00,0.00,0.00,0.00,0.00,0.00,0.00,0.00,0.00,0.00",,0.00,0.00,,
satelite map use shadow to calculate time of day,,0,"0.00,0.00,0.00,0.00,0.00,0.00,0.00,0.00,0.00,0.00,0.00,0.00",,0.00,0.00,,
satellite finder calculator with google maps,,0,"0.00,0.00,0.00,0.00,0.00,0.00,0.00,0.00,0.00,0.00,0.00,0.00",,0.00,0.00,,
satellite finder dish alignment calculator with google maps,,0,"0.00,0.00,0.00,0.00,0.00,0.00,0.00,0.00,0.00,0.00,0.00,0.00",,0.00,0.00,,
satellite finder dish pointing calculator with google map,,0,"0.00,0.00,0.00,0.00,0.00,0.00,0.00,0.00,0.00,0.00,0.00,0.00",,0.00,0.00,,
satellite finder dish pointing calculator with google maps,,0,"0.00,0.00,0.00,0.00,0.00,0.00,0.00,0.00,0.00,0.00,0.00,0.00",,0.00,0.00,,
satellite map acreage calculator,,0,"0.00,0.00,0.00,0.00,0.00,0.00,0.00,0.00,0.00,0.00,0.00,0.00",,0.00,0.00,,
satellite map acreage calculator fsa,,0,"0.00,0.00,0.00,0.00,0.00,0.00,0.00,0.00,0.00,0.00,0.00,0.00",,0.00,0.00,,
satellite maps area calculator,,0,"0.00,0.00,0.00,0.00,0.00,0.00,0.00,0.00,0.00,0.00,0.00,0.00",,0.00,0.00,,
satellite orbital path calculator map,,0,"0.00,0.00,0.00,0.00,0.00,0.00,0.00,0.00,0.00,0.00,0.00,0.00",,0.00,0.00,,
satellite orbital path calculator map canaveral,,0,"0.00,0.00,0.00,0.00,0.00,0.00,0.00,0.00,0.00,0.00,0.00,0.00",,0.00,0.00,,
satellite orbital path calculator map online,,0,"0.00,0.00,0.00,0.00,0.00,0.00,0.00,0.00,0.00,0.00,0.00,0.00",,0.00,0.00,,
satisfactory - calculator map,,0,"0.00,0.00,0.00,0.00,0.00,0.00,0.00,0.00,0.00,0.00,0.00,0.00",,0.00,0.00,,
satisfactory calculator and interactive map,,0,"0.00,0.00,0.00,0.00,0.00,0.00,0.00,0.00,0.00,0.00,0.00,0.00",,0.00,0.00,,
satisfactory calculator export map,,0,"0.00,0.00,0.00,0.00,0.00,0.00,0.00,0.00,0.00,0.00,0.00,0.00",,0.00,0.00,,
satisfactory calculator interactive map move player,,0,"0.00,0.00,0.00,0.00,0.00,0.00,0.00,0.00,0.00,0.00,0.00,0.00",,0.00,0.00,,
satisfactory calculator map editor change phase,,0,"0.00,0.00,0.00,0.00,0.00,0.00,0.00,0.00,0.00,0.00,0.00,0.00",,0.00,0.00,,
satisfactory calculator map saving,,0,"0.00,0.00,0.00,0.00,0.00,0.00,0.00,0.00,0.00,0.00,0.00,0.00",,0.00,0.00,,
satisfactory calculator map saving site www.reddit.com,,0,"0.00,0.00,0.00,0.00,0.00,0.00,0.00,0.00,0.00,0.00,0.00,0.00",,0.00,0.00,,
scale map calculator,,0,"0.00,0.00,0.00,0.00,0.00,0.00,0.00,0.00,0.00,0.00,0.00,0.00",,0.00,0.00,,
scale on map calculator,,0,"0.00,0.00,0.00,0.00,0.00,0.00,0.00,0.00,0.00,0.00,0.00,0.00",,0.00,0.00,,
scale ratio for a map calculator,,0,"0.00,0.00,0.00,0.00,0.00,0.00,0.00,0.00,0.00,0.00,0.00,0.00",,0.00,0.00,,
scikit learn calculate mean absolute percentage error mape,,0,"0.00,0.00,0.00,0.00,0.00,0.00,0.00,0.00,0.00,0.00,0.00,0.00",,0.00,0.00,,
scribble map distance calculator,,0,"0.00,0.00,0.00,0.00,0.00,0.00,0.00,0.00,0.00,0.00,0.00,0.00",,0.00,0.00,,
scribble maps alternative with distance calculator,,0,"0.00,0.00,0.00,0.00,0.00,0.00,0.00,0.00,0.00,0.00,0.00,0.00",,0.00,0.00,,
scribble maps area calculator,,0,"0.00,0.00,0.00,0.00,0.00,0.00,0.00,0.00,0.00,0.00,0.00,0.00",,0.00,0.00,,
scribble maps square footage calculator,,0,"0.00,0.00,0.00,0.00,0.00,0.00,0.00,0.00,0.00,0.00,0.00,0.00",,0.00,0.00,,
sea level calculator google maps,,0,"0.00,0.00,0.00,0.00,0.00,0.00,0.00,0.00,0.00,0.00,0.00,0.00",,0.00,0.00,,
sea level rise map calculator,,0,"0.00,0.00,0.00,0.00,0.00,0.00,0.00,0.00,0.00,0.00,0.00,0.00",,0.00,0.00,,
sea map calculator,,0,"0.00,0.00,0.00,0.00,0.00,0.00,0.00,0.00,0.00,0.00,0.00,0.00",,0.00,0.00,,
sea mile calculator map,,0,"0.00,0.00,0.00,0.00,0.00,0.00,0.00,0.00,0.00,0.00,0.00,0.00",,0.00,0.00,,
second iterate map calculator,,0,"0.00,0.00,0.00,0.00,0.00,0.00,0.00,0.00,0.00,0.00,0.00,0.00",,0.00,0.00,,
seed map calculator,,0,"0.00,0.00,0.00,0.00,0.00,0.00,0.00,0.00,0.00,0.00,0.00,0.00",,0.00,0.00,,
seismic hazard map calculator,,0,"0.00,0.00,0.00,0.00,0.00,0.00,0.00,0.00,0.00,0.00,0.00,0.00",,0.00,0.00,,
self organizing map calculation,,0,"0.00,0.00,0.00,0.00,0.00,0.00,0.00,0.00,0.00,0.00,0.00,0.00",,0.00,0.00,,
senate map calculator,,0,"0.00,0.00,0.00,0.00,0.00,0.00,0.00,0.00,0.00,0.00,0.00,0.00",,0.00,0.00,,
seoul subway map time calculator,,0,"0.00,0.00,0.00,0.00,0.00,0.00,0.00,0.00,0.00,0.00,0.00,0.00",,0.00,0.00,,
set-associative mapping calculator,,0,"0.00,0.00,0.00,0.00,0.00,0.00,0.00,0.00,0.00,0.00,0.00,0.00",,0.00,0.00,,
sex offender online mapping tool 1000 ft rule calculator,,0,"1.00,0.00,0.00,0.00,0.00",,0.00,0.00,,
ship distance calculator map,,0,"0.00,0.00,0.00,0.00,0.00,0.00,0.00,0.00,0.00,0.00,0.00,0.00",,0.00,0.00,,
shipping calculator map,,0,"0.00,0.00,0.00,0.00,0.00,0.00,0.00,0.00,0.00,0.00,0.00,0.00",,0.00,0.00,,
shortest distance map calculator,,0,"0.00,0.00,0.00,0.00,0.00,0.00,0.00,0.00,0.00,0.00,0.00,0.00",,0.00,0.00,,
shortest route calculator google maps import,,0,"0.00,0.00,0.00,0.00,0.00,0.00,0.00,0.00,0.00,0.00,0.00,0.00",,0.00,0.00,,
show mileage on google maps when calculating a route,,0,"0.00,0.00,0.00,0.00,0.00,0.00,0.00,0.00,0.00,0.00,0.00,0.00",,0.00,0.00,,
show toll calculations google maps,,0,"1.00,0.00,0.00,0.00,0.00,0.00,0.00,0.00,0.00,0.00,0.00,0.00",,0.00,0.00,,
shy does google maps not calculate route,,0,"0.00,0.00,0.00,0.00,0.00,0.00,0.00,0.00,0.00,0.00,0.00,0.00",,0.00,0.00,,
sikkim road map distance calculator,,0,"0.00,0.00,0.00,0.00,0.00,0.00,0.00,0.00,0.00,0.00,0.00,0.00",,0.00,0.00,,
simple google maps distance calculator,,0,"0.00,0.00,0.00,0.00,0.00,0.00,0.00,0.00,0.00,0.00,0.00,0.00",,0.00,0.00,,
simplify boolean expressions by k map calculator,,0,"0.00,0.00,0.00,0.00,0.00,0.00,0.00,0.00,0.00,0.00,0.00,0.00",,0.00,0.00,,
simplifying 4 variable k map calculator,,0,"0.00,0.00,0.00,0.00,0.00,0.00,0.00,0.00,0.00,0.00,0.00,0.00",,0.00,0.00,,
singapore map distance calculator,,0,"0.00,0.00,0.00,0.00,0.00,0.00,0.00,0.00,0.00,0.00,1.00,0.00",,0.00,0.00,,
singapore mrt map fare calculator,,0,"0.00,0.00,0.00,0.00,0.00,0.00,0.00,0.00,0.00,0.00,0.00,0.00",,0.00,0.00,,
singapore running map distance calculator,,0,"0.00,0.00,0.00,0.00,0.00,0.00,0.00,0.00,0.00,0.00,0.00,0.00",,0.00,0.00,,
site de mapa que calcula custoa,,0,"0.00,0.00,0.00,0.00,0.00,0.00,0.00,0.00,0.00,0.00,0.00,0.00",,0.00,0.00,,
site de mapa que calcula custos no eia,,0,"0.00,0.00,0.00,0.00,0.00,0.00,0.00,0.00,0.00,0.00,0.00,0.00",,0.00,0.00,,
site de mapa que calcula custos no eua,,0,"0.00,0.00,0.00,0.00,0.00,0.00,0.00,0.00,0.00,0.00,0.00,0.00",,0.00,0.00,,
site de mapa que cálculo custos no eua,,0,"0.00,0.00,0.00,0.00,0.00,0.00,0.00,0.00,0.00,0.00,0.00,0.00",,0.00,0.00,,
sklearn calculate mape,,0,"0.00,0.00,0.00,0.00,0.00,0.00,0.00,0.00,0.00,0.00,0.00,0.00",,0.00,0.00,,
sky map calculator,,0,"0.00,0.00,0.00,0.00,0.00,0.00,0.00,0.00,0.00,0.00,0.00,0.00",,0.00,0.00,,
sky viewing horizon calculator terrain map,,0,"0.00,0.00,0.00,0.00,0.00,0.00,0.00,0.00,0.00,0.00,0.00,0.00",,0.00,0.00,,
slippy map tile calculator,,0,"0.00,0.00,0.00,0.00,0.00,0.00,0.00,0.00,0.00,0.00,0.00,0.00",,0.00,0.00,,
slope map calculator,,0,"0.00,0.00,0.00,0.00,0.00,0.00,0.00,0.00,0.00,0.00,0.00,0.00",,0.00,0.00,,
slope percentage calculator for maps,,0,"0.00,0.00,0.00,0.00,0.00,0.00,0.00,0.00,0.00,0.00,0.00,0.00",,0.00,0.00,,
soacelab map calculation,,0,"0.00,0.00,0.00,0.00,0.00,0.00,0.00,0.00,0.00,0.00,0.00,0.00",,0.00,0.00,,
sod calculator sq map,,0,"0.00,0.00,0.00,0.00,0.00,0.00,0.00,0.00,0.00,0.00,0.00,0.00",,0.00,0.00,,
software for drawing vector maps & calculating point to,,0,"0.00,0.00,0.00,0.00,0.00,0.00,0.00,0.00,0.00,0.00,0.00,0.00",,0.00,0.00,,
solar calculator map philadelphia,,0,"0.00,0.00,0.00,0.00,0.00,0.00,0.00,0.00,0.00,0.00,0.00,0.00",,0.00,0.00,,
solar eclipse 2017 map calculator,,0,"0.00,0.00,0.00,0.00,0.00,0.00,0.00,0.00,0.00,0.00,0.00,0.00",,0.00,0.00,,
solar eclipse calculator map,,0,"0.00,0.00,0.00,0.00,0.00,0.00,0.00,0.00,0.00,0.00,0.00,0.00",,0.00,0.00,,
solar eclipse calculator map by zip code,,0,"0.00,0.00,0.00,0.00,0.00,0.00,0.00,0.00,0.00,0.00,0.00,0.00",,0.00,0.00,,
solar eclipse calculator map desloge mo,,0,"0.00,0.00,0.00,0.00,0.00,0.00,0.00,0.00,0.00,0.00,0.00,0.00",,0.00,0.00,,
solar eclipse calculator map park hills mo,,0,"0.00,0.00,0.00,0.00,0.00,0.00,0.00,0.00,0.00,0.00,0.00,0.00",,0.00,0.00,,
solar eclipse map calculator,,0,"0.00,0.00,0.00,0.00,0.00,0.00,0.00,0.00,0.00,0.00,0.00,0.00",,0.00,0.00,,
solar output map calculator,,0,"0.00,0.00,0.00,0.00,0.00,0.00,0.00,0.00,0.00,0.00,0.00,0.00",,0.00,0.00,,
solar panel calculator google maps,,0,"0.00,0.00,0.00,0.00,0.00,0.00,0.00,0.00,0.00,0.00,0.00,0.00",,0.00,0.36,,
solar panel calculator map uk,,0,"0.00,0.00,0.00,0.00,0.00,0.00,0.00,0.00",,0.00,0.00,,
solar panel roof calculator google maps,,0,"0.00,0.00,0.00,0.00,0.00,0.00,0.00,0.00,0.00,0.00,0.00,0.00",,0.00,0.00,,
solar panel roof calculator map,,0,"0.00,0.00,0.00,0.00,0.00,0.00,0.00,0.00,0.00,0.00,0.00,0.00",,0.00,0.00,,
solar position calculator map,,0,"0.00,0.00,0.00,0.00,0.00,0.00,0.00,0.00,0.00,0.00,0.00,0.00",,0.00,0.00,,
solar potential map calculator,,0,"0.00,0.00,0.00,0.00,0.00,0.00,0.00,0.00,0.00,0.00,0.00,0.00",,0.00,0.00,,
solar roof calculator map,,0,"0.00,0.00,0.00,0.00,0.00,0.00,0.00,0.00,0.00,0.00,0.00,0.00",,0.00,0.00,,
solving proportions with maps calculator,,0,"0.00,0.00,0.00,0.00,0.00,0.00,0.00,0.00,0.00,0.00,0.00,0.00",,0.00,0.00,,
sop k-map calculator,,0,"0.00,0.00,0.00,0.00,0.00,0.00,0.00,0.00,0.00,0.00,0.00,0.00",,0.00,0.00,,
sorry we could not calculate driving directions google maps,,0,"0.00,0.00,0.00,0.00,0.00,0.00,0.00,0.00,0.00,0.00,0.00,0.00",,0.00,0.00,,
sorry we could not calculate transit directions from google maps,,0,"0.00,0.00,0.00,0.00,0.00,0.00,0.00,0.00,0.00,0.00,0.00,0.00",,0.00,0.00,,
sorry we could not calculate transit directions google maps,,0,"0.00,0.00,0.00,0.00,0.00,0.00,0.00,0.00,0.00,0.00,0.00,0.00",,0.00,0.00,,
south africa road map distance calculator,,0,"0.00,0.00,0.00,0.00,0.00,0.00,0.00,0.00,0.00,0.00,0.00,0.00",,0.00,0.00,,
south harpeth river map mileage calculator,,0,"0.00,0.00,0.00,0.00,0.00,0.00,0.00,0.00,0.00,0.00,0.00,0.00",,0.00,0.00,,
south india map with distance calculator,,0,"0.00,0.00,0.00,0.00,0.00,0.00,0.00,0.00,0.00,0.00,0.00,0.00",,0.00,0.00,,
south india road map distance calculator,,0,"0.00,0.00,0.00,0.00,0.00,0.00,0.00,0.00,0.00,0.00,0.00,0.00",,0.00,0.00,,
spacelab map calculation,,0,"0.00,0.00,0.00,0.00,0.00,0.00,0.00,0.00,0.00,0.00,0.00,0.00",,0.00,0.00,,
spark calculations before map,,0,"0.00,0.00,0.00,0.00,0.00,0.00,0.00,0.00,0.00,0.00,0.00,0.00",,0.00,0.00,,
speed calculation google maps,,0,"0.00,0.00,0.00,0.00,0.00,0.00,0.00,0.00,0.00,0.00,0.00,0.00",,0.00,0.00,,
sq feet calculator map,,0,"0.00,0.00,0.00,0.00,0.00,0.00,0.00,0.00,0.00,0.00,0.00,0.00",,0.00,0.00,,
sq foot calculator google maps,,0,"0.00,0.00,0.00,0.00,0.00,0.00,0.00,0.00,0.00,0.00,0.00,0.00",,0.00,0.00,,
sq foot calculator map,,0,"0.00,0.00,0.00,0.50,0.00,0.00,0.00,1.00,0.50,0.00,0.00,0.00",,0.73,0.03,,
sq ft calculator maps,,0,"0.00,0.00,0.00,0.00,0.00,0.00,0.00,0.00,0.00,0.00,0.00,0.00",,0.00,0.00,,
squad mortar map calculator,,0,"0.00,0.00,0.00,0.00,0.00,0.00,0.00,0.00,0.00,0.00,0.00,0.00",,0.00,0.00,,
square acreage calculator on google maps,,0,"0.00,0.00,0.00,0.00,0.00,0.00,0.00,0.00,0.00,0.00,0.00,0.00",,0.00,0.00,,
square area calculator maps,,0,"0.00,0.00,0.00,0.00,0.00,0.00,0.00,0.00,0.00,0.00,0.00,0.00",,0.00,0.00,,
square feet calculator map length width,,0,"0.00,0.00,0.00,0.00,0.00,0.00,0.00,0.00,0.00,0.00,0.00,0.00",,0.00,0.00,,
square foot calculations using google satellite maps area calculator tool,,0,"0.00,0.00,0.00,0.00,0.00,0.00,0.00,0.00,0.00,0.00,0.00,0.00",,0.00,0.00,,
square foot calculator map google,,0,"0.00,0.00,0.00,0.00,0.00,0.00,0.00,0.00,0.00,0.00,0.00,0.00",,0.00,0.00,,
square footage calculator from google maps,,0,"0.00,0.00,0.00,0.00,0.00",,0.00,0.00,,
square footage calculator from map,,0,"0.00,0.00,0.00,0.00,0.00,0.00,0.00,0.00,0.00,0.00,0.00,0.00",,0.00,0.00,,
square footage calculator goodle maps,,0,"0.00,0.00,0.00,0.00,0.00,0.00,0.00,0.00,0.00,0.00,0.00,0.00",,0.00,0.00,,
square footage calculator google maps mashup,,0,"0.00,0.00,0.00,0.00,0.00,0.00,0.00,0.00,0.00,0.00,0.00,0.00",,0.00,0.00,,
square footage calculator map for triangle,,0,"0.00,0.00,0.00,0.00,0.00,0.00,0.00,0.00,0.00,0.00,0.00,0.00",,0.00,0.00,,
square footage calculator on google maps,,0,"0.00,0.00,0.00,0.00,0.00,0.00,0.00,0.00,0.00,0.00,0.00,0.00",,0.00,0.00,,
square footage calculator with map,,0,"0.00,0.00,0.00,0.00,0.00,0.00,0.00,0.00,0.00,0.00,0.00,0.00",,0.00,0.00,,
square meter calculator maps,,0,"1.00,0.00,0.00,0.00,0.00,0.00,0.00,0.00,0.00,0.00,0.00,0.00",,0.00,0.00,,
square meter calculator on map,,0,"0.00,0.00,0.00,0.00,0.00,0.00,0.00,0.00,0.00,0.00,0.00,0.00",,0.00,0.00,,
square meter map calculator,,0,"0.00,0.00,0.00",,0.00,0.00,,
square meterage calculator map,,0,"0.00,0.00,0.00,0.00,0.00,0.00,0.00,0.00,0.00,0.00,0.00,0.00",,0.00,0.00,,
square miles calculator map,,0,"0.00,0.00,0.00,0.00,0.00,0.00,0.00,0.00,0.00,0.00,0.00,0.00",,0.00,0.01,,
sri lanka road map distance calculator,,0,"0.00,0.00,0.00,0.00,0.00,0.00,0.00,0.00,0.00,0.00,0.00,0.00",,0.00,0.00,,
sri lanka road map with distance calculator,,0,"0.00,0.00,0.00,0.00,0.00,0.00,0.00,0.00,0.00,0.00,0.00,0.00",,0.00,0.00,,
stack method of calculating volume from topo maps,,0,"0.00,0.00,0.00,0.00,0.00,0.00,0.00,0.00,0.00,0.00,0.00,0.00",,0.00,0.00,,
stage 2 map calculator,,0,"0.00,0.00,0.00,0.00,0.00,0.00,0.00,0.00,0.00,0.00,0.00,0.00",,0.00,0.00,,
star map calculate route,,0,"0.00,0.00,0.00,0.00,0.00,0.00,0.00,0.00,0.00,0.00,0.00,0.00",,0.00,0.00,,
star wars hyperspace map calculator,,0,"0.00,0.00,0.00,0.00,0.00,0.00,0.00,0.00,0.00,0.00,0.00,0.00",,0.00,0.00,,
state mile calculator map,,0,"0.00,0.00,0.00,0.00,0.00,0.00,0.00,0.00,0.00,0.00,0.00,0.00",,0.00,0.00,,
straight distance map calculator,,0,"0.00,0.00,0.00,0.00,0.00,0.00,0.00,0.00,0.00,0.00,0.00,0.00",,0.00,0.00,,
street map distance calculator uk,,0,"0.00,0.00,0.00,0.00,0.00,0.00,0.00,0.00,0.00,0.00,0.00,0.00",,0.00,0.00,,
street map mileage calculator,,0,"0.00,0.00,0.00,0.00,0.00,0.00,0.00,0.00,0.00,0.00,0.00,0.00",,0.00,0.00,,
student loan repayment calculator mapping your future,,0,"0.00,0.00,0.00,0.00,0.00,0.00,0.00,0.00,0.00,0.00,0.00,0.00",,0.00,0.00,,
subaru map route calculation failed,,0,"0.00,0.00,0.00,0.00,0.00,0.00,0.00,0.00,0.00,0.00,0.00,0.00",,0.00,0.00,,
subnet map calculator,,0,"0.00,0.00,0.00,0.00,0.00,0.00,0.00,0.00,0.00,0.00,0.00,0.00",,0.00,0.00,,
sum of products calculator karnaugh map,,0,"0.00,0.00,0.00,0.00,0.00,0.00,0.00,0.00,0.00,0.00,0.00,0.00",,0.00,0.00,,
sums of product from k map calculator,,0,"0.00,0.00,0.00,0.00,0.00,0.00,0.00,0.00,0.00,0.00,0.00,0.00",,0.00,0.00,,
sun map calculator with address,,0,"0.00,0.00,0.00,0.00,0.00,0.00,0.00,0.00,0.00,0.00,0.00,0.00",,0.00,0.00,,
sun path calculator map,,0,"0.00,0.00,0.00,0.00,0.00,0.00,0.00,0.00,0.00,0.00,0.00,0.00",,0.00,0.00,,
sun shadow calculator map,,0,"0.00,0.00,0.00,0.00,0.00,0.00,0.00,0.00,0.00,0.00,0.00,0.00",,0.00,0.00,,
sunlight calculator interactive map,,0,"0.00,0.00,0.00,0.00,0.00,0.00,0.00,0.00,0.00,0.00,0.00,0.00",,0.00,0.00,,
sunrise direction map calculator,,0,"0.00,0.00,0.00,0.00,0.00,0.00,0.00,0.00,0.00,0.00,0.00,0.00",,0.00,0.00,,
sunrise sunset calculator map,,0,"0.00,0.00,0.00,0.00,0.00,0.00,0.00,0.00,0.00,0.00,0.00,0.00",,0.00,0.00,,
sunset direction map calculator,,0,"0.00,0.00,0.00,0.00,0.00,0.00,0.00,0.00,0.00,0.00,0.00,0.00",,0.00,0.00,,
supply chain calculating c on map,,0,"0.00,0.00,0.00,0.00,0.00,0.00,0.00,0.00,0.00,0.00,0.00,0.00",,0.00,0.00,,
surface area of a calculator map,,0,"0.00,0.00,0.00,0.00,0.00,0.00,0.00,0.00,0.00,0.00,0.00,0.00",,0.00,0.00,,
surface calculator map,,0,"0.00,0.00,0.00,0.00,0.00,0.00,0.00,0.00,0.00,0.00,0.00,0.00",,0.00,0.00,,
surrounding area map calculate,,0,"0.00,0.00,0.00,0.00,0.00,0.00,0.00,0.00,0.00,0.00,0.00,0.00",,0.00,0.00,,
survey map calculator,,0,"0.00,0.00,0.00,0.00,0.00,0.00,0.00,0.00,0.00,0.00,0.00,0.00",,0.00,0.00,,
svr in wood units calculate map cvp co,,0,"0.00,0.00,0.00,0.00,0.00,0.00,0.00,0.00,0.00,0.00,0.00,0.00",,0.00,0.00,,
symmetric mape calculation,,0,"0.00,0.00,0.00,0.00,0.00,0.00,0.00,0.00,0.00,0.00,0.00,0.00",,0.00,0.00,,
t1 mapping ecv calculation,,0,"0.00,0.00,0.00,0.00,0.00,0.00,0.00,0.00,0.00,0.00,0.00,0.00",,0.00,0.00,,
table map for jk flip flop boolean expression calculator,,0,"0.00,0.00,0.00,0.00,0.00,0.00,0.00,0.00,0.00,0.00,0.00,0.00",,0.00,0.00,,
table to contour map calculator,,0,"0.00,0.00,0.00,0.00,0.00,0.00,0.00,0.00,0.00,0.00,0.00,0.00",,0.00,0.00,,
tableau calculate different week over week and display in map,,0,"0.00,0.00,0.00,0.00,0.00,0.00,0.00,0.00,0.00,0.00,0.00,0.00",,0.00,0.00,,
tableau calculated lat long not mapping,,0,"0.00,0.00,0.00,0.00,0.00,0.00,0.00,0.00,0.00,0.00,0.00,0.00",,0.00,0.00,,
tableau map calculations,,0,"0.00,0.00,0.00,0.00,0.00,0.00,0.00,0.00,0.00,0.00,0.00,0.00",,0.00,0.00,,
tableau mapping table calculations partition,,0,"0.00,0.00,0.00,0.00,0.00,0.00,0.00,0.00,0.00,0.00,0.00,0.00",,0.00,0.00,,
tableau project documentation tools visual analytics maps and calculations,,0,"0.00,0.00,0.00,0.00,0.00,0.00,0.00,0.00,0.00,0.00,0.00,0.00",,0.00,0.00,,
tableau table calculations partition for maps,,0,"0.00,0.00,0.00,0.00,0.00,0.00,0.00,0.00,0.00,0.00,0.00,0.00",,0.00,0.00,,
tableua two maps from calculated field,,0,"0.00,0.00,0.00,0.00,0.00,0.00,0.00,0.00,0.00,0.00,0.00,0.00",,0.00,0.00,,
tag index offset calculator direct mapped cache,,0,"0.00,0.00,0.00,0.00,0.00,0.00,0.00,0.00,0.00,0.00,0.00,0.00",,0.00,0.00,,
tamil nadu map with distance calculator,,0,"0.00,0.00,0.00,0.00,0.00,0.00,0.00,0.00,0.00,0.00,0.00,0.00",,0.00,0.00,,
tamilnadu road map with distance calculator,,0,"0.00,0.00,0.00,0.00,0.00,0.00,0.00,0.00,0.00,0.00,0.00,0.00",,0.00,0.00,,
taoist calculator life map,,0,"0.00,0.00,0.00,0.00,0.00,0.00,0.00,0.00,0.00,0.00,0.00,0.00",,0.00,0.00,,
tapped out land map calculator,,0,"0.00,0.00,0.00,0.00,0.00,0.00,0.00,0.00,0.00,0.00,0.00,0.00",,0.00,0.00,,
tasmania map distance calculator,,0,"0.00,0.00,0.00,0.00,0.00,0.00,0.00,0.00,0.00,0.00,0.00,0.00",,0.00,0.00,,
tax map software to calculate federal tax withholding,,0,"0.00,0.00,0.00,0.00,0.00,0.00,0.00,0.00,0.00,0.00,0.00,0.00",,0.00,0.00,,
taxi fare calculator google maps,,0,"0.00,0.00,0.00,0.00,0.00,0.00,0.00,0.00,0.00,0.00,0.00,0.00",,0.00,0.00,,
taxi fare calculator map,,0,"0.00,0.00,0.00,0.00,0.00,0.00,0.00,0.00,0.00,0.00,0.00,0.00",,0.00,0.00,,
taxi fare calculator using bing maps,,0,"0.00,0.00,0.00,0.00,0.00,0.00,0.00,0.00,0.00,0.00,0.00,0.00",,0.00,0.00,,
tent map calculator,,0,"0.00,0.00,0.00,0.00,0.00,0.00,0.00,0.00,0.00,0.00,0.00,0.00",,0.00,0.00,,
teorema fundamental del cálculo mapa conceptual,,0,"0.00,0.00,0.00,0.00,0.00,0.00,0.00,0.00,0.00,0.00,0.00,0.00",,0.00,0.00,,
terrain height map how to calculate normal,,0,"0.00,0.00,0.00,0.00,0.00,0.00,0.00,0.00,0.00,0.00,0.00,0.00",,0.00,0.00,,
tesla charger map calculator,,0,"0.00,0.00,0.00,0.00,0.00,0.00,0.00,0.00,0.00,0.00,0.00,0.00",,0.00,0.00,,
tesla map not calculating,,0,"0.00,0.00,0.00,0.00,0.00,0.00,0.00,0.00,0.00,0.00,0.00,0.00",,0.00,0.00,,
tesla solar roof calculator from google maps,,0,"0.00,0.00,0.00,0.00,0.00,0.00,0.00,0.00,0.00,0.00,0.00,0.00",,0.00,0.00,,
tesla supercharger map calculator,,0,"0.00,0.00,0.00,0.00,0.00,0.00,0.00,0.00,0.00,0.00,0.00,0.00",,0.00,0.00,,
tetrad analysis calculation map distance,,0,"0.00,0.00,0.00,0.00,0.00,0.00,0.00,0.00,0.00,0.00,0.00,0.00",,0.00,0.00,,
texas instruments ti-34 calculator button map,,0,"0.00,0.00,0.00,0.00,0.00,0.00,0.00,0.00,0.00,0.00,0.00,0.00",,0.00,0.00,,
the calculating stars asteroid impact map,,0,"0.00,0.00,0.00,0.00,0.00,0.00,0.00,0.00,0.00,0.00,0.00,0.00",,0.00,0.00,,
the calculating stars asteroid map,,0,"0.00,0.00,0.00,0.00,0.00,0.00,0.00,0.00,0.00,0.00,0.00,0.00",,0.00,0.00,,
the map calculation,,0,"0.00,0.00,0.00,0.00,0.00,0.00,0.00,0.00,0.00,0.00,0.00,0.00",,0.00,0.00,,
the map projection that is best for calculating directions,,0,"0.00,0.00,0.00,0.00,0.00,0.00,0.00,0.00,0.00,0.00,0.00,0.00",,0.00,0.00,,
the meridians shown on the map below calculate the,,0,"0.00,0.00,0.00,0.00,0.00,0.00,0.00,0.00,0.00,0.00,0.00,0.00",,0.00,0.00,,
the mole road map cannot be used in calculations of,,0,"0.00,0.00,0.00,0.00,0.00,0.00,0.00,0.00,0.00,0.00,0.00,0.00",,0.00,0.00,,
things you can calculate with sbp dbp map pp,,0,"0.00,0.00,0.00,0.00,0.00,0.00,0.00,0.00,0.00,0.00,0.00,0.00",,0.00,0.00,,
three factor cross mapping calculator,,0,"0.00,0.00,0.00,0.00,0.00,0.00,0.00,0.00,0.00,0.00,0.00,0.00",,0.00,0.00,,
tiled tile map calculate the number of tiles,,0,"0.00,0.00,0.00,0.00,0.00,0.00,0.00,0.00,0.00,0.00,0.00,0.00",,0.00,0.00,,
time calculator map,,0,"0.00,0.00,0.00,0.00,0.00,0.00,0.00,0.00,0.00,0.00,0.00,0.00",,0.00,0.00,,
time difference calculator map,,0,"0.00,0.00,0.00,0.00,0.00,0.00,0.00,0.00,0.00,0.00,0.00,0.00",,0.00,0.00,,
time distance calculator google maps,,0,"0.00,0.00,0.00,0.00,0.00,0.00,0.00,0.00,0.00,0.00,0.00,0.00",,0.00,0.00,,
time distance calculator map,,0,"0.00,0.00,0.00,0.00,0.00,0.00,0.00,0.00,0.00,0.00,0.00,0.00",,0.00,0.00,,
time left for changeovers calculate value mapping,,0,"0.00,0.00,0.00,0.00,0.00,0.00,0.00,0.00,0.00,0.00,0.00,0.00",,0.00,0.00,,
time zone calculator map united states,,0,"0.00,0.00,0.00,0.00,0.00,0.00,0.00,0.00,0.00,0.00,0.00,0.00",,0.00,0.00,,
time zone map usa calculator,,0,"0.00,0.00,0.00,0.00,0.00,0.00,0.00,0.00,0.00,0.00,0.00,0.00",,0.00,0.00,,
timing map calculator,,0,"0.00,0.00,0.00,0.00,0.00,0.00,0.00,0.00,0.00,0.00,0.00,0.00",,0.00,0.00,,
tinkerbell map calculator,,0,"0.00,0.00,0.00,0.00,0.00,0.00,0.00,0.00,0.00,0.00,0.00,0.00",,0.00,0.00,,
tokyo rail map calculator,,0,"0.00,0.00,0.00,0.00,0.00,0.00,0.00,0.00,0.00,0.00,0.00,0.00",,0.00,0.00,,
tol calculator app map,,0,"0.00,0.00,0.00,0.00,0.00,0.00,0.00,0.00,0.00,0.00,0.00,0.00",,0.00,0.00,,
toll calculator -- google maps,,0,"0.00,0.00,0.00,0.00,0.00,0.00,0.00,0.00,0.00,0.00,0.00,0.00",,0.00,0.00,,
toll calculator add in google maps,,0,"0.00,0.00,0.00,0.00,0.00,0.00,0.00,0.00,0.00,0.00,0.00,0.00",,0.00,0.00,,
toll calculator and map,,0,"0.00,0.00,0.00,0.00,0.00,0.00,0.00,0.00,0.00,0.00,0.00,0.00",,0.00,0.00,,
toll calculator florida google maps,,0,"0.00,0.00,0.00,0.00,0.00,0.00,0.00,0.00,0.00,0.00,0.00,0.00",,0.00,0.00,,
toll calculator for apple maps,,0,"0.00,0.00,0.00,0.00,0.00,0.00,0.00,0.00,0.00,0.00,0.00,0.00",,0.00,0.00,,
toll calculator for google maps,,0,"0.00,0.00,0.00,0.00,0.00,0.00,0.00,0.00,0.00,0.00,0.00,0.00",,0.00,0.00,,
toll calculator map florida,,0,"0.00,0.00,0.00,0.00,0.00,0.00,0.00,0.00,0.00,0.00,0.00,0.00",,0.00,0.00,,
toll calculator nj map,,0,"0.00,0.00,0.00,0.00,0.00,0.00,0.00,0.00,0.00,0.00,0.00,0.00",,0.00,0.00,,
toll cost calculator google maps,,0,"0.00,0.00,0.00,0.00,0.00,0.00,0.00,0.00,0.00,0.00,0.00,0.00",,0.00,0.00,,
tollroad calculator google maps,,0,"0.00,0.00,0.00,0.00,0.00,0.00,0.00,0.00,0.00,0.00,0.00,0.00",,0.00,0.00,,
tolls calculate in greece google maps,,0,"0.00,0.00,0.00,0.00,0.00,0.00,0.00,0.00,0.00,0.00,0.00,0.00",,0.00,0.00,,
tolls calculator map,,0,"0.00,0.00,0.00,0.00,1.00,0.00,0.00,0.00,0.00,0.00,0.00,0.00",,0.00,0.00,,
tolls map calculator,,0,"0.00,0.00,0.00,0.00,0.00,0.00,0.00,0.00,0.00,0.00,0.00,0.00",,0.00,0.00,,
tool to calculate area in google maps,,0,"0.00,0.00,0.00,0.00,0.00,0.00,0.00,0.00,0.00,0.00,0.00,0.00",,0.00,0.00,,
tool to calculate radius in google maps,,0,"0.00,0.00,0.00,0.00,0.00,0.00,0.00,0.00,0.00,0.00,0.00,0.00",,0.00,0.00,,
topographic map calculations,,0,"0.00,0.00,0.00,0.00,0.00,0.00,0.00,0.00,0.00,0.00,0.00,0.00",,0.00,0.00,,
topographic map elevation calculation,,0,"0.00,0.00,0.00,0.00,0.00,0.00,0.00,0.00,0.00,0.00,0.00,0.00",,0.00,0.00,,
topographic map gradient calculation,,0,"0.00,0.00,0.00,0.00,0.00,0.00,0.00,0.00,0.00,0.00,0.00,0.00",,0.00,0.00,,
topographic map gradient calculator,,0,"0.00,0.00,0.00,0.00,0.00,0.00,0.00,0.00,0.00,0.00,0.00,0.00",,0.00,0.00,,
topographic map how to calculate fradient,,0,"0.00,0.00,0.00,0.00,0.00,0.00,0.00,0.00,0.00,0.00,0.00,0.00",,0.00,0.00,,
topographic map how to calculate gradient,,0,"0.00,0.00,0.00,0.00,0.00,0.00,0.00,0.00,0.00,0.00,0.00,0.00",,0.00,0.00,,
topographic map how to calculate gradient in geography,,0,"0.00,0.00,0.00,0.00,0.00,0.00,0.00,0.00,0.00,0.00,0.00,0.00",,0.00,0.00,,
topographic map relief calculation,,0,"0.00,0.00,0.00,0.00,0.00,0.00,0.00,0.00,0.00,0.00,0.00,0.00",,0.00,0.00,,
topographic map slope calculations,,0,"0.00,0.00,0.00,0.00,0.00,0.00,0.00,0.00,0.00,0.00,0.00,0.00",,0.00,0.00,,
total toll price calculator map,,0,"0.00,0.00,0.00,0.00,0.00,0.00,0.00,0.00,0.00,0.00,0.00,0.00",,0.00,0.00,,
total trip mileage calculator google maps,,0,"0.00,0.00,0.00,0.00,0.00,0.00,0.00,0.00,0.00,0.00,0.00,0.00",,0.00,0.00,,
totality map calculator,,0,"0.00,0.00,0.00,0.00,0.00,0.00,0.00,0.00,0.00,0.00,0.00,0.00",,0.00,0.00,,
totient mapping calculator,,0,"0.00,0.00,0.00,0.00,0.00,0.00,0.00,0.00,0.00,0.00,0.00,0.00",,0.00,0.00,,
town and range map calculate,,0,"0.00,0.00,0.00,0.00,0.00,0.00,0.00,0.00,0.00,0.00,0.00,0.00",,0.00,0.00,,
traces level curves and contour maps calculator,,0,"0.00,0.00,0.00,0.00,0.00,0.00,0.00,0.00,0.00,0.00,0.00,0.00",,0.00,0.00,,
train map singapore fare calculator,,0,"0.00,0.00,0.00,0.00,0.00,0.00,0.00,0.00,0.00,0.00,0.00,0.00",,0.00,0.00,,
transcriptome calculate percent reads mapped back,,0,"0.00,0.00,0.00,0.00,0.00,0.00,0.00,0.00,0.00,0.00,0.00,0.00",,0.00,0.00,,
transformation mapping calculator,,0,"0.00,0.00,0.00,0.00,0.00,0.00,0.00,0.00,0.00,0.00,0.00,0.00",,0.00,0.00,,
travel calculator on map,,0,"0.00,0.00,0.00,0.00,0.00,0.00,0.00,0.00,0.00,0.00,0.00,0.00",,0.00,0.00,,
travel distance calculator map between world cities,,0,"0.00,0.00,0.00,0.00,0.00,0.00,0.00,0.00,0.00,0.00,0.00,0.00",,0.00,0.00,,
travel guide india road map calculator,,0,"0.00,0.00,0.00,0.00,0.00,0.00,0.00,0.00,0.00,0.00,0.00,0.00",,0.00,0.00,,
travel radius map calculator,,0,"0.00,0.00,0.00,0.00,0.00,0.00,0.00,0.00,0.00,0.00,0.00,0.00",,0.00,0.00,,
treasure map calculator,,0,"0.00,0.00,0.00,0.00,0.00,0.00,0.00,0.00,0.00,0.00,0.00,0.00",,0.00,0.00,,
treasure map optc calculator,,0,"0.00,0.00,0.00,0.00,0.00,0.00,0.00,0.00,0.00,0.00,0.00,0.00",,0.00,0.00,,
treasure map points calculator,,0,"0.00,0.00,0.00,0.00,0.00,0.00,0.00,0.00,0.00,0.00,0.00,0.00",,0.00,0.00,,
tree map calculator,,0,"0.00,0.00,0.00,0.00,0.00,0.00,0.00,0.00,0.00,0.00,0.00,0.00",,0.00,0.00,,
triangulation distance map calculator,,0,"0.00,0.00,0.00,0.00,0.00,0.00,0.00,0.00,0.00,0.00,0.00,0.00",,0.00,0.00,,
trimps map calculator,,0,"0.00,0.00,0.00,0.00,0.00,0.00,0.00,0.00,0.00,0.00,0.00,0.00",,0.00,0.00,,
trimps void map calculator,,0,"0.00,0.00,0.00,0.00,0.00,0.00,0.00,0.00,0.00,0.00,0.00,0.00",,0.00,0.00,,
trimps void maps calculator,,0,"0.00,0.00,0.00,0.00,0.00,0.00,0.00,0.00,0.00,0.00,0.00,0.00",,0.00,0.00,,
trip calculator with maps,,0,"0.00,0.00,0.00,0.00,0.00,0.00,0.00,0.00,0.00,0.00,0.00,0.00",,0.00,0.00,,
trip calculator with maps and gas cost,,0,"0.00,0.00,0.00,0.00,0.00,0.00,0.00,0.00,0.00,0.00,0.00,0.00",,0.00,0.00,,
trip distance calculator map,,0,"0.00,0.00,0.00,0.00,0.00,0.00,0.00,0.00,0.00,0.00,0.00,0.00",,0.00,0.00,,
truth table karnaugh map calculator,,0,"0.00,0.00,0.00,0.00,1.00,0.00,0.00,0.00,0.00,0.00,0.00,0.00",,0.00,0.00,,
tsunami map calculator,,0,"0.00,0.00,0.00,0.00,0.00,0.00,0.00,0.00,0.00,0.00,0.00,0.00",,0.00,0.00,,
ttp www.daftlogic.com projects-google-maps-distance-calculator.htm,,0,"0.00,0.00,0.00,0.00,0.00,0.00,0.00,0.00,0.00,0.00,0.00,0.00",,0.00,0.00,,
tube map journey calculator,,0,"0.00,0.00,0.00,0.00,0.00,0.00,0.00,0.00,0.00,0.00,0.00,0.00",,0.00,0.00,,
tube map route calculator,,0,"0.00,0.00,0.00,0.00,0.00,0.00,0.00,0.00,0.00,0.00,0.00,0.00",,0.00,0.00,,
tube map time calculator,,0,"0.00,0.00,0.00,0.00,0.00,0.00,0.00,0.00,0.00,0.00,0.00,0.00",,0.00,0.00,,
turbine map calculator,,0,"0.00,0.00,0.00,0.00,0.00,0.00,0.00,0.00,0.00,0.00,0.00,0.00",,0.00,0.00,,
turbo map calculator squirrel,,0,"0.00,0.00,0.00,0.00,0.00,0.00,0.00,0.00,0.00,0.00,0.00,0.00",,0.00,0.00,,
turbo mapping calculations,,0,"0.00,0.00,0.00,0.00,0.00,0.00,0.00,0.00,0.00,0.00,0.00,0.00",,0.00,0.00,,
turbocharger compressor map calculator,,0,"0.00,0.00,0.00,0.00,0.00,0.00,0.00,0.00,0.00,0.00,0.00,0.00",,0.00,0.00,,
turbocharger map calculator,,0,"0.00,0.00,0.00,0.00,0.00,0.00,0.00,0.00,0.00,0.00,0.00,0.00",,0.00,0.00,,
tv antenna height calculator map,,0,"0.00,0.00,0.00,0.00,0.00,0.00,0.00,0.00,0.00,0.00,0.00,0.00",,0.00,0.00,,
uk electoral map calculator,,0,"0.00,0.00,0.00,0.00,0.00,0.00,0.00,0.00,0.00,0.00,0.00,0.00",,0.00,0.00,,
uk map area calculator,,0,"0.00,0.00,0.00,0.00,0.00,0.00,0.00,0.00,0.00,0.00,0.00,0.00",,0.00,0.00,,
uk map radius calculator,,0,"0.00,0.00,0.00,0.00,0.00,0.00,0.00,0.00,0.00,0.00,0.00,0.00",,0.00,0.00,,
unable to calculate map_crc sha1,,0,"0.00,0.00,0.00,0.00,0.00,0.00,0.00,0.00,0.00,0.00,0.00,0.00",,0.00,0.00,,
unable to calculate map_crc sha1 map mpq file not loaded,,0,"0.00,0.00,0.00,0.00,0.00,0.00,0.00,0.00,0.00,0.00,0.00,0.00",,0.00,0.00,,
unable to calculate route on google maps,,0,"0.00,0.00,0.00,0.00,0.00,0.00,0.00,0.00,0.00,0.00,0.00,0.00",,0.00,0.00,,
unable to calculate routes from google maps,,0,"0.00,0.00,0.00,0.00,0.00,0.00,0.00,0.00,0.00,0.00,0.00,0.00",,0.00,0.00,,
united air mile map calculator,,0,"0.00,0.00,0.00,0.00,0.00,0.00,0.00,0.00,0.00,0.00,0.00,0.00",,0.00,0.00,,
united states map distance calculator,,0,"0.00,0.00,0.00,0.00,0.00,0.00,0.00,0.00,0.00,0.00,0.00,0.00",,0.00,0.00,,
unity calculate depth map from camera,,0,"0.00,0.00,0.00,0.00,0.00,0.00,0.00,0.00,0.00,0.00,0.00,0.00",,0.00,0.00,,
updated map calculation guidelines 2025,,0,"0.00,0.00,0.00,0.00,0.00,0.00",,0.00,0.00,,
ups calculate cost map,,0,"0.00,0.00,0.00,0.00,0.00,0.00,0.00,0.00,0.00,0.00,0.00,0.00",,0.00,0.00,,
ups ground map calculator,,0,"0.00,0.00,0.00,0.00,0.00,0.00,0.00,0.00,0.00,0.00,0.00,0.00",,0.00,0.00,,
ups map calculator,,0,"0.00,0.00,0.00,0.00,0.00,0.00,0.00,0.00,0.00,0.00,0.00,0.00",,0.00,0.00,,
ups map shipping calculator,,0,"0.00,0.00,0.00,0.00,0.00,0.00,0.00,0.00,0.00,0.00,0.00,0.00",,0.00,0.00,,
us election electoral map calculator,,0,"0.00,0.00,0.00,0.00,0.00,0.00,0.00,0.00,0.00,0.00,0.00,0.00",,0.00,0.00,,
us election map calculator,,0,"0.00,1.00,0.00,0.00,0.00,0.00,0.00,0.00,0.00,0.00,0.00,0.00",,0.00,0.00,,
us electoral map calculator,,0,"0.00,0.00,0.00,0.00,0.00,0.00,0.00,0.00,0.00,0.00,0.00,0.00",,0.00,0.00,,
us map area calculator,,0,"0.00,0.00,0.00,0.00,0.00,0.00,0.00,0.00,0.00,0.00,0.00,0.00",,0.00,0.00,,
us map mileage calculator,,0,"0.00,0.00,0.00,0.00,0.00,1.00,0.00,0.00,0.00,0.00,0.00,0.00",,0.00,0.00,,
us map with distance calculator,,0,"0.00,0.00,0.00,0.00,0.00,0.00,0.00,0.00,0.00,0.00,0.00,0.00",,0.00,0.00,,
us map with straight line distance calculator,,0,"0.00,0.00,0.00,0.00,0.00,0.00,0.00,0.00,0.00,0.00,0.00,0.00",,0.00,0.00,,
us road map distance calculator,,0,"0.00,0.00,0.00,0.00,0.00,0.00,0.00,0.00,0.00,0.00,0.00,0.00",,0.00,0.00,,
us time zone calculator map,,0,"0.00,0.00,0.00,0.00,0.00,0.00,0.00,0.00,0.00,0.00,0.00,0.00",,0.00,0.00,,
use depth map only to calculate distance bwtween points,,0,"0.00,0.00,0.00,0.00,0.00,0.00,0.00,0.00,0.00,0.00",,0.00,0.00,,
use excel to calculate mad mse rmse and mape,,0,"0.00,0.00,0.00,0.00,0.00,0.00,0.00,0.00,0.00,0.00,0.00,0.00",,0.00,0.00,,
use excel to calculate mape,,0,"0.00,0.00,0.00,0.00,0.00,0.00,0.00,0.00,0.00,0.00,0.00,0.00",,0.00,0.00,,
use google maps api distance calculator php code,,0,"0.00,0.00,0.00,0.00,0.00,0.00,0.00,0.00,0.00,0.00,0.00,0.00",,0.00,0.00,,
use google maps to calculate acreage,,0,"0.00,0.00,0.00,0.00,0.00,0.00,0.00,0.00,0.00,0.00,0.00,0.00",,0.00,0.00,,
use google maps to calculate distance running,,0,"0.00,0.00,0.00,0.00,0.00,0.00,0.00,0.00,0.00,0.00,0.00,0.00",,0.00,0.00,,
use google maps to calculate halfway point,,0,"0.00,0.00,0.00,0.00,0.00,0.00,0.00,0.00,0.00,0.00,0.00,0.00",,0.00,0.00,,
use google maps to calculate population,,0,"0.00,0.00,0.00,0.00,0.00,0.00,0.00,0.00,0.00,0.00,0.00,0.00",,0.00,0.00,,
use google maps to calculate toll charge,,0,"0.00,0.00,0.00,0.00,0.00,0.00,0.00,0.00,0.00,0.00,0.00,0.00",,0.00,0.00,,
use google maps to calculate travel at different times,,0,"0.00,0.00,0.00,0.00,0.00,0.00,0.00,0.00,0.00,0.00,0.00,0.00",,0.00,0.00,,
use google maps to calculate volume of pond,,0,"0.00,0.00,0.00,0.00,0.00,0.00,0.00,0.00,0.00,0.00,0.00,0.00",,0.00,0.00,,
use map reduce to calculate k nearest nei,,0,"0.00,0.00,0.00,0.00,0.00,0.00,0.00,0.00,0.00,0.00,0.00,0.00",,0.00,0.00,,
use map to calculate factorial,,0,"0.00,0.00,0.00,0.00,0.00,0.00,0.00,0.00,0.00,0.00,0.00,0.00",,0.00,0.00,,
use map to calculate factorial javascript,,0,"0.00,0.00,0.00,0.00,0.00,0.00,0.00,0.00,0.00,0.00,0.00,0.00",,0.00,0.00,,
use map to calculate word frequency,,0,"0.00,0.00,0.00,0.00,0.00,0.00,0.00,0.00,0.00,0.00,0.00,0.00",,0.00,0.00,,
use map to calculate word frequency python,,0,"0.00,0.00,0.00,0.00,0.00,0.00,0.00,0.00,0.00,0.00,0.00,0.00",,0.00,0.00,,
usgs earthquake map calculator,,0,"0.00,0.00,0.00,0.00,0.00,0.00,0.00,0.00,0.00,0.00,0.00,0.00",,0.00,0.00,,
usgs maps seismic parameters calculator,,0,"0.00,0.00,0.00,0.00,0.00,0.00,0.00,0.00,0.00,0.00,0.00,0.00",,0.00,0.00,,
using google map api to calculate trip distances,,0,"0.00,0.00,0.00,0.00,0.00,0.00,0.00,0.00,0.00,0.00,0.00,0.00",,0.00,0.00,,
using google maps api to calculate travel time in python,,0,"0.00,0.00,0.00,0.00,0.00,0.00,0.00,0.00,0.00,0.00,0.00,0.00",,0.00,0.00,,
using google maps in mileage calculations,,0,"0.00,0.00,0.00,0.00,0.00,0.00,0.00,0.00,0.00,0.00,0.00,0.00",,0.00,0.00,,
using google maps to calculate acerage,,0,"0.00,0.00,0.00,0.00,0.00,0.00,0.00,0.00,0.00,0.00,0.00,0.00",,0.00,0.00,,
using google maps to calculate delivery distance,,0,"0.00,0.00,0.00,0.00,0.00,0.00,0.00,0.00,0.00,0.00,0.00,0.00",,0.00,0.00,,
using google maps to calculate delivery distance api,,0,"0.00,0.00,0.00,0.00,0.00,0.00,0.00,0.00,0.00,0.00,0.00,0.00",,0.00,0.00,,
using google maps to calculate distance in excel,,0,"0.00,0.00,0.00,0.00,0.00,0.00,0.00,0.00,0.00,0.00,0.00,1.00",,0.00,0.00,,
using google maps to calculate square footage,,0,"0.00,0.00,0.00,0.00,0.00,0.00,0.00,0.00,0.00,0.00,0.00,0.00",,0.00,0.00,,
using google maps to calculate tolls,,0,"0.00,0.00,0.00,0.00,0.00,0.00,0.00,0.00,0.00,0.00,0.00,0.00",,0.00,0.00,,
using google maps to calculate total distance walked,,0,"0.00,0.00,0.00,0.00,0.00,0.00,0.00,0.00,0.00,0.00,0.00,0.00",,0.00,0.00,,
using map to calculate area,,0,"0.00,0.00,0.00,0.00,0.00,0.00,0.00,0.00,0.00,0.00,0.00,0.00",,0.00,0.00,,
using map to calculate word count python,,0,"0.00,0.00,0.00,0.00,0.00,0.00,0.00,0.00,0.00,0.00,0.00,0.00",,0.00,0.00,,
using parallel analysis and velicer's map test calculator,,0,"0.00,0.00,0.00,0.00,0.00,0.00,0.00,0.00,0.00,0.00,0.00,0.00",,0.00,0.00,,
usps service standards map calculates,,0,"0.00,0.00,0.00,0.00,0.00,0.00,0.00,0.00,0.00,0.00,0.00,0.00",,0.00,0.00,,
usps time calculator map,,0,"0.00,0.00,0.00,0.00,0.00,0.00,0.00,0.00,0.00,0.00,0.00,0.00",,0.00,0.00,,
utm map overlay calculator,,0,"0.00,0.00,0.00,0.00,0.00,0.00,0.00,0.00,0.00,0.00,0.00,0.00",,0.00,0.00,,
uttar pradesh road map distance calculator,,0,"0.00,0.00,0.00,0.00,0.00,0.00,0.00,0.00,0.00,0.00,0.00,0.00",,0.00,0.00,,
va maps calculate open pastures,,0,"0.00,0.00,0.00,0.00,0.00,0.00,0.00,0.00,0.00,0.00,0.00,0.00",,0.00,0.00,,
value stream map calculations,,0,"0.00,0.00,0.00,0.00,0.00,0.00,0.00,0.00,0.00,0.00,0.00,0.00",,7.78,0.32,,
value stream mapping calculate c&a,,0,"0.00,0.00,0.00,0.00,0.00,0.00,0.00,0.00,0.00,0.00,0.00,0.00",,0.00,0.00,,
value stream mapping calculate lead time,,0,"0.00,0.00,0.00,0.00,0.00,0.00,0.00,0.00,0.00,0.00,0.00,0.00",,0.00,0.00,,
value stream mapping calculator excel,,0,"0.00,0.00,0.00,0.00,0.00,0.00,0.00,0.00,0.00,0.00,0.00,0.00",,0.00,0.00,,
value stream mapping calculator xls,,0,"0.00,0.00,0.00,0.00,0.00,0.00,0.00,0.00,0.00,1.00,0.00,0.00",,0.00,0.00,,
value stream mapping cycle time calculation,,0,"0.00,0.00,0.00,0.00,0.00,0.00,0.00,0.00,0.00,0.00,0.00,0.00",,0.00,0.00,,
value stream mapping examples with calculations ppt,,0,"1.00,0.00,0.00,0.00,0.00,0.00,0.00,0.00,0.00,0.00,0.00,0.00",,0.00,0.00,,
value stream mapping flow time calculation,,0,"0.00,0.00,0.00,0.00,0.00,0.00,0.00,0.00,0.00,0.00,0.00,0.00",,0.00,0.00,,
value stream mapping how to calculate lead time,,0,"0.00,0.00,0.00,0.00,0.00,0.00,0.00,0.00,0.00,0.00,0.00,0.00",,0.00,0.00,,
value stream mapping involves calculating which three metrics,,0,"0.00,1.00,0.00,0.00,0.00,0.00,0.00,0.00,0.00,0.00,0.00,0.00",,0.00,0.00,,
value stream mapping metrics calculations,,0,"0.00,0.00,0.00,0.00,0.00,0.00,0.00,0.00,0.00,0.00,0.00,0.00",,0.00,0.00,,
value stream mapping metrics include calculations,,0,"0.00,0.00,0.00,0.00,0.00,0.00,0.00,0.00,0.00,0.00,0.00,0.00",,0.00,0.00,,
value stream mapping metrics include calculations of which three metrics,,0,"0.00,0.00,0.00,0.00,0.00,0.00,0.00,0.00,0.00,0.00,0.00,0.00",,0.00,0.00,,
value stream mapping timeline calculations,,0,"0.00,0.00,0.00,0.00,0.00,0.00,0.00,0.00,0.00,0.00,0.00,0.00",,0.00,0.00,,
value stream mapping vsm calculator,,0,"0.00,0.00,0.00,0.00,0.00,0.00,0.00,0.00,0.00,0.00,0.00,0.00",,0.00,0.00,,
value stream mapping wip calculation,,0,"0.00,0.00,0.00,0.00,0.00,0.00,0.00,0.00,0.00,0.00,0.00,0.00",,0.00,0.00,,
ve calculator map,,0,"0.00,0.00,0.00,0.00,0.00,0.00,0.00,0.00,0.00,0.00,0.00,0.00",,0.00,0.00,,
ve map calculator,,0,"0.00,0.00,0.00,0.00,0.00,0.00,0.00,0.00,0.00,0.00,0.00,0.00",,0.00,0.00,,
vector mapping calculator,,0,"0.00,0.00,0.00,0.00,0.00,0.00,0.00,0.00,0.00,0.00,0.00,0.00",,0.00,0.00,,
vems base map calculator,,0,"0.00,0.00,0.00,0.00,0.00,0.00,0.00,0.00,0.00,0.00,0.00,0.00",,0.00,0.00,,
vent map calculator,,0,"0.00,0.00,0.00,0.00,0.00,0.00,0.00,0.00,0.00,0.00,0.00,0.00",,0.00,0.00,,
venus ascendant line map calculator,,0,"0.00,0.00,0.00,0.00,0.00,0.00,0.00,0.00,0.00,0.00,0.00,0.00",,0.00,0.00,,
verdansk map distance calculator,,0,"0.00,0.00,0.00,0.00,0.00,0.00,0.00,0.00,0.00,0.00,0.00,0.00",,0.00,0.00,,
vertical mapping pixel equivalent calculator,,0,"0.00,0.00,0.00,0.00,0.00,0.00,0.00,0.00,0.00,0.00,0.00,0.00",,0.00,0.00,,
view count calculation google maps,,0,"0.00,0.00,0.00,0.00,0.00,0.00,0.00,0.00,0.00,0.00,0.00,0.00",,0.00,0.00,,
vin map time distance calculator,,0,"0.00,0.00,0.00,0.00,0.00,0.00,0.00,0.00,0.00,0.00,0.00,0.00",,0.00,0.00,,
virus map calculator,,0,"0.00,0.00,0.00,0.00,0.00,0.00,0.00,0.00,0.00,0.00,0.00,0.00",,0.00,0.00,,
vla calculate column density from moment map,,0,"0.00,0.00,0.00,0.00,0.00,0.00,0.00,0.00,0.00,0.00,0.00,0.00",,0.00,0.00,,
voc map calculation,,0,"0.00,0.00,0.00,0.00,0.00,0.00,0.00,0.00,0.00,0.00,0.00,0.00",,0.00,0.00,,
void map calculator,,0,"0.00,0.00,0.00,0.00,0.00,0.00,0.00,0.00,0.00,0.00,0.00,0.00",,0.00,0.00,,
volume mapping calculation,,0,"0.00,0.00,0.00,0.00,0.00,0.00",,0.00,0.00,,
volumetric efficiency map calculator,,0,"0.00,0.00,0.00,0.00,0.00,0.00,0.00,0.00,0.00,0.00,0.00,0.00",,0.00,0.00,,
wafer map calculator,,0,"0.00,0.00,0.00,0.00,0.00,0.00,0.00,0.00,0.00,0.00,0.00,0.00",,0.00,0.00,,
walk distance calculator google maps,,0,"0.00,0.00,0.00,0.00,0.00,0.00,0.00,0.00,0.00,0.00,0.00,0.00",,0.62,0.01,,
walk map calculator,,0,"0.00,0.00,0.00,0.00,0.00,0.00,0.00,1.00,0.00,0.00,0.00,0.00",,0.82,0.12,,
walk map miles calculator,,0,"0.00,0.00,0.00,0.00,0.00,0.00,0.00,0.00,0.00,0.00,0.00,0.00",,0.00,0.00,,
walkability calculator map,,0,"0.00,0.00,0.00,0.00,0.00,0.00,0.00,0.00,0.00,0.00,0.00,0.00",,0.00,0.00,,
walkind distance calculator map,,0,"0.00,0.00,0.00,0.00,0.00,0.00,0.00,0.00,0.00,0.00,0.00,0.00",,0.00,0.00,,
walking calculation map,,0,"0.00,0.00,0.00,0.00,0.00,0.00,0.00,0.00,0.00,0.00,0.00,0.00",,0.00,0.00,,
walking calculator map with elevation,,0,"0.00,0.00,0.00,0.00,0.00,0.00,0.00,0.00,0.00,0.00,0.00,0.00",,0.00,0.00,,
walking calorie calculator map,,0,"0.00,0.00,0.00,0.00,0.00,0.00,0.00,0.00,0.00,0.00,0.00,0.00",,0.00,0.00,,
walking distance map calculator google,,0,"0.00,0.00,0.00,1.00,0.00,0.00,0.00,0.00,0.00,0.00,0.00,0.00",,0.00,0.00,,
walking distance time calculator google maps,,0,"0.00,0.00,0.00,0.00,0.00,0.00,0.00,0.00,0.00,0.00,0.00,0.00",,0.00,0.00,,
walking distance time calculator map,,0,"0.00,0.00,0.00,0.00,0.00,0.00,0.00,0.00,0.00,0.00,0.00,0.00",,0.00,0.00,,
walking map distance calculator uk,,0,"0.00,0.00,0.00,0.00,0.00,0.00,0.00,0.00,0.00,0.00,0.00,0.00",,0.00,0.00,,
walking map time calculator,,0,"0.00,0.00,0.00,0.00,0.00,0.00,0.00,0.00,0.00,0.00,0.00,0.00",,0.00,0.00,,
walking mile calculator map,,0,"0.00,0.00,0.00,0.00,0.00,0.00,0.00,0.00,0.00,0.00,0.00,0.00",,0.74,0.06,,
walking miles map calculator,,0,"0.00,0.00,0.00,0.00,0.00,0.00,0.00,0.00,0.00,0.00,0.00,0.00",,0.00,0.00,,
walking time map calculator,,0,"0.00,0.00,0.00,0.00,0.00,0.00,0.00,0.00,0.00,0.00,0.00,0.00",,0.00,0.00,,
warzone map distance calculator,,0,"1.00,0.00,0.00,0.00,0.00,0.00,0.00,0.00,0.00,0.00,0.00,0.00",,0.00,0.00,,
water calculator total use map,,0,"0.00,0.00,0.00,0.00,0.00,0.00,0.00,0.00,0.00,0.00,0.00,0.00",,0.00,0.00,,
water map distance calculator,,0,"0.00,0.00,0.00,0.00,0.00,0.00,0.00,0.00,0.00,0.00,0.00,0.00",,0.00,0.00,,
way to calculate pp on not submitted maps,,0,"0.00,0.00,0.00,0.00,0.00,0.00,0.00,0.00,0.00,0.00,0.00,0.00",,0.00,0.00,,
way to calculate pp on not submitted osu maps,,0,"0.00,0.00,0.00,0.00,0.00,0.00,0.00,0.00,0.00,0.00,0.00,0.00",,0.00,0.00,,
ways to calculate map,,0,"0.00,0.00,0.00,0.00,0.00,0.00,0.00,0.00,0.00,0.00,0.00,0.00",,0.00,0.00,,
waze maps traffic calculator,,0,"0.00,0.00,0.00,0.00,0.00,0.00,0.00,0.00,0.00,0.00,0.00,0.00",,0.00,0.00,,
west bengal road map distance calculator,,0,"0.00,0.00,0.00,0.00,0.00,0.00,0.00,0.00,0.00,0.00,0.00,0.00",,0.00,0.00,,
what are map projections for calculations,,0,"0.00,0.00,0.00,0.00,0.00,0.00,0.00,0.00,0.00,0.00,0.00,0.00",,0.00,0.00,,
what category is the clock map calculator,,0,"0.00,0.00,0.00,0.00,0.00,0.00,0.00,0.00,0.00,0.00,0.00,0.00",,0.00,0.00,,
what does google maps calculate bike speed,,0,"0.00,0.00,0.00,0.00,0.00,0.00,0.00,0.00,0.00,0.00,0.00,0.00",,0.00,0.00,,
what does google maps calculate for speed,,0,"0.00,0.00,0.00,0.00,0.00,0.00,0.00,0.00,0.00,0.00,0.00,0.00",,0.00,0.00,,
what does mape stand for error of demand calculation,,0,"0.00,0.00,0.00,0.00,0.00,0.00,0.00,0.00,0.00,0.00,0.00,0.00",,0.00,0.00,,
what is a map unit and how is it calculated,,0,"0.00,0.00,0.00,0.00,0.00,0.00,0.00,0.00,0.00,0.00,0.00,0.00",,0.00,0.00,,
what is map and calculation,,0,"0.00,0.00,0.00,0.00,0.00,0.00,0.00,0.00,0.00,0.00,0.00,0.00",,0.00,0.00,,
what is map blood pressure calculation,,0,"0.00,0.00,0.00,0.00,0.00,0.00,0.00,0.00,0.00,0.00,0.00,0.00",,0.00,0.00,,
what is map in blood pressure how to calculate it,,0,"0.00,0.00,0.00,0.00,0.00,0.00,0.00,0.00,0.00,0.00,0.00,0.00",,0.00,0.00,,
what is the average speed calculated by google maps,,0,"1.00,0.00,0.00,0.00,0.00,0.00,0.00,0.00,0.00,0.00,0.00,0.00",,0.00,0.00,,
what is the equation to calculate map,,0,"0.00,0.00,0.00,0.00,0.00,0.00,0.00,0.00,0.00,0.00,0.00,0.00",,0.00,0.00,,
what is the formula for calculating map,,0,"0.00,0.00,0.00,0.00,0.00,0.00,0.00,0.00,0.00,0.00,0.00,0.00",,0.00,0.00,,
what kind of map projection is best for calculating directions,,0,"0.00,0.00,0.00,0.00,0.00,0.00,0.00,0.00,0.00,0.00,0.00,0.00",,0.00,0.00,,
what map projection is best for calculating directions,,0,"0.00,0.00,0.00,0.00,0.00,0.00,0.00,0.00,0.00,0.00,0.00,0.00",,0.00,0.00,,
what mile per hour rate is google maps calculating aat,,0,"0.00,0.00,0.00,0.00,0.00,0.00,0.00,0.00,0.00,0.00,0.00,0.00",,0.00,0.00,,
what part of the map is used to calculate distance,,0,"0.00,0.00,0.00,0.00,0.00,0.00,0.00,0.00,0.00,0.00,0.00,0.00",,0.00,0.00,,
what speed does google maps calculate for bicycle,,0,"0.00,0.00,0.00,0.00,0.00,0.00,0.00,0.00,0.00,0.00,0.00,0.00",,0.00,0.00,,
what speed does google maps use for drive time calculations,,0,"0.00,0.00,0.00,0.00,0.00,0.00,0.00,0.00,0.00,0.00,0.00,0.00",,0.00,0.00,,
what speed does google maps use to calculate time,,0,"0.00,0.00,0.00,0.00,0.00,0.00,0.00,0.00,0.00,0.00,0.00,0.00",,0.00,0.00,,
what two values are needed to calculate map,,0,"0.00,0.00,0.00,0.00,0.00,0.00,0.00,0.00,0.00,0.00,0.00,0.00",,0.00,0.00,,
when calculating resting map diastole systole,,0,"0.00,0.00,0.00,0.00,0.00,0.00,0.00,0.00,0.00,0.00,0.00,0.00",,0.00,0.00,,
when to calculate map distance,,0,"0.00,0.00,0.00,0.00,0.00,0.00,0.00,0.00,0.00,0.00,0.00,0.00",,0.00,0.00,,
when to calculate map distance genes,,0,"0.00,0.00,0.00,0.00,0.00,0.00,0.00,0.00,0.00,0.00,0.00,0.00",,0.00,0.00,,
where distance calculator in map,,0,"0.00,0.00,0.00,0.00,0.00,0.00,0.00,0.00,0.00,0.00,0.00,0.00",,0.00,0.00,,
where do i get an acreage map calculator,,0,"0.00,0.00,0.00,0.00,0.00,0.00,0.00,0.00,0.00,0.00,0.00,0.00",,0.00,0.00,,
where is distance calculator on google map,,0,"0.00,0.00,0.00,0.00,0.00,0.00,0.00,0.00,0.00,0.00,0.00,0.00",,0.00,0.00,,
which map app can you calculate run length,,0,"0.00,0.00,0.00,0.00,0.00,0.00,0.00,0.00,0.00,0.00,0.00,0.00",,0.00,0.00,,
which map is best for calculating directions,,0,"0.00,0.00,0.00,0.00,0.00,0.00,0.00,0.00,0.00,0.00,0.00,0.00",,0.00,0.00,,
which mapping file does cms use to calculate risk score,,0,"0.00,0.00,0.00,0.00,0.00,0.00,0.00,0.00,0.00,0.00,0.00,0.00",,0.00,0.00,,
why can t google maps calculate directions,,0,"0.00,0.00,0.00,0.00,0.00,0.00,0.00,0.00,0.00,0.00,0.00,0.00",,0.00,0.00,,
why can't google maps calculate directions by bus,,0,"0.00,0.00,0.00,0.00,0.00,0.00,0.00,0.00,0.00,0.00,0.00,0.00",,0.00,0.00,,
why can't google maps calculate route to south america,,0,"0.00,0.00,0.00,0.00,0.00,0.00,0.00,0.00,0.00,0.00,0.00,0.00",,0.00,0.00,,
why can't google maps sometimes calculate travel time,,0,"0.00,0.00,0.00,0.00,0.00,0.00,0.00,0.00,0.00,0.00,0.00,0.00",,0.00,0.00,,
why cant google maps calculate the route,,0,"0.00,0.00,0.00,0.00,0.00,0.00,0.00,0.00,0.00,0.00,0.00,0.00",,0.00,0.00,,
why doesn't google maps calculate tolls,,0,"0.00,0.00,0.00,0.00,0.00,0.00,0.00,0.00,0.00,0.00,0.00,0.00",,0.00,0.00,,
why doesnt google maps calculate tolls,,0,"0.00,0.00,0.00,0.00,0.00,0.00,0.00,0.00,0.00,0.00,0.00,0.00",,0.00,0.00,,
why google maps can't calculate directions,,0,"0.00,0.00,0.00,0.00,0.00,0.00,0.00,0.00,0.00,0.00,0.00,0.00",,0.00,0.00,,
why google maps can't calculate directions from oregon to washington,,0,"0.00,0.00,0.00,0.00,0.00,0.00,0.00,0.00,0.00,0.00,0.00,0.00",,0.00,0.00,,
why if goofle maps not calculating my route,,0,"0.00,0.00,0.00,0.00,0.00,0.00,0.00,0.00,0.00,0.00,0.00,0.00",,0.00,0.00,,
why is acrmap not calculating map algebra,,0,"0.00,0.00,0.00,0.00,0.00,0.00,0.00,0.00,0.00,0.00,0.00,0.00",,0.00,0.00,,
why is arcmap not calculating map algebra,,0,"0.00,0.00,0.00,0.00,0.00,0.00,0.00,0.00,0.00,0.00,0.00,0.00",,0.00,0.00,,
why is google maps not calculating transit directions,,0,"0.00,0.00,0.00,0.00,0.00,0.00,0.00,0.00,0.00,0.00,0.00,0.00",,0.00,0.00,,
why is google maps unable to calculate driving directions 2018,,0,"0.00,0.00,0.00,0.00,0.00,0.00,0.00,0.00,0.00,0.00,0.00,0.00",,0.00,0.00,,
why is google maps unable to calculate transit directions 2018,,0,"0.00,0.00,0.00,0.00,0.00,0.00,0.00,0.00,0.00,0.00,0.00,0.00",,0.00,0.00,,
why is goole maps saying cannot calculate directions,,0,"0.00,0.00,0.00,0.00,0.00,0.00,0.00,0.00,0.00,0.00,0.00,0.00",,0.00,0.00,,
why is latency between map and cap calculated differently,,0,"0.00,0.00,0.00,0.00,0.00,0.00,0.00,0.00,0.00,0.00,0.00,0.00",,0.00,0.00,,
why is map calculated the way it is,,0,"0.00,0.00,0.00,0.00,0.00,0.00,0.00,0.00,0.00,0.00,0.00,0.00",,0.00,0.00,,
why is map is not calculated as sap dap 2,,0,"0.00,0.00,0.00,0.00,0.00,0.00,0.00,0.00,0.00,0.00,0.00,0.00",,0.00,0.00,,
why is the map calculated the way it is,,0,"0.00,0.00,0.00,0.00,0.00,0.00,0.00,0.00,0.00,0.00,0.00,0.00",,0.00,0.00,,
why won t google maps calculate directions,,0,"0.00,0.00,0.00,0.00,0.00,0.00,0.00,0.00,0.00,0.00,0.00,0.00",,0.00,0.00,,
why wont google maps calculate route,,0,"0.00,0.00,0.00,0.00,0.00,0.00,0.00,0.00,0.00,0.00,0.00,0.00",,0.00,0.00,,
wifi coverage map calculator,,0,"0.00,0.00,0.00,0.00,0.00,0.00,0.00,0.00,0.00,0.00,0.00,0.00",,0.00,0.00,,
wii button map calculator download,,0,"0.00,0.00,0.00,0.00,0.00,0.00,0.00,0.00,0.00,0.00,0.00,0.00",,0.00,0.00,,
will google maps calculate tolls,,0,"0.00,0.00,0.00,0.00,0.00,0.00,0.00,0.00,0.00,0.00,0.00,0.00",,0.00,0.00,,
will map my run calculate elevation,,0,"0.00,0.00,0.00,0.00,0.00,0.00,0.00,0.00,0.00,0.00,0.00,0.00",,0.00,0.00,,
wind direction calculator map,,0,"0.00,0.00,0.00,0.00,0.00,0.00,0.00,0.00,0.00,0.00,0.00,0.00",,0.00,0.00,,
wind speed calculator map,,0,"0.00,0.00,0.00,0.00,0.00,0.00,0.00,0.00,0.00,0.00,0.00,0.00",,0.00,0.00,,
windows 10 calculator mapping,,0,"0.00,0.00,0.00,0.00,0.00,0.00,0.00,0.00,0.00,0.00,0.00,0.00",,0.00,0.00,,
wireless link calculator map,,0,"0.00,0.00,0.00,0.00,0.00,0.00,0.00,0.00,0.00,0.00,0.00,0.00",,0.00,0.00,,
working calculator in minecraft map,,0,"0.00,0.00,0.00,0.00,0.00,0.00,0.00,0.00,0.00,0.00,0.00,0.00",,0.00,0.00,,
workout calculator map my run,,0,"0.00,0.00,0.00,0.00,0.00,0.00,0.00,0.00,0.00,0.00,0.00,0.00",,0.00,0.00,,
world map distnace calculator,,0,"0.00,0.00,0.00,0.00,0.00,0.00,0.00,0.00,0.00,0.00,0.00,0.00",,0.00,0.00,,
world map graphing calculator,,0,"1.00,0.00,0.00,0.00,0.00,0.00,0.00,0.00,0.00,0.00,0.00",,0.00,0.00,,
world map miles calculator,,0,"0.00,0.00,0.00,0.00,0.00,0.00,0.00,0.00,0.00,0.00,0.00,0.00",,0.00,0.00,,
world map scale calculator,,0,"0.00,0.00,0.00,0.00,0.00,0.00,0.00,0.00,0.00,0.00,0.00,0.00",,0.00,0.00,,
world map with distance calculator,,0,"0.00,0.00,0.00,0.00,0.00,0.00,0.00,0.00,1.00,0.00,0.00,0.00",,0.00,0.00,,
world of tanks map distance calculation chart,,0,"1.00,0.00,0.00,0.00,0.00,0.00,0.00,0.00,0.00",,0.00,0.00,,
world time calculator map,,0,"0.00,0.00,0.00,0.00,0.00,0.00,0.00,0.00,0.00,0.00,0.00,0.00",,0.00,0.00,,
wot map distance calculator,,0,"1.00,0.00,0.00,0.00,0.00,0.00,0.00,0.00,0.00",,0.00,0.00,,
write a function using k map calculator,,0,"0.00,0.00,0.00,0.00,0.00,0.00,0.00,0.00,0.00,0.00,0.00,0.00",,0.00,0.00,,
wrx base map calculator,,0,"0.00,0.00,0.00,0.00,0.00,0.00,0.00,0.00,0.00,0.00,0.00,0.00",,0.00,0.00,,
ww google maps area calculator tools,,0,"0.00,0.00,0.00,0.00,0.00,0.00,0.00,0.00,0.00,0.00,0.00,0.00",,0.00,0.00,,
www daft logic com projects google maps distance calculator htm,,0,"0.00,0.00,0.00,0.00,0.00,0.00,0.00,0.00,0.00,0.00,0.00,0.00",,0.00,0.00,,
www india road distance calculator map,,0,"0.00,0.00,0.00,0.00,0.00,0.00,0.00,0.00,0.00,0.00,0.00,0.00",,0.00,0.00,,
yahoo map distance calculator,,0,"0.00,0.00,0.00,0.00,0.00,0.00,0.00,0.00,0.00,0.00,0.00,0.00",,0.00,0.00,,
yahoo maps driving distance calculator,,0,"0.00,0.00,0.00,0.00,0.00,0.00,0.00,0.00,0.00,0.00,0.00,0.00",,0.00,0.00,,
yahoo maps gas calculator,,0,"0.00,0.00,0.00,0.00,0.00,0.00,0.00,0.00,0.00,0.00,0.00,0.00",,0.00,0.00,,
yard size calculator map,,0,"0.00,0.00,0.00,0.00,0.00,0.00,0.00,0.00,0.00,0.00,0.00,0.00",,0.00,0.00,,
yardage calculator map tool,,0,"0.00,0.00,0.00,0.00,0.00,0.00,0.00,0.00,0.00,0.00,0.00,0.00",,0.00,0.00,,
yellow pages maps distance calculator,,0,"0.00,0.00,0.00,0.00,0.00,0.00,0.00,0.00,0.00,0.00,0.00,0.00",,0.00,0.00,,
zap map journey calculator,,0,"0.00,0.00,0.00,0.00,0.00,0.00,0.00,0.00,0.00,0.00,0.00,0.00",,0.00,0.00,,
zip code radius map calculator,,0,"0.00,0.00,0.00,0.00,0.00,0.00,0.00,0.00,0.00,0.00,0.00,0.00",,0.00,0.00,,
zone calculator usps map,,0,"0.00,0.00,0.00,0.00,0.00,0.00,0.00,0.00,0.00,0.00,0.00,0.00",,0.00,0.00,,
zonnepanelen calculator google maps,,0,"0.00,0.00,0.00,0.00,0.00,0.00,0.00,0.00,0.00,0.00,0.00,0.00",,0.00,0.00,,
